DEPTH = 30464;
WIDTH = 16;

ADDRESS_RADIX = HEX;
DATA_RADIX = HEX;

CONTENT
BEGIN
0: 0000;
1: 0000;
2: 0000;
3: 0000;
4: 0000;
5: 0000;
6: 0000;
7: 0000;
8: 0000;
9: 0000;
a: 0000;
b: 0000;
c: 0000;
d: 0000;
e: 0000;
f: 0000;
10: 0000;
11: 0000;
12: 0000;
13: 0000;
14: 0000;
15: 0000;
16: 0000;
17: 0000;
18: 0000;
19: 0000;
1a: 0000;
1b: 0000;
1c: 0000;
1d: 0000;
1e: 0000;
1f: 0000;
20: 0000;
21: 0000;
22: 0000;
23: 0000;
24: 0000;
25: 0000;
26: 0000;
27: 0000;
28: 0000;
29: 0000;
2a: 0000;
2b: 0000;
2c: 0000;
2d: 0000;
2e: 0000;
2f: 0000;
30: 0000;
31: 0000;
32: 0000;
33: 0000;
34: 0000;
35: 0000;
36: 0000;
37: 0000;
38: 0000;
39: 0000;
3a: 0000;
3b: 0000;
3c: 0000;
3d: 0000;
3e: 0000;
3f: 0000;
40: 0000;
41: 0000;
42: 0000;
43: 0000;
44: 0000;
45: 0000;
46: 0000;
47: 0000;
48: 0000;
49: 0000;
4a: 0000;
4b: 0000;
4c: 0000;
4d: 0000;
4e: 0000;
4f: 0000;
50: 0000;
51: 0000;
52: 0000;
53: 0000;
54: 0000;
55: 0000;
56: 0000;
57: 0000;
58: 0000;
59: 0000;
5a: 0000;
5b: 0000;
5c: 0000;
5d: 0000;
5e: 0000;
5f: 0000;
60: 0000;
61: 0000;
62: 0000;
63: 0000;
64: 0000;
65: 0000;
66: 0000;
67: 0000;
68: 0000;
69: 0000;
6a: 0000;
6b: 0000;
6c: 0000;
6d: 0000;
6e: 0000;
6f: 0000;
70: 0000;
71: 0000;
72: 0000;
73: 0000;
74: 0000;
75: 0000;
76: 0000;
77: 0000;
78: 0000;
79: 0000;
7a: 0000;
7b: 0000;
7c: 0000;
7d: 0000;
7e: 0000;
7f: 0000;
80: 0000;
81: 0000;
82: 0000;
83: 0000;
84: 0000;
85: 0000;
86: 0000;
87: 0000;
88: 0000;
89: 0000;
8a: 0000;
8b: 0000;
8c: 0000;
8d: 0000;
8e: 0000;
8f: 0000;
90: 0000;
91: 0000;
92: 0000;
93: 0000;
94: 0000;
95: 0000;
96: 0000;
97: 0000;
98: 0000;
99: 0000;
9a: 0000;
9b: 0000;
9c: 0000;
9d: 0000;
9e: 0000;
9f: 0000;
a0: 0000;
a1: 0000;
a2: 0000;
a3: 0000;
a4: 0000;
a5: 0000;
a6: 0000;
a7: 0000;
a8: 0000;
a9: 0000;
aa: 0000;
ab: 0000;
ac: 0000;
ad: 0000;
ae: 0000;
af: 0000;
b0: 0000;
b1: 0000;
b2: 0000;
b3: 0000;
b4: 0000;
b5: 0000;
b6: 0000;
b7: 0000;
b8: 0000;
b9: 0000;
ba: 0000;
bb: 0000;
bc: 0000;
bd: 0000;
be: 0000;
bf: 0000;
c0: 0000;
c1: 0000;
c2: 0000;
c3: 0000;
c4: 0000;
c5: 0000;
c6: 0000;
c7: 0000;
c8: 0000;
c9: 0000;
ca: 0000;
cb: 0000;
cc: 0000;
cd: 0000;
ce: 0000;
cf: 0000;
d0: 0000;
d1: 0000;
d2: 0000;
d3: 0000;
d4: 0000;
d5: 0000;
d6: 0000;
d7: 0000;
d8: 0000;
d9: 0000;
da: 0000;
db: 0000;
dc: 0000;
dd: 0000;
de: 0000;
df: 0000;
e0: 0000;
e1: 0000;
e2: 0000;
e3: 0000;
e4: 0000;
e5: 0000;
e6: 0000;
e7: 0000;
e8: 0000;
e9: 0000;
ea: 0000;
eb: 0000;
ec: 0000;
ed: 0000;
ee: 0000;
ef: 0000;
f0: 0000;
f1: 0000;
f2: 0000;
f3: 0000;
f4: 0000;
f5: 0000;
f6: 0000;
f7: 0000;
f8: 0000;
f9: 0000;
fa: 0000;
fb: 0000;
fc: 0000;
fd: 0000;
fe: 0000;
ff: 0000;
100: 0000;
101: 0000;
102: 0000;
103: 0000;
104: 0000;
105: 0000;
106: 0000;
107: 0000;
108: 0000;
109: 0000;
10a: 0000;
10b: 0000;
10c: 0000;
10d: 0000;
10e: 0000;
10f: 0000;
110: 0000;
111: 0000;
112: 0000;
113: 0000;
114: 0000;
115: 0000;
116: 0000;
117: 0000;
118: 0000;
119: 0000;
11a: 0000;
11b: 0000;
11c: 0000;
11d: 0000;
11e: 0000;
11f: 0000;
120: 0000;
121: 0000;
122: 0000;
123: 0000;
124: 0000;
125: 0000;
126: 0000;
127: 0000;
128: 0000;
129: 0000;
12a: 0000;
12b: 0000;
12c: 0000;
12d: 0000;
12e: 0000;
12f: 0000;
130: 0000;
131: 0000;
132: 0000;
133: 0000;
134: 0000;
135: 0000;
136: 0000;
137: 0000;
138: 0000;
139: 0000;
13a: 0000;
13b: 0000;
13c: 0000;
13d: 0000;
13e: 0000;
13f: 0000;
140: 0000;
141: 0000;
142: 0000;
143: 0000;
144: 0000;
145: 0000;
146: 0000;
147: 0000;
148: 0000;
149: 0000;
14a: 0000;
14b: 0000;
14c: 0000;
14d: 0000;
14e: 0000;
14f: 0000;
150: 0000;
151: 0000;
152: 0000;
153: 0000;
154: 0000;
155: 0000;
156: 0000;
157: 0000;
158: 0000;
159: 0000;
15a: 0000;
15b: 0000;
15c: 0000;
15d: 0000;
15e: 0000;
15f: 0000;
160: 0000;
161: 0000;
162: 0000;
163: 0000;
164: 0000;
165: 0000;
166: 0000;
167: 0000;
168: 0000;
169: 0000;
16a: 0000;
16b: 0000;
16c: 0000;
16d: 0000;
16e: 0000;
16f: 0000;
170: 0000;
171: 0000;
172: 0000;
173: 0000;
174: 0000;
175: 0000;
176: 0000;
177: 0000;
178: 0000;
179: 0000;
17a: 0000;
17b: 0000;
17c: 0000;
17d: 0000;
17e: 0000;
17f: 0000;
180: 0000;
181: 0000;
182: 0000;
183: 0000;
184: 0000;
185: 0000;
186: 0000;
187: 0000;
188: 0000;
189: 0000;
18a: 0000;
18b: 0000;
18c: 0000;
18d: 0000;
18e: 0000;
18f: 0000;
190: 0000;
191: 0000;
192: 0000;
193: 0000;
194: 0000;
195: 0000;
196: 0000;
197: 0000;
198: 0000;
199: 0000;
19a: 0000;
19b: 0000;
19c: 0000;
19d: 0000;
19e: 0000;
19f: 0000;
1a0: 0000;
1a1: 0000;
1a2: 0000;
1a3: 0000;
1a4: 0000;
1a5: 0000;
1a6: 0000;
1a7: 0000;
1a8: 0000;
1a9: 0000;
1aa: 0000;
1ab: 0000;
1ac: 0000;
1ad: 0000;
1ae: 0000;
1af: 0000;
1b0: 0000;
1b1: 0000;
1b2: 0000;
1b3: 0000;
1b4: 0000;
1b5: 0000;
1b6: 0000;
1b7: 0000;
1b8: 0000;
1b9: 0000;
1ba: 0000;
1bb: 0000;
1bc: 0000;
1bd: 0000;
1be: 0000;
1bf: 0000;
1c0: 0000;
1c1: 0000;
1c2: 0000;
1c3: 0000;
1c4: 0000;
1c5: 0000;
1c6: 0000;
1c7: 0000;
1c8: 0000;
1c9: 0000;
1ca: 0000;
1cb: 0000;
1cc: 0000;
1cd: 0000;
1ce: 0000;
1cf: 0000;
1d0: 0000;
1d1: 0000;
1d2: 0000;
1d3: 0000;
1d4: 0000;
1d5: 0000;
1d6: 0000;
1d7: 0000;
1d8: 0000;
1d9: 0000;
1da: 0000;
1db: 0000;
1dc: 0000;
1dd: 0000;
1de: 0000;
1df: 0000;
1e0: 0000;
1e1: 0000;
1e2: 0000;
1e3: 0000;
1e4: 0000;
1e5: 0000;
1e6: 0000;
1e7: 0000;
1e8: 0000;
1e9: 0000;
1ea: 0000;
1eb: 0000;
1ec: 0000;
1ed: 0000;
1ee: 0000;
1ef: 0000;
1f0: 0000;
1f1: 0000;
1f2: 0000;
1f3: 0000;
1f4: 0000;
1f5: 0000;
1f6: 0000;
1f7: 0000;
1f8: 0000;
1f9: 0000;
1fa: 0000;
1fb: 0000;
1fc: 0000;
1fd: 0000;
1fe: 0000;
1ff: 0000;
200: 0000;
201: 0000;
202: 0000;
203: 0000;
204: 0000;
205: 0000;
206: 0000;
207: 0000;
208: 0000;
209: 0000;
20a: 0000;
20b: 0000;
20c: 0000;
20d: 0000;
20e: 0000;
20f: 0000;
210: 0000;
211: 0000;
212: 0000;
213: 0000;
214: 0000;
215: 0000;
216: 0000;
217: 0000;
218: 0000;
219: 0000;
21a: 0000;
21b: 0000;
21c: 0000;
21d: 0000;
21e: 0000;
21f: 0000;
220: 0000;
221: 0000;
222: 0000;
223: 0000;
224: 0000;
225: 0000;
226: 0000;
227: 0000;
228: 0000;
229: 0000;
22a: 0000;
22b: 0000;
22c: 0000;
22d: 0000;
22e: 0000;
22f: 0000;
230: 0000;
231: 0000;
232: 0000;
233: 0000;
234: 0000;
235: 0000;
236: 0000;
237: 0000;
238: 0000;
239: 0000;
23a: 0000;
23b: 0000;
23c: 0000;
23d: 0000;
23e: 0000;
23f: 0000;
240: 0000;
241: 0000;
242: 0000;
243: 0000;
244: 0000;
245: 0000;
246: 0000;
247: 0000;
248: 0000;
249: 0000;
24a: 0000;
24b: 0000;
24c: 0000;
24d: 0000;
24e: 0000;
24f: 0000;
250: 0000;
251: 0000;
252: 0000;
253: 0000;
254: 0000;
255: 0000;
256: 0000;
257: 0000;
258: 0000;
259: 0000;
25a: 0000;
25b: 0000;
25c: 0000;
25d: 0000;
25e: 0000;
25f: 0000;
260: 0000;
261: 0000;
262: 0000;
263: 0000;
264: 0000;
265: 0000;
266: 0000;
267: 0000;
268: 0000;
269: 0000;
26a: 0000;
26b: 0000;
26c: 0000;
26d: 0000;
26e: 0000;
26f: 0000;
270: 0000;
271: 0000;
272: 0000;
273: 0000;
274: 0000;
275: 0000;
276: 0000;
277: 0000;
278: 0000;
279: 0000;
27a: 0000;
27b: 0000;
27c: 0000;
27d: 0000;
27e: 0000;
27f: 0000;
280: 0000;
281: 0000;
282: 0000;
283: 0000;
284: 0000;
285: 0000;
286: 0000;
287: 0000;
288: 0000;
289: 0000;
28a: 0000;
28b: 0000;
28c: 0000;
28d: 0000;
28e: 0000;
28f: 0000;
290: 0000;
291: 0000;
292: 0000;
293: 0000;
294: 0000;
295: 0000;
296: 0000;
297: 0000;
298: 0000;
299: 0000;
29a: 0000;
29b: 0000;
29c: 0000;
29d: 0000;
29e: 0000;
29f: 0000;
2a0: 0000;
2a1: 0000;
2a2: 0000;
2a3: 0000;
2a4: 0000;
2a5: 0000;
2a6: 0000;
2a7: 0000;
2a8: 0000;
2a9: 0000;
2aa: 0000;
2ab: 0000;
2ac: 0000;
2ad: 0000;
2ae: 0000;
2af: 0000;
2b0: 0000;
2b1: 0000;
2b2: 0000;
2b3: 0000;
2b4: 0000;
2b5: 0000;
2b6: 0000;
2b7: 0000;
2b8: 0000;
2b9: 0000;
2ba: 0000;
2bb: 0000;
2bc: 0000;
2bd: 0000;
2be: 0000;
2bf: 0000;
2c0: 0000;
2c1: 0000;
2c2: 0000;
2c3: 0000;
2c4: 0000;
2c5: 0000;
2c6: 0000;
2c7: 0000;
2c8: 0000;
2c9: 0000;
2ca: 0000;
2cb: 0000;
2cc: 0000;
2cd: 0000;
2ce: 0000;
2cf: 0000;
2d0: 0000;
2d1: 0000;
2d2: 0000;
2d3: 0000;
2d4: 0000;
2d5: 0000;
2d6: 0000;
2d7: 0000;
2d8: 0000;
2d9: 0000;
2da: 0000;
2db: 0000;
2dc: 0000;
2dd: 0000;
2de: 0000;
2df: 0000;
2e0: 0000;
2e1: 0000;
2e2: 0000;
2e3: 0000;
2e4: 0000;
2e5: 0000;
2e6: 0000;
2e7: 0000;
2e8: 0000;
2e9: 0000;
2ea: 0000;
2eb: 0000;
2ec: 0000;
2ed: 0000;
2ee: 0000;
2ef: 0000;
2f0: 0000;
2f1: 0000;
2f2: 0000;
2f3: 0000;
2f4: 0000;
2f5: 0000;
2f6: 0000;
2f7: 0000;
2f8: 0000;
2f9: 0000;
2fa: 0000;
2fb: 0000;
2fc: 0000;
2fd: 0000;
2fe: 0000;
2ff: 0000;
300: 0000;
301: 0000;
302: 0000;
303: 0000;
304: 0000;
305: 0000;
306: 0000;
307: 0000;
308: 0000;
309: 0000;
30a: 0000;
30b: 0000;
30c: 0000;
30d: 0000;
30e: 0000;
30f: 0000;
310: 0000;
311: 0000;
312: 0000;
313: 0000;
314: 0000;
315: 0000;
316: 0000;
317: 0000;
318: 0000;
319: 0000;
31a: 0000;
31b: 0000;
31c: 0000;
31d: 0000;
31e: 0000;
31f: 0000;
320: 0000;
321: 0000;
322: 0000;
323: 0000;
324: 0000;
325: 0000;
326: 0000;
327: 0000;
328: 0000;
329: 0000;
32a: 0000;
32b: 0000;
32c: 0000;
32d: 0000;
32e: 0000;
32f: 0000;
330: 0000;
331: 0000;
332: 0000;
333: 0000;
334: 0000;
335: 0000;
336: 0000;
337: 0000;
338: 0000;
339: 0000;
33a: 0000;
33b: 0000;
33c: 0000;
33d: 0000;
33e: 0000;
33f: 0000;
340: 0000;
341: 0000;
342: 0000;
343: 0000;
344: 0000;
345: 0000;
346: 0000;
347: 0000;
348: 0000;
349: 0000;
34a: 0000;
34b: 0000;
34c: 0000;
34d: 0000;
34e: 0000;
34f: 0000;
350: 0000;
351: 0000;
352: 0000;
353: 0000;
354: 0000;
355: 0000;
356: 0000;
357: 0000;
358: 0000;
359: 0000;
35a: 0000;
35b: 0000;
35c: 0000;
35d: 0000;
35e: 0000;
35f: 0000;
360: 0000;
361: 0000;
362: 0000;
363: 0000;
364: 0000;
365: 0000;
366: 0000;
367: 0000;
368: 0000;
369: 0000;
36a: 0000;
36b: 0000;
36c: 0000;
36d: 0000;
36e: 0000;
36f: 0000;
370: 0000;
371: 0000;
372: 0000;
373: 0000;
374: 0000;
375: 0000;
376: 0000;
377: 0000;
378: 0000;
379: 0000;
37a: 0000;
37b: 0000;
37c: 0000;
37d: 0000;
37e: 0000;
37f: 0000;
380: 0000;
381: 0000;
382: 0000;
383: 0000;
384: 0000;
385: 0000;
386: 0000;
387: 0000;
388: 0000;
389: 0000;
38a: 0000;
38b: 0000;
38c: 0000;
38d: 0000;
38e: 0000;
38f: 0000;
390: 0000;
391: 0000;
392: 0000;
393: 0000;
394: 0000;
395: 0000;
396: 0000;
397: 0000;
398: 0000;
399: 0000;
39a: 0000;
39b: 0000;
39c: 0000;
39d: 0000;
39e: 0000;
39f: 0000;
3a0: 0000;
3a1: 0000;
3a2: 0000;
3a3: 0000;
3a4: 0000;
3a5: 0000;
3a6: 0000;
3a7: 0000;
3a8: 0000;
3a9: 0000;
3aa: 0000;
3ab: 0000;
3ac: 0000;
3ad: 0000;
3ae: 0000;
3af: 0000;
3b0: 0000;
3b1: 0000;
3b2: 0000;
3b3: 0000;
3b4: 0000;
3b5: 0000;
3b6: 0000;
3b7: 0000;
3b8: 0000;
3b9: 0000;
3ba: 0000;
3bb: 0000;
3bc: 0000;
3bd: 0000;
3be: 0000;
3bf: 0000;
3c0: 0000;
3c1: 0000;
3c2: 0000;
3c3: 0000;
3c4: 0000;
3c5: 0000;
3c6: 0000;
3c7: 0000;
3c8: 0000;
3c9: 0000;
3ca: 0000;
3cb: 0000;
3cc: 0000;
3cd: 0000;
3ce: 0000;
3cf: 0000;
3d0: 0000;
3d1: 0000;
3d2: 0000;
3d3: 0000;
3d4: 0000;
3d5: 0000;
3d6: 0000;
3d7: 0000;
3d8: 0000;
3d9: 0000;
3da: 0000;
3db: 0000;
3dc: 0000;
3dd: 0000;
3de: 0000;
3df: 0000;
3e0: 0000;
3e1: 0000;
3e2: 0000;
3e3: 0000;
3e4: 0000;
3e5: 0000;
3e6: 0000;
3e7: 0000;
3e8: 0000;
3e9: 0000;
3ea: 0000;
3eb: 0000;
3ec: 0000;
3ed: 0000;
3ee: 0000;
3ef: 0000;
3f0: 0000;
3f1: 0000;
3f2: 0000;
3f3: 0000;
3f4: 0000;
3f5: 0000;
3f6: 0000;
3f7: 0000;
3f8: 0000;
3f9: 0000;
3fa: 0000;
3fb: 0000;
3fc: 0000;
3fd: 0000;
3fe: 0000;
3ff: 0000;
400: 0000;
401: 0000;
402: 0000;
403: 0000;
404: 0000;
405: 0000;
406: 0000;
407: 0000;
408: 0000;
409: 0000;
40a: 0000;
40b: 0000;
40c: 0000;
40d: 0000;
40e: 0000;
40f: 0000;
410: 0000;
411: 0000;
412: 0000;
413: 0000;
414: 0000;
415: 0000;
416: 0000;
417: 0000;
418: 0000;
419: 0000;
41a: 0000;
41b: 0000;
41c: 0000;
41d: 0000;
41e: 0000;
41f: 0000;
420: 0000;
421: 0000;
422: 0000;
423: 0000;
424: 0000;
425: 0000;
426: 0000;
427: 0000;
428: 0000;
429: 0000;
42a: 0000;
42b: 0000;
42c: 0000;
42d: 0000;
42e: 0000;
42f: 0000;
430: 0000;
431: 0000;
432: 0000;
433: 0000;
434: 0000;
435: 0000;
436: 0000;
437: 0000;
438: 0000;
439: 0000;
43a: 0000;
43b: 0000;
43c: 0000;
43d: 0000;
43e: 0000;
43f: 0000;
440: 0000;
441: 0000;
442: 0000;
443: 0000;
444: 0000;
445: 0000;
446: 0000;
447: 0000;
448: 0000;
449: 0000;
44a: 0000;
44b: 0000;
44c: 0000;
44d: 0000;
44e: 0000;
44f: 0000;
450: 0000;
451: 0000;
452: 0000;
453: 0000;
454: 0000;
455: 0000;
456: 0000;
457: 0000;
458: 0000;
459: 0000;
45a: 0000;
45b: 0000;
45c: 0000;
45d: 0000;
45e: 0000;
45f: 0000;
460: 0000;
461: 0000;
462: 0000;
463: 0000;
464: 0000;
465: 0000;
466: 0000;
467: 0000;
468: 0000;
469: 0000;
46a: 0000;
46b: 0000;
46c: 0000;
46d: 0000;
46e: 0000;
46f: 0000;
470: 0000;
471: 0000;
472: 0000;
473: 0000;
474: 0000;
475: 0000;
476: 0000;
477: 0000;
478: 0000;
479: 0000;
47a: 0000;
47b: 0000;
47c: 0000;
47d: 0000;
47e: 0000;
47f: 0000;
480: 0000;
481: 0000;
482: 0000;
483: 0000;
484: 0000;
485: 0000;
486: 0000;
487: 0000;
488: 0000;
489: 0000;
48a: 0000;
48b: 0000;
48c: 0000;
48d: 0000;
48e: 0000;
48f: 0000;
490: 0000;
491: 0000;
492: 0000;
493: 0000;
494: 0000;
495: 0000;
496: 0000;
497: 0000;
498: 0000;
499: 0000;
49a: 0000;
49b: 0000;
49c: 0000;
49d: 0000;
49e: 0000;
49f: 0000;
4a0: 0000;
4a1: 0000;
4a2: 0000;
4a3: 0000;
4a4: 0000;
4a5: 0000;
4a6: 0000;
4a7: 0000;
4a8: 0000;
4a9: 0000;
4aa: 0000;
4ab: 0000;
4ac: 0000;
4ad: 0000;
4ae: 0000;
4af: 0000;
4b0: 0000;
4b1: 0000;
4b2: 0000;
4b3: 0000;
4b4: 0000;
4b5: 0000;
4b6: 0000;
4b7: 0000;
4b8: 0000;
4b9: 0000;
4ba: 0000;
4bb: 0000;
4bc: 0000;
4bd: 0000;
4be: 0000;
4bf: 0000;
4c0: 0000;
4c1: 0000;
4c2: 0000;
4c3: 0000;
4c4: 0000;
4c5: 0000;
4c6: 0000;
4c7: 0000;
4c8: 0000;
4c9: 0000;
4ca: 0000;
4cb: 0000;
4cc: 0000;
4cd: 0000;
4ce: 0000;
4cf: 0000;
4d0: 0000;
4d1: 0000;
4d2: 0000;
4d3: 0000;
4d4: 0000;
4d5: 0000;
4d6: 0000;
4d7: 0000;
4d8: 0000;
4d9: 0000;
4da: 0000;
4db: 0000;
4dc: 0000;
4dd: 0000;
4de: 0000;
4df: 0000;
4e0: 0000;
4e1: 0000;
4e2: 0000;
4e3: 0000;
4e4: 0000;
4e5: 0000;
4e6: 0000;
4e7: 0000;
4e8: 0000;
4e9: 0000;
4ea: 0000;
4eb: 0000;
4ec: 0000;
4ed: 0000;
4ee: 0000;
4ef: 0000;
4f0: 0000;
4f1: 0000;
4f2: 0000;
4f3: 0000;
4f4: 0000;
4f5: 0000;
4f6: 0000;
4f7: 0000;
4f8: 0000;
4f9: 0000;
4fa: 0000;
4fb: 0000;
4fc: 0000;
4fd: 0000;
4fe: 0000;
4ff: 0000;
500: 0000;
501: 0000;
502: 0000;
503: 0000;
504: 0000;
505: 0000;
506: 0000;
507: 0000;
508: 0000;
509: 0000;
50a: 0000;
50b: 0000;
50c: 0000;
50d: 0000;
50e: 0000;
50f: 0000;
510: 0000;
511: 0000;
512: 0000;
513: 0000;
514: 0000;
515: 0000;
516: 0000;
517: 0000;
518: 0000;
519: 0000;
51a: 00f0;
51b: 24b1;
51c: 24a2;
51d: 23b2;
51e: 23b2;
51f: 23a2;
520: 23a2;
521: 23a2;
522: 23b2;
523: 23a2;
524: 23a2;
525: 23b2;
526: 23a2;
527: 23a2;
528: 23a2;
529: 23a2;
52a: 23a2;
52b: 23a2;
52c: 23a2;
52d: 23a2;
52e: 23b2;
52f: 23b2;
530: 23a2;
531: 23b2;
532: 23a2;
533: 23a2;
534: 23a2;
535: 23a2;
536: 23a2;
537: 23b2;
538: 23a2;
539: 23a2;
53a: 23b2;
53b: 23b2;
53c: 23a2;
53d: 23a2;
53e: 23a2;
53f: 23b2;
540: 23a2;
541: 23a2;
542: 23a2;
543: 23b2;
544: 23a2;
545: 23a2;
546: 23a2;
547: 23b2;
548: 23a2;
549: 23a2;
54a: 23a2;
54b: 23b2;
54c: 23a2;
54d: 23a2;
54e: 23b2;
54f: 23b2;
550: 23a2;
551: 23b2;
552: 23a2;
553: 23a2;
554: 23a2;
555: 23a2;
556: 23a2;
557: 23b2;
558: 23a2;
559: 23b2;
55a: 23a2;
55b: 23b2;
55c: 23a2;
55d: 23b2;
55e: 23a2;
55f: 23b2;
560: 23a2;
561: 23b2;
562: 23b2;
563: 23b2;
564: 23a2;
565: 23a2;
566: 23a2;
567: 23b2;
568: 23a2;
569: 23b2;
56a: 23a2;
56b: 23b2;
56c: 23a2;
56d: 23b2;
56e: 23a2;
56f: 23b2;
570: 23a2;
571: 23b2;
572: 23a2;
573: 24a2;
574: 23a1;
575: 0000;
576: 0000;
577: 0000;
578: 0000;
579: 0000;
57a: 0000;
57b: 0000;
57c: 0000;
57d: 0000;
57e: 0000;
57f: 0000;
580: 0000;
581: 0000;
582: 0000;
583: 0000;
584: 0000;
585: 0000;
586: 0000;
587: 0000;
588: 0000;
589: 0000;
58a: 0000;
58b: 0000;
58c: 0000;
58d: 0000;
58e: 0000;
58f: 0000;
590: 0000;
591: 0000;
592: 0000;
593: 0000;
594: 0000;
595: 0000;
596: 0000;
597: 0000;
598: 0000;
599: 0000;
59a: 0000;
59b: 0000;
59c: 0000;
59d: 0000;
59e: 0000;
59f: 0000;
5a0: 13a1;
5a1: 24a2;
5a2: 23a2;
5a3: 23b2;
5a4: 23a2;
5a5: 23a2;
5a6: 23a2;
5a7: 23b2;
5a8: 23a2;
5a9: 23b2;
5aa: 23a2;
5ab: 23b2;
5ac: 23a2;
5ad: 23b2;
5ae: 23a2;
5af: 23b2;
5b0: 23b2;
5b1: 23a2;
5b2: 23a2;
5b3: 23a2;
5b4: 23b2;
5b5: 23a2;
5b6: 23a2;
5b7: 23a2;
5b8: 23a2;
5b9: 23b2;
5ba: 23a2;
5bb: 23a2;
5bc: 23a2;
5bd: 23b2;
5be: 23b2;
5bf: 23a2;
5c0: 23a2;
5c1: 23b2;
5c2: 23a2;
5c3: 23a2;
5c4: 23a2;
5c5: 23a2;
5c6: 23b2;
5c7: 23a2;
5c8: 23a2;
5c9: 23b2;
5ca: 23a2;
5cb: 23a2;
5cc: 23a2;
5cd: 23b2;
5ce: 23b2;
5cf: 23a2;
5d0: 23b2;
5d1: 23a2;
5d2: 23a2;
5d3: 23a2;
5d4: 24b2;
5d5: 23a1;
5d6: 23a1;
5d7: 2490;
5d8: 0070;
5d9: 0000;
5da: 0000;
5db: 0000;
5dc: 0000;
5dd: 0000;
5de: 0000;
5df: 0000;
5e0: 0000;
5e1: 0000;
5e2: 0000;
5e3: 0000;
5e4: 0000;
5e5: 0000;
5e6: 0000;
5e7: 0000;
5e8: 0000;
5e9: 0000;
5ea: 0000;
5eb: 0000;
5ec: 0000;
5ed: 0000;
5ee: 0000;
5ef: 0000;
5f0: 0000;
5f1: 0000;
5f2: 0000;
5f3: 0000;
5f4: 0000;
5f5: 0000;
5f6: 0000;
5f7: 0000;
5f8: 0000;
5f9: 0000;
5fa: 0000;
5fb: 0000;
5fc: 0000;
5fd: 0000;
5fe: 0000;
5ff: 0000;
600: 0000;
601: 0000;
602: 0000;
603: 0000;
604: 0000;
605: 0000;
606: 0000;
607: 0000;
608: 0000;
609: 0000;
60a: 0000;
60b: 0000;
60c: 0000;
60d: 0000;
60e: 0000;
60f: 0000;
610: 0000;
611: 0000;
612: 0000;
613: 0000;
614: 0000;
615: 0000;
616: 0000;
617: 0000;
618: 0000;
619: 0000;
61a: 23a2;
61b: 23ab;
61c: 23bc;
61d: 23ac;
61e: 23ac;
61f: 23ac;
620: 23ac;
621: 23ac;
622: 23ac;
623: 23ac;
624: 23ac;
625: 23ac;
626: 23ac;
627: 23ac;
628: 23ac;
629: 23ac;
62a: 23ac;
62b: 23ac;
62c: 23ac;
62d: 23ac;
62e: 23ac;
62f: 23ac;
630: 23ac;
631: 23ac;
632: 23ac;
633: 23ac;
634: 23ac;
635: 23ac;
636: 23ac;
637: 23ac;
638: 23ac;
639: 23ac;
63a: 23ac;
63b: 23ac;
63c: 23ac;
63d: 23ac;
63e: 23ac;
63f: 23ac;
640: 23ac;
641: 23ac;
642: 23ac;
643: 23ac;
644: 23ac;
645: 23ac;
646: 23ac;
647: 23ac;
648: 23ac;
649: 23ac;
64a: 23ac;
64b: 23ac;
64c: 23ac;
64d: 23ac;
64e: 23ac;
64f: 23ac;
650: 23ac;
651: 23ac;
652: 23ac;
653: 23ac;
654: 23ac;
655: 23ac;
656: 23ac;
657: 23ac;
658: 23ac;
659: 23ac;
65a: 23ac;
65b: 23ac;
65c: 23ac;
65d: 23ac;
65e: 23ac;
65f: 23ac;
660: 23ac;
661: 23ac;
662: 23ac;
663: 23ac;
664: 23ac;
665: 23ac;
666: 23ac;
667: 23ac;
668: 23ac;
669: 23ac;
66a: 23ac;
66b: 23ac;
66c: 23ac;
66d: 23ac;
66e: 23ac;
66f: 23ac;
670: 23ac;
671: 23ac;
672: 23ac;
673: 23bc;
674: 23aa;
675: 24a1;
676: 0000;
677: 0000;
678: 0000;
679: 0000;
67a: 0000;
67b: 0000;
67c: 0000;
67d: 0000;
67e: 0000;
67f: 0000;
680: 0000;
681: 0000;
682: 0000;
683: 0000;
684: 0000;
685: 0000;
686: 0000;
687: 0000;
688: 0000;
689: 0000;
68a: 0000;
68b: 0000;
68c: 0000;
68d: 0000;
68e: 0000;
68f: 0000;
690: 0000;
691: 0000;
692: 0000;
693: 0000;
694: 0000;
695: 0000;
696: 0000;
697: 0000;
698: 0000;
699: 0000;
69a: 0000;
69b: 0000;
69c: 0000;
69d: 0000;
69e: 0000;
69f: 23a1;
6a0: 23a9;
6a1: 23bc;
6a2: 23ac;
6a3: 23ac;
6a4: 23ac;
6a5: 23ac;
6a6: 23ac;
6a7: 23ac;
6a8: 23ac;
6a9: 23ac;
6aa: 23ac;
6ab: 23ac;
6ac: 23ac;
6ad: 23ac;
6ae: 23ac;
6af: 23ac;
6b0: 23ac;
6b1: 23ac;
6b2: 23ac;
6b3: 23ac;
6b4: 23ac;
6b5: 23ac;
6b6: 23ac;
6b7: 23ac;
6b8: 23ac;
6b9: 23ac;
6ba: 23ac;
6bb: 23ac;
6bc: 23ac;
6bd: 23ac;
6be: 23ac;
6bf: 23ac;
6c0: 23ac;
6c1: 23ac;
6c2: 23ac;
6c3: 23ac;
6c4: 23ac;
6c5: 23ac;
6c6: 23ac;
6c7: 23ac;
6c8: 23ac;
6c9: 23ac;
6ca: 23ac;
6cb: 23ac;
6cc: 23ac;
6cd: 23ac;
6ce: 23ac;
6cf: 23ac;
6d0: 23ac;
6d1: 23ac;
6d2: 23ac;
6d3: 23ac;
6d4: 23ac;
6d5: 23ac;
6d6: 23ab;
6d7: 23aa;
6d8: 23aa;
6d9: 23a9;
6da: 23a8;
6db: 23a6;
6dc: 23a4;
6dd: 24b2;
6de: 24b0;
6df: 0000;
6e0: 0000;
6e1: 0000;
6e2: 0000;
6e3: 0000;
6e4: 0000;
6e5: 0000;
6e6: 0000;
6e7: 0000;
6e8: 0000;
6e9: 0000;
6ea: 0000;
6eb: 0000;
6ec: 0000;
6ed: 0000;
6ee: 0000;
6ef: 0000;
6f0: 0000;
6f1: 0000;
6f2: 0000;
6f3: 0000;
6f4: 0000;
6f5: 0000;
6f6: 0000;
6f7: 0000;
6f8: 0000;
6f9: 0000;
6fa: 0000;
6fb: 0000;
6fc: 0000;
6fd: 0000;
6fe: 0000;
6ff: 0000;
700: 0000;
701: 0000;
702: 0000;
703: 0000;
704: 0000;
705: 0000;
706: 0000;
707: 0000;
708: 0000;
709: 0000;
70a: 0000;
70b: 0000;
70c: 0000;
70d: 0000;
70e: 0000;
70f: 0000;
710: 0000;
711: 0000;
712: 0000;
713: 0000;
714: 0000;
715: 0000;
716: 0000;
717: 0000;
718: 0000;
719: 0000;
71a: 23a5;
71b: 23af;
71c: 24bf;
71d: 24bf;
71e: 24bf;
71f: 24bf;
720: 24bf;
721: 24bf;
722: 24bf;
723: 24bf;
724: 24bf;
725: 24bf;
726: 24bf;
727: 24bf;
728: 24bf;
729: 24bf;
72a: 24bf;
72b: 24bf;
72c: 24bf;
72d: 24bf;
72e: 24bf;
72f: 24bf;
730: 24bf;
731: 24bf;
732: 24bf;
733: 24bf;
734: 24bf;
735: 24bf;
736: 24bf;
737: 24bf;
738: 24bf;
739: 24bf;
73a: 24bf;
73b: 24bf;
73c: 24bf;
73d: 24bf;
73e: 24bf;
73f: 24bf;
740: 24bf;
741: 24bf;
742: 24bf;
743: 24bf;
744: 24bf;
745: 24bf;
746: 24bf;
747: 24bf;
748: 24bf;
749: 24bf;
74a: 24bf;
74b: 24bf;
74c: 24bf;
74d: 24bf;
74e: 24bf;
74f: 24bf;
750: 24bf;
751: 24bf;
752: 24bf;
753: 24bf;
754: 24bf;
755: 24bf;
756: 24bf;
757: 24bf;
758: 24bf;
759: 24bf;
75a: 24bf;
75b: 24bf;
75c: 24bf;
75d: 24bf;
75e: 24bf;
75f: 24bf;
760: 24bf;
761: 24bf;
762: 24bf;
763: 24bf;
764: 24bf;
765: 24bf;
766: 24bf;
767: 24bf;
768: 24bf;
769: 24bf;
76a: 24bf;
76b: 24bf;
76c: 24bf;
76d: 24bf;
76e: 24bf;
76f: 24bf;
770: 24bf;
771: 24bf;
772: 24bf;
773: 24bf;
774: 23af;
775: 23b5;
776: 0000;
777: 0000;
778: 0000;
779: 0000;
77a: 0000;
77b: 0000;
77c: 0000;
77d: 0000;
77e: 0000;
77f: 0000;
780: 0000;
781: 0000;
782: 0000;
783: 0000;
784: 0000;
785: 0000;
786: 0000;
787: 0000;
788: 0000;
789: 0000;
78a: 0000;
78b: 0000;
78c: 0000;
78d: 0000;
78e: 0000;
78f: 0000;
790: 0000;
791: 0000;
792: 0000;
793: 0000;
794: 0000;
795: 0000;
796: 0000;
797: 0000;
798: 0000;
799: 0000;
79a: 0000;
79b: 0000;
79c: 0000;
79d: 0000;
79e: 04b0;
79f: 23a9;
7a0: 24bf;
7a1: 24bf;
7a2: 24bf;
7a3: 24bf;
7a4: 24bf;
7a5: 24bf;
7a6: 24bf;
7a7: 24bf;
7a8: 24bf;
7a9: 24bf;
7aa: 24bf;
7ab: 24bf;
7ac: 24bf;
7ad: 24bf;
7ae: 24bf;
7af: 24bf;
7b0: 24bf;
7b1: 24bf;
7b2: 24bf;
7b3: 24bf;
7b4: 24bf;
7b5: 24bf;
7b6: 24bf;
7b7: 24bf;
7b8: 24bf;
7b9: 24bf;
7ba: 24bf;
7bb: 24bf;
7bc: 24bf;
7bd: 24bf;
7be: 24bf;
7bf: 24bf;
7c0: 24bf;
7c1: 24bf;
7c2: 24bf;
7c3: 24bf;
7c4: 24bf;
7c5: 24bf;
7c6: 24bf;
7c7: 24bf;
7c8: 24bf;
7c9: 24bf;
7ca: 24bf;
7cb: 24bf;
7cc: 24bf;
7cd: 24bf;
7ce: 24bf;
7cf: 24bf;
7d0: 24bf;
7d1: 24bf;
7d2: 24bf;
7d3: 24bf;
7d4: 24bf;
7d5: 24bf;
7d6: 24bf;
7d7: 24bf;
7d8: 24bf;
7d9: 24bf;
7da: 24bf;
7db: 23af;
7dc: 23ae;
7dd: 23ad;
7de: 23ac;
7df: 23aa;
7e0: 23a7;
7e1: 23a4;
7e2: 23b2;
7e3: 22a0;
7e4: 0000;
7e5: 0000;
7e6: 0000;
7e7: 0000;
7e8: 0000;
7e9: 0000;
7ea: 0000;
7eb: 0000;
7ec: 0000;
7ed: 0000;
7ee: 0000;
7ef: 0000;
7f0: 0000;
7f1: 0000;
7f2: 0000;
7f3: 0000;
7f4: 0000;
7f5: 0000;
7f6: 0000;
7f7: 0000;
7f8: 0000;
7f9: 0000;
7fa: 0000;
7fb: 0000;
7fc: 0000;
7fd: 0000;
7fe: 0000;
7ff: 0000;
800: 0000;
801: 0000;
802: 0000;
803: 0000;
804: 0000;
805: 0000;
806: 0000;
807: 0000;
808: 0000;
809: 0000;
80a: 0000;
80b: 0000;
80c: 0000;
80d: 0000;
80e: 0000;
80f: 0000;
810: 0000;
811: 0000;
812: 0000;
813: 0000;
814: 0000;
815: 0000;
816: 0000;
817: 0000;
818: 0000;
819: 0000;
81a: 23a8;
81b: 24bf;
81c: 23bf;
81d: 23af;
81e: 23af;
81f: 23af;
820: 23af;
821: 23af;
822: 23af;
823: 23af;
824: 23af;
825: 23af;
826: 23af;
827: 23af;
828: 23af;
829: 23af;
82a: 23af;
82b: 23af;
82c: 23af;
82d: 23af;
82e: 23af;
82f: 23af;
830: 23af;
831: 23af;
832: 23af;
833: 23af;
834: 23af;
835: 23af;
836: 23af;
837: 23af;
838: 23af;
839: 23af;
83a: 23af;
83b: 23af;
83c: 23af;
83d: 23af;
83e: 23af;
83f: 23af;
840: 23af;
841: 23af;
842: 23af;
843: 23af;
844: 23af;
845: 23af;
846: 23af;
847: 23af;
848: 23af;
849: 23af;
84a: 23af;
84b: 23af;
84c: 23af;
84d: 23af;
84e: 23af;
84f: 23af;
850: 23af;
851: 23af;
852: 23af;
853: 23af;
854: 23af;
855: 23af;
856: 23af;
857: 23af;
858: 23af;
859: 23af;
85a: 23af;
85b: 23af;
85c: 23af;
85d: 23af;
85e: 23af;
85f: 23af;
860: 23af;
861: 23af;
862: 23af;
863: 23af;
864: 23af;
865: 23af;
866: 23af;
867: 23af;
868: 23af;
869: 23af;
86a: 23af;
86b: 23af;
86c: 23af;
86d: 23af;
86e: 23af;
86f: 23af;
870: 23af;
871: 23af;
872: 23af;
873: 23bf;
874: 24bf;
875: 23a9;
876: 0000;
877: 0000;
878: 0000;
879: 0000;
87a: 0000;
87b: 0000;
87c: 0000;
87d: 0000;
87e: 0000;
87f: 0000;
880: 0000;
881: 0000;
882: 0000;
883: 0000;
884: 0000;
885: 0000;
886: 0000;
887: 0000;
888: 0000;
889: 0000;
88a: 0000;
88b: 0000;
88c: 0000;
88d: 0000;
88e: 0000;
88f: 0000;
890: 0000;
891: 0000;
892: 0000;
893: 0000;
894: 0000;
895: 0000;
896: 0000;
897: 0000;
898: 0000;
899: 0000;
89a: 0000;
89b: 0000;
89c: 0000;
89d: 0000;
89e: 23a7;
89f: 23bf;
8a0: 24bf;
8a1: 23af;
8a2: 23af;
8a3: 23af;
8a4: 23af;
8a5: 23af;
8a6: 23af;
8a7: 23af;
8a8: 23af;
8a9: 23af;
8aa: 23af;
8ab: 23af;
8ac: 23af;
8ad: 23af;
8ae: 23af;
8af: 23af;
8b0: 23af;
8b1: 23af;
8b2: 23af;
8b3: 23af;
8b4: 23af;
8b5: 23af;
8b6: 23af;
8b7: 23af;
8b8: 23af;
8b9: 23af;
8ba: 23af;
8bb: 23af;
8bc: 23af;
8bd: 23af;
8be: 23af;
8bf: 23af;
8c0: 23af;
8c1: 23af;
8c2: 23af;
8c3: 23af;
8c4: 23af;
8c5: 23af;
8c6: 23af;
8c7: 23af;
8c8: 23af;
8c9: 23af;
8ca: 23af;
8cb: 23af;
8cc: 23af;
8cd: 23af;
8ce: 23af;
8cf: 23af;
8d0: 23af;
8d1: 23af;
8d2: 23af;
8d3: 23af;
8d4: 23af;
8d5: 23af;
8d6: 23af;
8d7: 23af;
8d8: 23af;
8d9: 23bf;
8da: 23bf;
8db: 23bf;
8dc: 24bf;
8dd: 24bf;
8de: 24bf;
8df: 24bf;
8e0: 23af;
8e1: 23af;
8e2: 23ad;
8e3: 23aa;
8e4: 23a6;
8e5: 23a3;
8e6: 13b1;
8e7: 0000;
8e8: 0000;
8e9: 0000;
8ea: 0000;
8eb: 0000;
8ec: 0000;
8ed: 0000;
8ee: 0000;
8ef: 0000;
8f0: 0000;
8f1: 0000;
8f2: 0000;
8f3: 0000;
8f4: 0000;
8f5: 0000;
8f6: 0000;
8f7: 0000;
8f8: 0000;
8f9: 0000;
8fa: 0000;
8fb: 0000;
8fc: 0000;
8fd: 0000;
8fe: 0000;
8ff: 0000;
900: 0000;
901: 0000;
902: 0000;
903: 0000;
904: 0000;
905: 0000;
906: 0000;
907: 0000;
908: 0000;
909: 0000;
90a: 0000;
90b: 0000;
90c: 0000;
90d: 0000;
90e: 0000;
90f: 0000;
910: 0000;
911: 0000;
912: 0000;
913: 0000;
914: 0000;
915: 0000;
916: 0000;
917: 0000;
918: 0000;
919: 25c0;
91a: 23aa;
91b: 24bf;
91c: 23bf;
91d: 23af;
91e: 23af;
91f: 23af;
920: 23af;
921: 23af;
922: 23af;
923: 23af;
924: 23af;
925: 23af;
926: 23af;
927: 23af;
928: 23af;
929: 23af;
92a: 23af;
92b: 23af;
92c: 23af;
92d: 23af;
92e: 23af;
92f: 23af;
930: 23af;
931: 23af;
932: 23af;
933: 23af;
934: 23af;
935: 23af;
936: 23af;
937: 23af;
938: 23af;
939: 23af;
93a: 23af;
93b: 23af;
93c: 23af;
93d: 23af;
93e: 23af;
93f: 23af;
940: 23af;
941: 23af;
942: 23af;
943: 23af;
944: 23af;
945: 23af;
946: 23af;
947: 23af;
948: 23af;
949: 23af;
94a: 23af;
94b: 23af;
94c: 23af;
94d: 23af;
94e: 23af;
94f: 23af;
950: 23af;
951: 23af;
952: 23af;
953: 23af;
954: 23af;
955: 23af;
956: 23af;
957: 23af;
958: 23af;
959: 23af;
95a: 23af;
95b: 23af;
95c: 23af;
95d: 23af;
95e: 23af;
95f: 23af;
960: 23af;
961: 23af;
962: 23af;
963: 23af;
964: 23af;
965: 23af;
966: 23af;
967: 23af;
968: 23af;
969: 23af;
96a: 23af;
96b: 23af;
96c: 23af;
96d: 23af;
96e: 23af;
96f: 23af;
970: 23af;
971: 23af;
972: 23af;
973: 23af;
974: 24bf;
975: 23ac;
976: 23a2;
977: 0000;
978: 0000;
979: 0000;
97a: 0000;
97b: 0000;
97c: 0000;
97d: 0000;
97e: 0000;
97f: 0000;
980: 0000;
981: 0000;
982: 0000;
983: 0000;
984: 0000;
985: 0000;
986: 0000;
987: 0000;
988: 0000;
989: 0000;
98a: 0000;
98b: 0000;
98c: 0000;
98d: 0000;
98e: 0000;
98f: 0000;
990: 0000;
991: 0000;
992: 0000;
993: 0000;
994: 0000;
995: 0000;
996: 0000;
997: 0000;
998: 0000;
999: 0000;
99a: 0000;
99b: 0000;
99c: 0000;
99d: 23a5;
99e: 24be;
99f: 24bf;
9a0: 23af;
9a1: 23af;
9a2: 23af;
9a3: 23af;
9a4: 23af;
9a5: 23af;
9a6: 23af;
9a7: 23af;
9a8: 23af;
9a9: 23af;
9aa: 23af;
9ab: 23af;
9ac: 23af;
9ad: 23af;
9ae: 23af;
9af: 23af;
9b0: 23af;
9b1: 23af;
9b2: 23af;
9b3: 23af;
9b4: 23af;
9b5: 23af;
9b6: 23af;
9b7: 23af;
9b8: 23af;
9b9: 23af;
9ba: 23af;
9bb: 23af;
9bc: 23af;
9bd: 23af;
9be: 23af;
9bf: 23af;
9c0: 23af;
9c1: 23af;
9c2: 23af;
9c3: 23af;
9c4: 23af;
9c5: 23af;
9c6: 23af;
9c7: 23af;
9c8: 23af;
9c9: 23af;
9ca: 23af;
9cb: 23af;
9cc: 23af;
9cd: 23af;
9ce: 23af;
9cf: 23af;
9d0: 23af;
9d1: 23af;
9d2: 23af;
9d3: 23af;
9d4: 23af;
9d5: 23af;
9d6: 23af;
9d7: 23af;
9d8: 23af;
9d9: 23af;
9da: 23af;
9db: 23af;
9dc: 23af;
9dd: 23af;
9de: 23af;
9df: 23bf;
9e0: 24bf;
9e1: 24bf;
9e2: 24bf;
9e3: 24bf;
9e4: 24bf;
9e5: 23ae;
9e6: 23ba;
9e7: 23a6;
9e8: 23a2;
9e9: 0000;
9ea: 0000;
9eb: 0000;
9ec: 0000;
9ed: 0000;
9ee: 0000;
9ef: 0000;
9f0: 0000;
9f1: 0000;
9f2: 0000;
9f3: 0000;
9f4: 0000;
9f5: 0000;
9f6: 0000;
9f7: 0000;
9f8: 0000;
9f9: 0000;
9fa: 0000;
9fb: 0000;
9fc: 0000;
9fd: 0000;
9fe: 0000;
9ff: 0000;
a00: 0000;
a01: 0000;
a02: 0000;
a03: 0000;
a04: 0000;
a05: 0000;
a06: 0000;
a07: 0000;
a08: 0000;
a09: 0000;
a0a: 0000;
a0b: 0000;
a0c: 0000;
a0d: 0000;
a0e: 0000;
a0f: 0000;
a10: 0000;
a11: 0000;
a12: 0000;
a13: 0000;
a14: 0000;
a15: 0000;
a16: 0000;
a17: 0000;
a18: 0000;
a19: 24b2;
a1a: 23ac;
a1b: 24bf;
a1c: 23af;
a1d: 23af;
a1e: 23af;
a1f: 23af;
a20: 23af;
a21: 23af;
a22: 23af;
a23: 23af;
a24: 23af;
a25: 23af;
a26: 23af;
a27: 23af;
a28: 23af;
a29: 23af;
a2a: 23af;
a2b: 23af;
a2c: 23af;
a2d: 23af;
a2e: 23af;
a2f: 23af;
a30: 23af;
a31: 23af;
a32: 23af;
a33: 23af;
a34: 23af;
a35: 23af;
a36: 23af;
a37: 23af;
a38: 23af;
a39: 23af;
a3a: 23af;
a3b: 23af;
a3c: 23af;
a3d: 23af;
a3e: 23af;
a3f: 23af;
a40: 23af;
a41: 23af;
a42: 23af;
a43: 23af;
a44: 23af;
a45: 23af;
a46: 23af;
a47: 23af;
a48: 23af;
a49: 23af;
a4a: 23af;
a4b: 23af;
a4c: 23af;
a4d: 23af;
a4e: 23af;
a4f: 23af;
a50: 23af;
a51: 23af;
a52: 23af;
a53: 23af;
a54: 23af;
a55: 23af;
a56: 23af;
a57: 23af;
a58: 23af;
a59: 23af;
a5a: 23af;
a5b: 23af;
a5c: 23af;
a5d: 23af;
a5e: 23af;
a5f: 23af;
a60: 23af;
a61: 23af;
a62: 23af;
a63: 23af;
a64: 23af;
a65: 23af;
a66: 23af;
a67: 23af;
a68: 23af;
a69: 23af;
a6a: 23af;
a6b: 23af;
a6c: 23af;
a6d: 23af;
a6e: 23af;
a6f: 23af;
a70: 23af;
a71: 23af;
a72: 23af;
a73: 23af;
a74: 23bf;
a75: 23bf;
a76: 23a5;
a77: 0000;
a78: 0000;
a79: 0000;
a7a: 0000;
a7b: 0000;
a7c: 0000;
a7d: 0000;
a7e: 0000;
a7f: 0000;
a80: 0000;
a81: 0000;
a82: 0000;
a83: 0000;
a84: 0000;
a85: 0000;
a86: 0000;
a87: 0000;
a88: 0000;
a89: 0000;
a8a: 0000;
a8b: 0000;
a8c: 0000;
a8d: 0000;
a8e: 0000;
a8f: 0000;
a90: 0000;
a91: 0000;
a92: 0000;
a93: 0000;
a94: 0000;
a95: 0000;
a96: 0000;
a97: 0000;
a98: 0000;
a99: 0000;
a9a: 0000;
a9b: 0000;
a9c: 23a4;
a9d: 23ad;
a9e: 24bf;
a9f: 23af;
aa0: 23af;
aa1: 23af;
aa2: 23af;
aa3: 23af;
aa4: 23af;
aa5: 23af;
aa6: 23af;
aa7: 23af;
aa8: 23af;
aa9: 23af;
aaa: 23af;
aab: 23af;
aac: 23af;
aad: 23af;
aae: 23af;
aaf: 23af;
ab0: 23af;
ab1: 23af;
ab2: 23af;
ab3: 23af;
ab4: 23af;
ab5: 23af;
ab6: 23af;
ab7: 23af;
ab8: 23af;
ab9: 23af;
aba: 23af;
abb: 23af;
abc: 23af;
abd: 23af;
abe: 23af;
abf: 23af;
ac0: 23af;
ac1: 23af;
ac2: 23af;
ac3: 23af;
ac4: 23af;
ac5: 23af;
ac6: 23af;
ac7: 23af;
ac8: 23af;
ac9: 23af;
aca: 23af;
acb: 23af;
acc: 23af;
acd: 23af;
ace: 23af;
acf: 23af;
ad0: 23af;
ad1: 23af;
ad2: 23af;
ad3: 23af;
ad4: 23af;
ad5: 23af;
ad6: 23af;
ad7: 23af;
ad8: 23af;
ad9: 23af;
ada: 23af;
adb: 23af;
adc: 23af;
add: 23af;
ade: 23af;
adf: 23af;
ae0: 23af;
ae1: 23af;
ae2: 23af;
ae3: 23af;
ae4: 23af;
ae5: 24bf;
ae6: 24bf;
ae7: 24bf;
ae8: 23bc;
ae9: 24a8;
aea: 23b3;
aeb: 0000;
aec: 0000;
aed: 0000;
aee: 0000;
aef: 0000;
af0: 0000;
af1: 0000;
af2: 0000;
af3: 0000;
af4: 0000;
af5: 0000;
af6: 0000;
af7: 0000;
af8: 0000;
af9: 0000;
afa: 0000;
afb: 0000;
afc: 0000;
afd: 0000;
afe: 0000;
aff: 0000;
b00: 0000;
b01: 0000;
b02: 0000;
b03: 0000;
b04: 0000;
b05: 0000;
b06: 0000;
b07: 0000;
b08: 0000;
b09: 0000;
b0a: 0000;
b0b: 0000;
b0c: 0000;
b0d: 0000;
b0e: 0000;
b0f: 0000;
b10: 0000;
b11: 0000;
b12: 0000;
b13: 0000;
b14: 0000;
b15: 0000;
b16: 0000;
b17: 0000;
b18: 0000;
b19: 23a4;
b1a: 23ae;
b1b: 24bf;
b1c: 23af;
b1d: 23af;
b1e: 23af;
b1f: 23af;
b20: 23af;
b21: 23af;
b22: 23af;
b23: 23af;
b24: 23af;
b25: 23af;
b26: 23af;
b27: 23af;
b28: 23af;
b29: 23af;
b2a: 23af;
b2b: 23af;
b2c: 23af;
b2d: 23af;
b2e: 23af;
b2f: 23af;
b30: 23af;
b31: 23af;
b32: 23af;
b33: 23af;
b34: 23af;
b35: 23af;
b36: 23af;
b37: 23af;
b38: 23af;
b39: 23af;
b3a: 23af;
b3b: 23af;
b3c: 23af;
b3d: 23af;
b3e: 23af;
b3f: 23af;
b40: 23af;
b41: 23af;
b42: 23af;
b43: 23af;
b44: 23af;
b45: 23af;
b46: 23af;
b47: 23af;
b48: 23af;
b49: 23af;
b4a: 23af;
b4b: 23af;
b4c: 23af;
b4d: 23af;
b4e: 23af;
b4f: 23af;
b50: 23af;
b51: 23af;
b52: 23af;
b53: 23af;
b54: 23af;
b55: 23af;
b56: 23af;
b57: 23af;
b58: 23af;
b59: 23af;
b5a: 23af;
b5b: 23af;
b5c: 23af;
b5d: 23af;
b5e: 23af;
b5f: 23af;
b60: 23af;
b61: 23af;
b62: 23af;
b63: 23af;
b64: 23af;
b65: 23af;
b66: 23af;
b67: 23af;
b68: 23af;
b69: 23af;
b6a: 23af;
b6b: 23af;
b6c: 23af;
b6d: 23af;
b6e: 23af;
b6f: 23af;
b70: 23af;
b71: 23af;
b72: 23af;
b73: 23af;
b74: 23af;
b75: 24bf;
b76: 24b9;
b77: 55a0;
b78: 0000;
b79: 0000;
b7a: 0000;
b7b: 0000;
b7c: 0000;
b7d: 0000;
b7e: 0000;
b7f: 0000;
b80: 0000;
b81: 0000;
b82: 0000;
b83: 0000;
b84: 0000;
b85: 0000;
b86: 0000;
b87: 0000;
b88: 0000;
b89: 0000;
b8a: 0000;
b8b: 0000;
b8c: 0000;
b8d: 0000;
b8e: 0000;
b8f: 0000;
b90: 0000;
b91: 0000;
b92: 0000;
b93: 0000;
b94: 0000;
b95: 0000;
b96: 0000;
b97: 0000;
b98: 0000;
b99: 0000;
b9a: 0000;
b9b: 23a2;
b9c: 23ac;
b9d: 24bf;
b9e: 23af;
b9f: 23af;
ba0: 23af;
ba1: 23af;
ba2: 23af;
ba3: 23af;
ba4: 23af;
ba5: 23af;
ba6: 23af;
ba7: 23af;
ba8: 23af;
ba9: 23af;
baa: 23af;
bab: 23af;
bac: 23af;
bad: 23af;
bae: 23af;
baf: 23af;
bb0: 23af;
bb1: 23af;
bb2: 23af;
bb3: 23af;
bb4: 23af;
bb5: 23af;
bb6: 23af;
bb7: 23af;
bb8: 23af;
bb9: 23af;
bba: 23af;
bbb: 23af;
bbc: 23af;
bbd: 23af;
bbe: 23af;
bbf: 23af;
bc0: 23af;
bc1: 23af;
bc2: 23af;
bc3: 23af;
bc4: 23af;
bc5: 23af;
bc6: 23af;
bc7: 23af;
bc8: 23af;
bc9: 23af;
bca: 23af;
bcb: 23af;
bcc: 23af;
bcd: 23af;
bce: 23af;
bcf: 23af;
bd0: 23af;
bd1: 23af;
bd2: 23af;
bd3: 23af;
bd4: 23af;
bd5: 23af;
bd6: 23af;
bd7: 23af;
bd8: 23af;
bd9: 23af;
bda: 23af;
bdb: 23af;
bdc: 23af;
bdd: 23af;
bde: 23af;
bdf: 23af;
be0: 23af;
be1: 23af;
be2: 23af;
be3: 23af;
be4: 23af;
be5: 23af;
be6: 23af;
be7: 23bf;
be8: 24bf;
be9: 24bf;
bea: 23ad;
beb: 24a9;
bec: 23b3;
bed: 0000;
bee: 0000;
bef: 0000;
bf0: 0000;
bf1: 0000;
bf2: 0000;
bf3: 0000;
bf4: 0000;
bf5: 0000;
bf6: 0000;
bf7: 0000;
bf8: 0000;
bf9: 0000;
bfa: 0000;
bfb: 0000;
bfc: 0000;
bfd: 0000;
bfe: 0000;
bff: 0000;
c00: 0000;
c01: 0000;
c02: 0000;
c03: 0000;
c04: 0000;
c05: 0000;
c06: 0000;
c07: 0000;
c08: 0000;
c09: 0000;
c0a: 0000;
c0b: 0000;
c0c: 0000;
c0d: 0000;
c0e: 0000;
c0f: 0000;
c10: 0000;
c11: 0000;
c12: 0000;
c13: 0000;
c14: 0000;
c15: 0000;
c16: 0000;
c17: 0000;
c18: 0000;
c19: 23a7;
c1a: 24bf;
c1b: 23bf;
c1c: 23af;
c1d: 23af;
c1e: 23af;
c1f: 23af;
c20: 23af;
c21: 23af;
c22: 23af;
c23: 23af;
c24: 23af;
c25: 23af;
c26: 23af;
c27: 23af;
c28: 23af;
c29: 23af;
c2a: 23af;
c2b: 23af;
c2c: 23af;
c2d: 23af;
c2e: 23af;
c2f: 23af;
c30: 23af;
c31: 23af;
c32: 23af;
c33: 23af;
c34: 23af;
c35: 23af;
c36: 23af;
c37: 23af;
c38: 23af;
c39: 23af;
c3a: 23af;
c3b: 23af;
c3c: 23af;
c3d: 23af;
c3e: 23af;
c3f: 23af;
c40: 23af;
c41: 23af;
c42: 23af;
c43: 23af;
c44: 23af;
c45: 23af;
c46: 23af;
c47: 23af;
c48: 23af;
c49: 23af;
c4a: 23af;
c4b: 23af;
c4c: 23af;
c4d: 23af;
c4e: 23af;
c4f: 23af;
c50: 23af;
c51: 23af;
c52: 23af;
c53: 23af;
c54: 23af;
c55: 23af;
c56: 23af;
c57: 23af;
c58: 23af;
c59: 23af;
c5a: 23af;
c5b: 23af;
c5c: 23af;
c5d: 23af;
c5e: 23af;
c5f: 23af;
c60: 23af;
c61: 23af;
c62: 23af;
c63: 23af;
c64: 23af;
c65: 23af;
c66: 23af;
c67: 23af;
c68: 23af;
c69: 23af;
c6a: 23af;
c6b: 23af;
c6c: 23af;
c6d: 23af;
c6e: 23af;
c6f: 23af;
c70: 23af;
c71: 23af;
c72: 23af;
c73: 23af;
c74: 23af;
c75: 24bf;
c76: 23ad;
c77: 24a2;
c78: 0000;
c79: 0000;
c7a: 0000;
c7b: 0000;
c7c: 0000;
c7d: 0000;
c7e: 0000;
c7f: 0000;
c80: 0000;
c81: 0000;
c82: 0000;
c83: 0000;
c84: 0000;
c85: 0000;
c86: 0000;
c87: 0000;
c88: 0000;
c89: 0000;
c8a: 0000;
c8b: 0000;
c8c: 0000;
c8d: 0000;
c8e: 0000;
c8f: 0000;
c90: 0000;
c91: 0000;
c92: 0000;
c93: 0000;
c94: 0000;
c95: 0000;
c96: 0000;
c97: 0000;
c98: 0000;
c99: 0000;
c9a: 24a1;
c9b: 23ab;
c9c: 24bf;
c9d: 23bf;
c9e: 23af;
c9f: 23af;
ca0: 23af;
ca1: 23af;
ca2: 23af;
ca3: 23af;
ca4: 23af;
ca5: 23af;
ca6: 23af;
ca7: 23af;
ca8: 23af;
ca9: 23af;
caa: 23af;
cab: 23af;
cac: 23af;
cad: 23af;
cae: 23af;
caf: 23af;
cb0: 23af;
cb1: 23af;
cb2: 23af;
cb3: 23af;
cb4: 23af;
cb5: 23af;
cb6: 23af;
cb7: 23af;
cb8: 23af;
cb9: 23af;
cba: 23af;
cbb: 23af;
cbc: 23af;
cbd: 23af;
cbe: 23af;
cbf: 23af;
cc0: 23af;
cc1: 23af;
cc2: 23af;
cc3: 23af;
cc4: 23af;
cc5: 23af;
cc6: 23af;
cc7: 23af;
cc8: 23af;
cc9: 23af;
cca: 23af;
ccb: 23af;
ccc: 23af;
ccd: 23af;
cce: 23af;
ccf: 23af;
cd0: 23af;
cd1: 23af;
cd2: 23af;
cd3: 23af;
cd4: 23af;
cd5: 23af;
cd6: 23af;
cd7: 23af;
cd8: 23af;
cd9: 23af;
cda: 23af;
cdb: 23af;
cdc: 23af;
cdd: 23af;
cde: 23af;
cdf: 23af;
ce0: 23af;
ce1: 23af;
ce2: 23af;
ce3: 23af;
ce4: 23af;
ce5: 23af;
ce6: 23af;
ce7: 23af;
ce8: 23af;
ce9: 23bf;
cea: 24bf;
ceb: 24bf;
cec: 23ae;
ced: 23a8;
cee: 23b2;
cef: 0000;
cf0: 0000;
cf1: 0000;
cf2: 0000;
cf3: 0000;
cf4: 0000;
cf5: 0000;
cf6: 0000;
cf7: 0000;
cf8: 0000;
cf9: 0000;
cfa: 0000;
cfb: 0000;
cfc: 0000;
cfd: 0000;
cfe: 0000;
cff: 0000;
d00: 0000;
d01: 0000;
d02: 0000;
d03: 0000;
d04: 0000;
d05: 0000;
d06: 0000;
d07: 0000;
d08: 0000;
d09: 0000;
d0a: 0000;
d0b: 0000;
d0c: 0000;
d0d: 0000;
d0e: 0000;
d0f: 0000;
d10: 0000;
d11: 0000;
d12: 0000;
d13: 0000;
d14: 0000;
d15: 0000;
d16: 0000;
d17: 0000;
d18: 22a0;
d19: 23aa;
d1a: 24bf;
d1b: 23af;
d1c: 23af;
d1d: 23af;
d1e: 23af;
d1f: 23af;
d20: 23af;
d21: 23af;
d22: 23af;
d23: 23af;
d24: 23af;
d25: 23af;
d26: 23af;
d27: 23af;
d28: 23af;
d29: 23af;
d2a: 23af;
d2b: 23af;
d2c: 23af;
d2d: 23af;
d2e: 23af;
d2f: 23af;
d30: 23af;
d31: 23af;
d32: 23af;
d33: 23af;
d34: 23af;
d35: 23af;
d36: 23af;
d37: 23af;
d38: 23af;
d39: 23af;
d3a: 23af;
d3b: 23af;
d3c: 23af;
d3d: 23af;
d3e: 23af;
d3f: 23af;
d40: 23af;
d41: 23af;
d42: 23af;
d43: 23af;
d44: 23af;
d45: 23af;
d46: 23af;
d47: 23af;
d48: 23af;
d49: 23af;
d4a: 23af;
d4b: 23af;
d4c: 23af;
d4d: 23af;
d4e: 23af;
d4f: 23af;
d50: 23af;
d51: 23af;
d52: 23af;
d53: 23af;
d54: 23af;
d55: 23af;
d56: 23af;
d57: 23af;
d58: 23af;
d59: 23af;
d5a: 23af;
d5b: 23af;
d5c: 23af;
d5d: 23af;
d5e: 23af;
d5f: 23af;
d60: 23af;
d61: 23af;
d62: 23af;
d63: 23af;
d64: 23af;
d65: 23af;
d66: 23af;
d67: 23af;
d68: 23af;
d69: 23af;
d6a: 23af;
d6b: 23af;
d6c: 23af;
d6d: 23af;
d6e: 23af;
d6f: 23af;
d70: 23af;
d71: 23af;
d72: 23af;
d73: 23af;
d74: 23af;
d75: 24bf;
d76: 23bf;
d77: 23a5;
d78: 0000;
d79: 0000;
d7a: 0000;
d7b: 0000;
d7c: 0000;
d7d: 0000;
d7e: 0000;
d7f: 0000;
d80: 0000;
d81: 0000;
d82: 0000;
d83: 0000;
d84: 0000;
d85: 0000;
d86: 0000;
d87: 0000;
d88: 0000;
d89: 0000;
d8a: 0000;
d8b: 0000;
d8c: 0000;
d8d: 0000;
d8e: 0000;
d8f: 0000;
d90: 0000;
d91: 0000;
d92: 0000;
d93: 0000;
d94: 0000;
d95: 0000;
d96: 0000;
d97: 0000;
d98: 0000;
d99: 22a1;
d9a: 23a9;
d9b: 24bf;
d9c: 23bf;
d9d: 23af;
d9e: 23af;
d9f: 23af;
da0: 23af;
da1: 23af;
da2: 23af;
da3: 23af;
da4: 23af;
da5: 23af;
da6: 23af;
da7: 23af;
da8: 23af;
da9: 23af;
daa: 23af;
dab: 23af;
dac: 23af;
dad: 23af;
dae: 23af;
daf: 23af;
db0: 23af;
db1: 23af;
db2: 23af;
db3: 23af;
db4: 23af;
db5: 23af;
db6: 23af;
db7: 23af;
db8: 23af;
db9: 23af;
dba: 23af;
dbb: 23af;
dbc: 23af;
dbd: 23af;
dbe: 23af;
dbf: 23af;
dc0: 23af;
dc1: 23af;
dc2: 23af;
dc3: 23af;
dc4: 23af;
dc5: 23af;
dc6: 23af;
dc7: 23af;
dc8: 23af;
dc9: 23af;
dca: 23af;
dcb: 23af;
dcc: 23af;
dcd: 23af;
dce: 23af;
dcf: 23af;
dd0: 23af;
dd1: 23af;
dd2: 23af;
dd3: 23af;
dd4: 23af;
dd5: 23af;
dd6: 23af;
dd7: 23af;
dd8: 23af;
dd9: 23af;
dda: 23af;
ddb: 23af;
ddc: 23af;
ddd: 23af;
dde: 23af;
ddf: 23af;
de0: 23af;
de1: 23af;
de2: 23af;
de3: 23af;
de4: 23af;
de5: 23af;
de6: 23af;
de7: 23af;
de8: 23af;
de9: 23af;
dea: 23af;
deb: 23af;
dec: 24bf;
ded: 24bf;
dee: 23bc;
def: 23a5;
df0: 0000;
df1: 0000;
df2: 0000;
df3: 0000;
df4: 0000;
df5: 0000;
df6: 0000;
df7: 0000;
df8: 0000;
df9: 0000;
dfa: 0000;
dfb: 0000;
dfc: 0000;
dfd: 0000;
dfe: 0000;
dff: 0000;
e00: 0000;
e01: 0000;
e02: 0000;
e03: 0000;
e04: 0000;
e05: 0000;
e06: 0000;
e07: 0000;
e08: 0000;
e09: 0000;
e0a: 0000;
e0b: 0000;
e0c: 0000;
e0d: 0000;
e0e: 0000;
e0f: 0000;
e10: 0000;
e11: 0000;
e12: 0000;
e13: 0000;
e14: 0000;
e15: 0000;
e16: 0000;
e17: 0000;
e18: 13a2;
e19: 23ac;
e1a: 24bf;
e1b: 23af;
e1c: 23af;
e1d: 23af;
e1e: 23af;
e1f: 23af;
e20: 23af;
e21: 23af;
e22: 23af;
e23: 23af;
e24: 23af;
e25: 23af;
e26: 23af;
e27: 23af;
e28: 23af;
e29: 23af;
e2a: 23af;
e2b: 23af;
e2c: 23af;
e2d: 23af;
e2e: 23af;
e2f: 23af;
e30: 23af;
e31: 23af;
e32: 23af;
e33: 23af;
e34: 23af;
e35: 23af;
e36: 23af;
e37: 23af;
e38: 23af;
e39: 23af;
e3a: 23af;
e3b: 23af;
e3c: 23af;
e3d: 23af;
e3e: 23af;
e3f: 23af;
e40: 23af;
e41: 23af;
e42: 23af;
e43: 23af;
e44: 23af;
e45: 23af;
e46: 23af;
e47: 23af;
e48: 23af;
e49: 23af;
e4a: 23af;
e4b: 23af;
e4c: 23af;
e4d: 23af;
e4e: 23af;
e4f: 23af;
e50: 23af;
e51: 23af;
e52: 23af;
e53: 23af;
e54: 23af;
e55: 23af;
e56: 23af;
e57: 23af;
e58: 23af;
e59: 23af;
e5a: 23af;
e5b: 23af;
e5c: 23af;
e5d: 23af;
e5e: 23af;
e5f: 23af;
e60: 23af;
e61: 23af;
e62: 23af;
e63: 23af;
e64: 23af;
e65: 23af;
e66: 23af;
e67: 23af;
e68: 23af;
e69: 23af;
e6a: 23af;
e6b: 23af;
e6c: 23af;
e6d: 23af;
e6e: 23af;
e6f: 23af;
e70: 23af;
e71: 23af;
e72: 23af;
e73: 23af;
e74: 23af;
e75: 23af;
e76: 24bf;
e77: 23a9;
e78: 44b0;
e79: 0000;
e7a: 0000;
e7b: 0000;
e7c: 0000;
e7d: 0000;
e7e: 0000;
e7f: 0000;
e80: 0000;
e81: 0000;
e82: 0000;
e83: 0000;
e84: 0000;
e85: 0000;
e86: 0000;
e87: 0000;
e88: 0000;
e89: 0000;
e8a: 0000;
e8b: 0000;
e8c: 0000;
e8d: 0000;
e8e: 0000;
e8f: 0000;
e90: 0000;
e91: 0000;
e92: 0000;
e93: 0000;
e94: 0000;
e95: 0000;
e96: 0000;
e97: 0000;
e98: 55a0;
e99: 23a7;
e9a: 23bf;
e9b: 24bf;
e9c: 23af;
e9d: 23af;
e9e: 23af;
e9f: 23af;
ea0: 23af;
ea1: 23af;
ea2: 23af;
ea3: 23af;
ea4: 23af;
ea5: 23af;
ea6: 23af;
ea7: 23af;
ea8: 23af;
ea9: 23af;
eaa: 23af;
eab: 23af;
eac: 23af;
ead: 23af;
eae: 23af;
eaf: 23af;
eb0: 23af;
eb1: 23af;
eb2: 23af;
eb3: 23af;
eb4: 23af;
eb5: 23af;
eb6: 23af;
eb7: 23af;
eb8: 23af;
eb9: 23af;
eba: 23af;
ebb: 23af;
ebc: 23af;
ebd: 23af;
ebe: 23af;
ebf: 23af;
ec0: 23af;
ec1: 23af;
ec2: 23af;
ec3: 23af;
ec4: 23af;
ec5: 23af;
ec6: 23af;
ec7: 23af;
ec8: 23af;
ec9: 23af;
eca: 23af;
ecb: 23af;
ecc: 23af;
ecd: 23af;
ece: 23af;
ecf: 23af;
ed0: 23af;
ed1: 23af;
ed2: 23af;
ed3: 23af;
ed4: 23af;
ed5: 23af;
ed6: 23af;
ed7: 23af;
ed8: 23af;
ed9: 23af;
eda: 23af;
edb: 23af;
edc: 23af;
edd: 23af;
ede: 23af;
edf: 23af;
ee0: 23af;
ee1: 23af;
ee2: 23af;
ee3: 23af;
ee4: 23af;
ee5: 23af;
ee6: 23af;
ee7: 23af;
ee8: 23af;
ee9: 23af;
eea: 23af;
eeb: 23af;
eec: 23af;
eed: 23af;
eee: 24bf;
eef: 23be;
ef0: 23a8;
ef1: 24a1;
ef2: 0000;
ef3: 0000;
ef4: 0000;
ef5: 0000;
ef6: 0000;
ef7: 0000;
ef8: 0000;
ef9: 0000;
efa: 0000;
efb: 0000;
efc: 0000;
efd: 0000;
efe: 0000;
eff: 0000;
f00: 0000;
f01: 0000;
f02: 0000;
f03: 0000;
f04: 0000;
f05: 0000;
f06: 0000;
f07: 0000;
f08: 0000;
f09: 0000;
f0a: 0000;
f0b: 0000;
f0c: 0000;
f0d: 0000;
f0e: 0000;
f0f: 0000;
f10: 0000;
f11: 0000;
f12: 0000;
f13: 0000;
f14: 0000;
f15: 0000;
f16: 0000;
f17: 0000;
f18: 23a3;
f19: 23af;
f1a: 24bf;
f1b: 23af;
f1c: 23af;
f1d: 23af;
f1e: 23af;
f1f: 23af;
f20: 23af;
f21: 23af;
f22: 23af;
f23: 23af;
f24: 23af;
f25: 23af;
f26: 23af;
f27: 23af;
f28: 23af;
f29: 23af;
f2a: 23af;
f2b: 23af;
f2c: 23af;
f2d: 23af;
f2e: 23af;
f2f: 23af;
f30: 23af;
f31: 23af;
f32: 23af;
f33: 23af;
f34: 23af;
f35: 23af;
f36: 23af;
f37: 23af;
f38: 23af;
f39: 23af;
f3a: 23af;
f3b: 23af;
f3c: 23af;
f3d: 23af;
f3e: 23af;
f3f: 23af;
f40: 23af;
f41: 23af;
f42: 23af;
f43: 23af;
f44: 23af;
f45: 23af;
f46: 23af;
f47: 23af;
f48: 23af;
f49: 23af;
f4a: 23af;
f4b: 23af;
f4c: 23af;
f4d: 23af;
f4e: 23af;
f4f: 23af;
f50: 23af;
f51: 23af;
f52: 23af;
f53: 23af;
f54: 23af;
f55: 23af;
f56: 23af;
f57: 23af;
f58: 23af;
f59: 23af;
f5a: 23af;
f5b: 23af;
f5c: 23af;
f5d: 23af;
f5e: 23af;
f5f: 23af;
f60: 23af;
f61: 23af;
f62: 23af;
f63: 23af;
f64: 23af;
f65: 23af;
f66: 23af;
f67: 23af;
f68: 23af;
f69: 23af;
f6a: 23af;
f6b: 23af;
f6c: 23af;
f6d: 23af;
f6e: 23af;
f6f: 23af;
f70: 23af;
f71: 23af;
f72: 23af;
f73: 23af;
f74: 23af;
f75: 23af;
f76: 24bf;
f77: 23ad;
f78: 23b2;
f79: 0000;
f7a: 0000;
f7b: 0000;
f7c: 0000;
f7d: 0000;
f7e: 0000;
f7f: 0000;
f80: 0000;
f81: 0000;
f82: 0000;
f83: 0000;
f84: 0000;
f85: 0000;
f86: 0000;
f87: 0000;
f88: 0000;
f89: 0000;
f8a: 0000;
f8b: 0000;
f8c: 0000;
f8d: 0000;
f8e: 0000;
f8f: 0000;
f90: 0000;
f91: 0000;
f92: 0000;
f93: 0000;
f94: 0000;
f95: 0000;
f96: 0000;
f97: 0000;
f98: 23a6;
f99: 23bf;
f9a: 24bf;
f9b: 23af;
f9c: 23af;
f9d: 23af;
f9e: 23af;
f9f: 23af;
fa0: 23af;
fa1: 23af;
fa2: 23af;
fa3: 23af;
fa4: 23af;
fa5: 23af;
fa6: 23af;
fa7: 23af;
fa8: 23af;
fa9: 23af;
faa: 23af;
fab: 23af;
fac: 23af;
fad: 23af;
fae: 23af;
faf: 23af;
fb0: 23af;
fb1: 23af;
fb2: 23af;
fb3: 23af;
fb4: 23af;
fb5: 23af;
fb6: 23af;
fb7: 23af;
fb8: 23af;
fb9: 23af;
fba: 23af;
fbb: 23af;
fbc: 23af;
fbd: 23af;
fbe: 23af;
fbf: 23af;
fc0: 23af;
fc1: 23af;
fc2: 23af;
fc3: 23af;
fc4: 23af;
fc5: 23af;
fc6: 23af;
fc7: 23af;
fc8: 23af;
fc9: 23af;
fca: 23af;
fcb: 23af;
fcc: 23af;
fcd: 23af;
fce: 23af;
fcf: 23af;
fd0: 23af;
fd1: 23af;
fd2: 23af;
fd3: 23af;
fd4: 23af;
fd5: 23af;
fd6: 23af;
fd7: 23af;
fd8: 23af;
fd9: 23af;
fda: 23af;
fdb: 23af;
fdc: 23af;
fdd: 23af;
fde: 23af;
fdf: 23af;
fe0: 23af;
fe1: 23af;
fe2: 23af;
fe3: 23af;
fe4: 23af;
fe5: 23af;
fe6: 23af;
fe7: 23af;
fe8: 23af;
fe9: 23af;
fea: 23af;
feb: 23af;
fec: 23af;
fed: 23af;
fee: 23af;
fef: 24bf;
ff0: 24bf;
ff1: 23aa;
ff2: 23b2;
ff3: 0000;
ff4: 0000;
ff5: 0000;
ff6: 0000;
ff7: 0000;
ff8: 0000;
ff9: 0000;
ffa: 0000;
ffb: 0000;
ffc: 0000;
ffd: 0000;
ffe: 0000;
fff: 0000;
1000: 0000;
1001: 0000;
1002: 0000;
1003: 0000;
1004: 0000;
1005: 0000;
1006: 0000;
1007: 0000;
1008: 0000;
1009: 0000;
100a: 0000;
100b: 0000;
100c: 0000;
100d: 0000;
100e: 0000;
100f: 0000;
1010: 0000;
1011: 0000;
1012: 0000;
1013: 0000;
1014: 0000;
1015: 0000;
1016: 0000;
1017: 0000;
1018: 24a6;
1019: 24bf;
101a: 23bf;
101b: 23af;
101c: 23af;
101d: 23af;
101e: 23af;
101f: 23af;
1020: 23af;
1021: 23af;
1022: 23af;
1023: 23af;
1024: 23af;
1025: 23af;
1026: 23af;
1027: 23af;
1028: 23af;
1029: 23af;
102a: 23af;
102b: 23af;
102c: 23af;
102d: 23af;
102e: 23af;
102f: 23af;
1030: 23af;
1031: 23af;
1032: 23af;
1033: 23af;
1034: 23af;
1035: 23af;
1036: 23af;
1037: 23af;
1038: 23af;
1039: 23af;
103a: 23af;
103b: 23af;
103c: 23af;
103d: 23af;
103e: 23af;
103f: 23af;
1040: 23af;
1041: 23af;
1042: 23af;
1043: 23af;
1044: 23af;
1045: 23af;
1046: 23af;
1047: 23af;
1048: 23af;
1049: 23af;
104a: 23af;
104b: 23af;
104c: 23af;
104d: 23af;
104e: 23af;
104f: 23af;
1050: 23af;
1051: 23af;
1052: 23af;
1053: 23af;
1054: 23af;
1055: 23af;
1056: 23af;
1057: 23af;
1058: 23af;
1059: 23af;
105a: 23af;
105b: 23af;
105c: 23af;
105d: 23af;
105e: 23af;
105f: 23af;
1060: 23af;
1061: 23af;
1062: 23af;
1063: 23af;
1064: 23af;
1065: 23af;
1066: 23af;
1067: 23af;
1068: 23af;
1069: 23af;
106a: 23af;
106b: 23af;
106c: 23af;
106d: 23af;
106e: 23af;
106f: 23af;
1070: 23af;
1071: 23af;
1072: 23af;
1073: 23af;
1074: 23af;
1075: 23af;
1076: 23bf;
1077: 23af;
1078: 23a6;
1079: 0000;
107a: 0000;
107b: 0000;
107c: 0000;
107d: 0000;
107e: 0000;
107f: 0000;
1080: 0000;
1081: 0000;
1082: 0000;
1083: 0000;
1084: 0000;
1085: 0000;
1086: 0000;
1087: 0000;
1088: 0000;
1089: 0000;
108a: 0000;
108b: 0000;
108c: 0000;
108d: 0000;
108e: 0000;
108f: 0000;
1090: 0000;
1091: 0000;
1092: 0000;
1093: 0000;
1094: 0000;
1095: 0000;
1096: 0000;
1097: 23b4;
1098: 23be;
1099: 24bf;
109a: 23af;
109b: 23af;
109c: 23af;
109d: 23af;
109e: 23af;
109f: 23af;
10a0: 23af;
10a1: 23af;
10a2: 23af;
10a3: 23af;
10a4: 23af;
10a5: 23af;
10a6: 23af;
10a7: 23af;
10a8: 23af;
10a9: 23af;
10aa: 23af;
10ab: 23af;
10ac: 23af;
10ad: 23af;
10ae: 23af;
10af: 23af;
10b0: 23af;
10b1: 23af;
10b2: 23af;
10b3: 23af;
10b4: 23af;
10b5: 23af;
10b6: 23af;
10b7: 23af;
10b8: 23af;
10b9: 23af;
10ba: 23af;
10bb: 23af;
10bc: 23af;
10bd: 23af;
10be: 23af;
10bf: 23af;
10c0: 23af;
10c1: 23af;
10c2: 23af;
10c3: 23af;
10c4: 23af;
10c5: 23af;
10c6: 23af;
10c7: 23af;
10c8: 23af;
10c9: 23af;
10ca: 23af;
10cb: 23af;
10cc: 23af;
10cd: 23af;
10ce: 23af;
10cf: 23af;
10d0: 23af;
10d1: 23af;
10d2: 23af;
10d3: 23af;
10d4: 23af;
10d5: 23af;
10d6: 23af;
10d7: 23af;
10d8: 23af;
10d9: 23af;
10da: 23af;
10db: 23af;
10dc: 23af;
10dd: 23af;
10de: 23af;
10df: 23af;
10e0: 23af;
10e1: 23af;
10e2: 23af;
10e3: 23af;
10e4: 23af;
10e5: 23af;
10e6: 23af;
10e7: 23af;
10e8: 23af;
10e9: 23af;
10ea: 23af;
10eb: 23af;
10ec: 23af;
10ed: 23af;
10ee: 23af;
10ef: 23af;
10f0: 23bf;
10f1: 24bf;
10f2: 23ab;
10f3: 23a3;
10f4: 0000;
10f5: 0000;
10f6: 0000;
10f7: 0000;
10f8: 0000;
10f9: 0000;
10fa: 0000;
10fb: 0000;
10fc: 0000;
10fd: 0000;
10fe: 0000;
10ff: 0000;
1100: 0000;
1101: 0000;
1102: 0000;
1103: 0000;
1104: 0000;
1105: 0000;
1106: 0000;
1107: 0000;
1108: 0000;
1109: 0000;
110a: 0000;
110b: 0000;
110c: 0000;
110d: 0000;
110e: 0000;
110f: 0000;
1110: 0000;
1111: 0000;
1112: 0000;
1113: 0000;
1114: 0000;
1115: 0000;
1116: 0000;
1117: 05f0;
1118: 23a9;
1119: 24bf;
111a: 23bf;
111b: 24bf;
111c: 24bf;
111d: 23af;
111e: 23bf;
111f: 24bf;
1120: 23bf;
1121: 23bf;
1122: 24bf;
1123: 24bf;
1124: 23bf;
1125: 23af;
1126: 23bf;
1127: 23bf;
1128: 24bf;
1129: 24bf;
112a: 23bf;
112b: 23bf;
112c: 23bf;
112d: 23bf;
112e: 23af;
112f: 23bf;
1130: 23bf;
1131: 23bf;
1132: 23bf;
1133: 23bf;
1134: 23bf;
1135: 23bf;
1136: 23bf;
1137: 23bf;
1138: 23bf;
1139: 23af;
113a: 23af;
113b: 23af;
113c: 23af;
113d: 23af;
113e: 23af;
113f: 23af;
1140: 23af;
1141: 23af;
1142: 23af;
1143: 23af;
1144: 23af;
1145: 23af;
1146: 23af;
1147: 23af;
1148: 23af;
1149: 23af;
114a: 23af;
114b: 23af;
114c: 23af;
114d: 23af;
114e: 23af;
114f: 23af;
1150: 23af;
1151: 23af;
1152: 23af;
1153: 23af;
1154: 23af;
1155: 23af;
1156: 23af;
1157: 23af;
1158: 23af;
1159: 23af;
115a: 23af;
115b: 23af;
115c: 23af;
115d: 23af;
115e: 23af;
115f: 23af;
1160: 23af;
1161: 23bf;
1162: 23bf;
1163: 23af;
1164: 23af;
1165: 23af;
1166: 23af;
1167: 23af;
1168: 23af;
1169: 23af;
116a: 23af;
116b: 23af;
116c: 23af;
116d: 23af;
116e: 23af;
116f: 23af;
1170: 23af;
1171: 23af;
1172: 23af;
1173: 23af;
1174: 23af;
1175: 23af;
1176: 23af;
1177: 24bf;
1178: 24aa;
1179: 0000;
117a: 0000;
117b: 0000;
117c: 0000;
117d: 0000;
117e: 0000;
117f: 0000;
1180: 0000;
1181: 0000;
1182: 0000;
1183: 0000;
1184: 0000;
1185: 0000;
1186: 0000;
1187: 0000;
1188: 0000;
1189: 0000;
118a: 0000;
118b: 0000;
118c: 0000;
118d: 0000;
118e: 0000;
118f: 0000;
1190: 0000;
1191: 0000;
1192: 0000;
1193: 0000;
1194: 0000;
1195: 0000;
1196: 23a3;
1197: 23ad;
1198: 24bf;
1199: 23af;
119a: 23af;
119b: 23af;
119c: 23af;
119d: 23af;
119e: 23af;
119f: 23af;
11a0: 23af;
11a1: 23af;
11a2: 23af;
11a3: 23af;
11a4: 23af;
11a5: 23af;
11a6: 23af;
11a7: 23af;
11a8: 23af;
11a9: 23af;
11aa: 23af;
11ab: 23af;
11ac: 23af;
11ad: 23af;
11ae: 23af;
11af: 23bf;
11b0: 23bf;
11b1: 23bf;
11b2: 23af;
11b3: 23bf;
11b4: 24bf;
11b5: 23af;
11b6: 23bf;
11b7: 23bf;
11b8: 23bf;
11b9: 23af;
11ba: 23af;
11bb: 23bf;
11bc: 23bf;
11bd: 23bf;
11be: 24bf;
11bf: 23af;
11c0: 23af;
11c1: 23bf;
11c2: 23bf;
11c3: 23bf;
11c4: 23bf;
11c5: 23bf;
11c6: 23af;
11c7: 23bf;
11c8: 23bf;
11c9: 23bf;
11ca: 23bf;
11cb: 23bf;
11cc: 23bf;
11cd: 23bf;
11ce: 23af;
11cf: 23bf;
11d0: 23af;
11d1: 23af;
11d2: 23af;
11d3: 23af;
11d4: 23af;
11d5: 23af;
11d6: 23af;
11d7: 23af;
11d8: 23af;
11d9: 23af;
11da: 23af;
11db: 23af;
11dc: 23af;
11dd: 23af;
11de: 23af;
11df: 23af;
11e0: 23af;
11e1: 23af;
11e2: 23af;
11e3: 23af;
11e4: 23af;
11e5: 23af;
11e6: 23af;
11e7: 23af;
11e8: 23af;
11e9: 23af;
11ea: 23af;
11eb: 23af;
11ec: 23af;
11ed: 23af;
11ee: 23af;
11ef: 23af;
11f0: 23af;
11f1: 23bf;
11f2: 24bf;
11f3: 23ac;
11f4: 23b3;
11f5: 0000;
11f6: 0000;
11f7: 0000;
11f8: 0000;
11f9: 0000;
11fa: 0000;
11fb: 0000;
11fc: 0000;
11fd: 0000;
11fe: 0000;
11ff: 0000;
1200: 0000;
1201: 0000;
1202: 0000;
1203: 0000;
1204: 0000;
1205: 0000;
1206: 0000;
1207: 0000;
1208: 0000;
1209: 0000;
120a: 0000;
120b: 0000;
120c: 0000;
120d: 0000;
120e: 0000;
120f: 0000;
1210: 0000;
1211: 0000;
1212: 0000;
1213: 0000;
1214: 0000;
1215: 0000;
1216: 0000;
1217: 23a1;
1218: 23ad;
1219: 24bf;
121a: 24bf;
121b: 24bf;
121c: 24bf;
121d: 23bf;
121e: 24bf;
121f: 24bf;
1220: 23bf;
1221: 24bf;
1222: 24bf;
1223: 24bf;
1224: 24bf;
1225: 23bf;
1226: 24bf;
1227: 23bf;
1228: 24bf;
1229: 24bf;
122a: 23bf;
122b: 24bf;
122c: 24bf;
122d: 24bf;
122e: 23bf;
122f: 23bf;
1230: 24bf;
1231: 23bf;
1232: 24bf;
1233: 23bf;
1234: 24bf;
1235: 23bf;
1236: 24bf;
1237: 24bf;
1238: 24bf;
1239: 23bf;
123a: 24bf;
123b: 24bf;
123c: 24bf;
123d: 23bf;
123e: 23bf;
123f: 23bf;
1240: 23af;
1241: 23af;
1242: 23af;
1243: 23af;
1244: 23af;
1245: 23af;
1246: 23af;
1247: 23af;
1248: 23af;
1249: 23af;
124a: 23af;
124b: 23af;
124c: 23af;
124d: 23af;
124e: 23af;
124f: 23af;
1250: 23af;
1251: 23af;
1252: 23af;
1253: 23af;
1254: 23af;
1255: 23af;
1256: 23af;
1257: 23af;
1258: 23af;
1259: 23af;
125a: 23af;
125b: 23af;
125c: 23af;
125d: 23af;
125e: 23af;
125f: 23af;
1260: 23af;
1261: 23af;
1262: 23af;
1263: 23bf;
1264: 23af;
1265: 23af;
1266: 23af;
1267: 23af;
1268: 23af;
1269: 23af;
126a: 23af;
126b: 23af;
126c: 23af;
126d: 23af;
126e: 23af;
126f: 23af;
1270: 23af;
1271: 23af;
1272: 23af;
1273: 23af;
1274: 23af;
1275: 23af;
1276: 23af;
1277: 24bf;
1278: 23ad;
1279: 23b2;
127a: 0000;
127b: 0000;
127c: 0000;
127d: 0000;
127e: 0000;
127f: 0000;
1280: 0000;
1281: 0000;
1282: 0000;
1283: 0000;
1284: 0000;
1285: 0000;
1286: 0000;
1287: 0000;
1288: 0000;
1289: 0000;
128a: 0000;
128b: 0000;
128c: 0000;
128d: 0000;
128e: 0000;
128f: 0000;
1290: 0000;
1291: 0000;
1292: 0000;
1293: 0000;
1294: 0000;
1295: 23a2;
1296: 23ab;
1297: 24bf;
1298: 23af;
1299: 23af;
129a: 23af;
129b: 23af;
129c: 23af;
129d: 23af;
129e: 23af;
129f: 23af;
12a0: 23af;
12a1: 23af;
12a2: 23af;
12a3: 23af;
12a4: 23af;
12a5: 23af;
12a6: 23af;
12a7: 23af;
12a8: 23af;
12a9: 23af;
12aa: 23af;
12ab: 23af;
12ac: 23af;
12ad: 24bf;
12ae: 24bf;
12af: 23bf;
12b0: 24bf;
12b1: 24bf;
12b2: 24bf;
12b3: 24bf;
12b4: 24bf;
12b5: 24bf;
12b6: 24bf;
12b7: 24bf;
12b8: 24bf;
12b9: 23bf;
12ba: 23bf;
12bb: 24bf;
12bc: 24bf;
12bd: 24bf;
12be: 24bf;
12bf: 24bf;
12c0: 23bf;
12c1: 24bf;
12c2: 24bf;
12c3: 24bf;
12c4: 24bf;
12c5: 24bf;
12c6: 24bf;
12c7: 24bf;
12c8: 24bf;
12c9: 24bf;
12ca: 24bf;
12cb: 24bf;
12cc: 24bf;
12cd: 24bf;
12ce: 24bf;
12cf: 24bf;
12d0: 24bf;
12d1: 24bf;
12d2: 24bf;
12d3: 24bf;
12d4: 23bf;
12d5: 23bf;
12d6: 23af;
12d7: 23af;
12d8: 23af;
12d9: 23af;
12da: 23af;
12db: 23af;
12dc: 23af;
12dd: 23af;
12de: 23af;
12df: 23af;
12e0: 23af;
12e1: 23af;
12e2: 23af;
12e3: 23af;
12e4: 23af;
12e5: 23af;
12e6: 23af;
12e7: 23af;
12e8: 23af;
12e9: 23af;
12ea: 23af;
12eb: 23af;
12ec: 23af;
12ed: 23af;
12ee: 23af;
12ef: 23af;
12f0: 23af;
12f1: 23af;
12f2: 23bf;
12f3: 24bf;
12f4: 23ab;
12f5: 23a2;
12f6: 0000;
12f7: 0000;
12f8: 0000;
12f9: 0000;
12fa: 0000;
12fb: 0000;
12fc: 0000;
12fd: 0000;
12fe: 0000;
12ff: 0000;
1300: 0000;
1301: 0000;
1302: 0000;
1303: 0000;
1304: 0000;
1305: 0000;
1306: 0000;
1307: 0000;
1308: 0000;
1309: 0000;
130a: 0000;
130b: 0000;
130c: 0000;
130d: 0000;
130e: 0000;
130f: 0000;
1310: 0000;
1311: 0000;
1312: 0000;
1313: 0000;
1314: 0000;
1315: 0000;
1316: 0000;
1317: 13a1;
1318: 23b4;
1319: 23b5;
131a: 23a5;
131b: 23a5;
131c: 23a5;
131d: 23a5;
131e: 23a5;
131f: 23a5;
1320: 23a5;
1321: 23a5;
1322: 23a5;
1323: 23a5;
1324: 23a5;
1325: 23a5;
1326: 23a5;
1327: 23a5;
1328: 23a5;
1329: 23a5;
132a: 23a5;
132b: 24a5;
132c: 23a5;
132d: 24a5;
132e: 23a5;
132f: 23a5;
1330: 24a5;
1331: 23a5;
1332: 24a5;
1333: 23a5;
1334: 23a5;
1335: 23a5;
1336: 23a6;
1337: 23a6;
1338: 23a7;
1339: 23a8;
133a: 23a9;
133b: 23ab;
133c: 23ad;
133d: 23ae;
133e: 23af;
133f: 24bf;
1340: 24bf;
1341: 24bf;
1342: 23af;
1343: 23af;
1344: 23af;
1345: 23af;
1346: 23af;
1347: 23af;
1348: 23af;
1349: 23af;
134a: 23af;
134b: 23af;
134c: 23af;
134d: 23af;
134e: 23af;
134f: 23af;
1350: 23af;
1351: 23af;
1352: 23af;
1353: 23af;
1354: 23af;
1355: 23af;
1356: 23af;
1357: 23af;
1358: 23af;
1359: 23af;
135a: 23af;
135b: 23af;
135c: 23af;
135d: 23af;
135e: 23af;
135f: 23af;
1360: 24bf;
1361: 23ab;
1362: 23a7;
1363: 23ae;
1364: 23bf;
1365: 23af;
1366: 23af;
1367: 23af;
1368: 23af;
1369: 23af;
136a: 23af;
136b: 23af;
136c: 23af;
136d: 23af;
136e: 23af;
136f: 23af;
1370: 23af;
1371: 23af;
1372: 23af;
1373: 23af;
1374: 23af;
1375: 23af;
1376: 23af;
1377: 23bf;
1378: 23bf;
1379: 23a6;
137a: 0000;
137b: 0000;
137c: 0000;
137d: 0000;
137e: 0000;
137f: 0000;
1380: 0000;
1381: 0000;
1382: 0000;
1383: 0000;
1384: 0000;
1385: 0000;
1386: 0000;
1387: 0000;
1388: 0000;
1389: 0000;
138a: 0000;
138b: 0000;
138c: 0000;
138d: 0000;
138e: 0000;
138f: 0000;
1390: 0000;
1391: 0000;
1392: 0000;
1393: 0000;
1394: 24a1;
1395: 23aa;
1396: 24bf;
1397: 23bf;
1398: 23af;
1399: 23af;
139a: 23af;
139b: 23af;
139c: 23af;
139d: 23af;
139e: 23af;
139f: 23af;
13a0: 23af;
13a1: 23af;
13a2: 23af;
13a3: 23af;
13a4: 23af;
13a5: 23af;
13a6: 23af;
13a7: 23af;
13a8: 23af;
13a9: 23af;
13aa: 23af;
13ab: 23af;
13ac: 24bf;
13ad: 23af;
13ae: 23a8;
13af: 23b5;
13b0: 24a5;
13b1: 23a5;
13b2: 24a5;
13b3: 24a5;
13b4: 23a5;
13b5: 23a5;
13b6: 23a5;
13b7: 24a5;
13b8: 24a5;
13b9: 23a5;
13ba: 23a5;
13bb: 23a5;
13bc: 24a5;
13bd: 24a5;
13be: 23a5;
13bf: 24a5;
13c0: 23a5;
13c1: 24a5;
13c2: 24a5;
13c3: 24a5;
13c4: 24a5;
13c5: 24a5;
13c6: 24a5;
13c7: 24a5;
13c8: 24a5;
13c9: 24a5;
13ca: 24a5;
13cb: 23a5;
13cc: 23a6;
13cd: 23a6;
13ce: 23a7;
13cf: 23a8;
13d0: 23a9;
13d1: 23ab;
13d2: 23ad;
13d3: 23ae;
13d4: 23af;
13d5: 24bf;
13d6: 24bf;
13d7: 24bf;
13d8: 23bf;
13d9: 23af;
13da: 23af;
13db: 23af;
13dc: 23af;
13dd: 23af;
13de: 23af;
13df: 23af;
13e0: 23af;
13e1: 23af;
13e2: 23af;
13e3: 23af;
13e4: 23af;
13e5: 23af;
13e6: 23af;
13e7: 23af;
13e8: 23af;
13e9: 23af;
13ea: 23af;
13eb: 23af;
13ec: 23af;
13ed: 23af;
13ee: 23af;
13ef: 23af;
13f0: 23af;
13f1: 23af;
13f2: 23af;
13f3: 23bf;
13f4: 24bf;
13f5: 23aa;
13f6: 14a1;
13f7: 0000;
13f8: 0000;
13f9: 0000;
13fa: 0000;
13fb: 0000;
13fc: 0000;
13fd: 0000;
13fe: 0000;
13ff: 0000;
1400: 0000;
1401: 0000;
1402: 0000;
1403: 0000;
1404: 0000;
1405: 0000;
1406: 0000;
1407: 0000;
1408: 0000;
1409: 0000;
140a: 0000;
140b: 0000;
140c: 0000;
140d: 0000;
140e: 0000;
140f: 0000;
1410: 0000;
1411: 0000;
1412: 0000;
1413: 0000;
1414: 0000;
1415: 0000;
1416: 0000;
1417: 0000;
1418: 0000;
1419: 0000;
141a: 0000;
141b: 0000;
141c: 0000;
141d: 0000;
141e: 0000;
141f: 0000;
1420: 0000;
1421: 0000;
1422: 0000;
1423: 0000;
1424: 0000;
1425: 0000;
1426: 0000;
1427: 0000;
1428: 0000;
1429: 0000;
142a: 0000;
142b: 0000;
142c: 0000;
142d: 0000;
142e: 0000;
142f: 0000;
1430: 0000;
1431: 0000;
1432: 0000;
1433: 0000;
1434: 0000;
1435: 0000;
1436: 0000;
1437: 0000;
1438: 0000;
1439: 0000;
143a: 0070;
143b: 22a0;
143c: 24b1;
143d: 23b3;
143e: 23a5;
143f: 23a8;
1440: 23ab;
1441: 23ae;
1442: 24bf;
1443: 24bf;
1444: 23bf;
1445: 23af;
1446: 23af;
1447: 23af;
1448: 23af;
1449: 23af;
144a: 23af;
144b: 23af;
144c: 23af;
144d: 23af;
144e: 23af;
144f: 23af;
1450: 23af;
1451: 23af;
1452: 23af;
1453: 23af;
1454: 23af;
1455: 23af;
1456: 23af;
1457: 23af;
1458: 23af;
1459: 23af;
145a: 23af;
145b: 23af;
145c: 23af;
145d: 23af;
145e: 23af;
145f: 23af;
1460: 24bf;
1461: 23ad;
1462: 23b3;
1463: 23ab;
1464: 24bf;
1465: 23af;
1466: 23af;
1467: 23af;
1468: 23af;
1469: 23af;
146a: 23af;
146b: 23af;
146c: 23af;
146d: 23af;
146e: 23af;
146f: 23af;
1470: 23af;
1471: 23af;
1472: 23af;
1473: 23af;
1474: 23af;
1475: 23af;
1476: 23af;
1477: 23af;
1478: 24bf;
1479: 24aa;
147a: 22a0;
147b: 0000;
147c: 0000;
147d: 0000;
147e: 0000;
147f: 0000;
1480: 0000;
1481: 0000;
1482: 0000;
1483: 0000;
1484: 0000;
1485: 0000;
1486: 0000;
1487: 0000;
1488: 0000;
1489: 0000;
148a: 0000;
148b: 0000;
148c: 0000;
148d: 0000;
148e: 0000;
148f: 0000;
1490: 0000;
1491: 0000;
1492: 0000;
1493: 00a0;
1494: 23a8;
1495: 23bf;
1496: 23bf;
1497: 23af;
1498: 23af;
1499: 23af;
149a: 23af;
149b: 23af;
149c: 23af;
149d: 23af;
149e: 23af;
149f: 23af;
14a0: 23af;
14a1: 23af;
14a2: 23af;
14a3: 23af;
14a4: 23af;
14a5: 23af;
14a6: 23af;
14a7: 23af;
14a8: 23af;
14a9: 23af;
14aa: 23af;
14ab: 23bf;
14ac: 24bf;
14ad: 23a8;
14ae: 7070;
14af: 0000;
14b0: 0000;
14b1: 0000;
14b2: 0000;
14b3: 0000;
14b4: 0000;
14b5: 0000;
14b6: 0000;
14b7: 0000;
14b8: 0000;
14b9: 0000;
14ba: 0000;
14bb: 0000;
14bc: 0000;
14bd: 0000;
14be: 0000;
14bf: 0000;
14c0: 0000;
14c1: 0000;
14c2: 0000;
14c3: 0000;
14c4: 0000;
14c5: 0000;
14c6: 0000;
14c7: 0000;
14c8: 0000;
14c9: 0000;
14ca: 0000;
14cb: 0000;
14cc: 0000;
14cd: 0000;
14ce: 0000;
14cf: 0000;
14d0: 0070;
14d1: 22a0;
14d2: 24b1;
14d3: 23a3;
14d4: 24a5;
14d5: 24a8;
14d6: 23ab;
14d7: 23ae;
14d8: 24bf;
14d9: 24bf;
14da: 23af;
14db: 23af;
14dc: 23af;
14dd: 23af;
14de: 23af;
14df: 23af;
14e0: 23af;
14e1: 23af;
14e2: 23af;
14e3: 23af;
14e4: 23af;
14e5: 23af;
14e6: 23af;
14e7: 23af;
14e8: 23af;
14e9: 23af;
14ea: 23af;
14eb: 23af;
14ec: 23af;
14ed: 23af;
14ee: 23af;
14ef: 23af;
14f0: 23af;
14f1: 23af;
14f2: 23af;
14f3: 23af;
14f4: 24bf;
14f5: 24bf;
14f6: 23a7;
14f7: 0000;
14f8: 0000;
14f9: 0000;
14fa: 0000;
14fb: 0000;
14fc: 0000;
14fd: 0000;
14fe: 0000;
14ff: 0000;
1500: 0000;
1501: 0000;
1502: 0000;
1503: 0000;
1504: 0000;
1505: 0000;
1506: 0000;
1507: 0000;
1508: 0000;
1509: 0000;
150a: 0000;
150b: 0000;
150c: 0000;
150d: 0000;
150e: 0000;
150f: 0000;
1510: 0000;
1511: 0000;
1512: 0000;
1513: 0000;
1514: 0000;
1515: 0000;
1516: 0000;
1517: 0000;
1518: 0000;
1519: 0000;
151a: 0000;
151b: 0000;
151c: 0000;
151d: 0000;
151e: 0000;
151f: 0000;
1520: 0000;
1521: 0000;
1522: 0000;
1523: 0000;
1524: 0000;
1525: 0000;
1526: 0000;
1527: 0000;
1528: 0000;
1529: 0000;
152a: 0000;
152b: 0000;
152c: 0000;
152d: 0000;
152e: 0000;
152f: 0000;
1530: 0000;
1531: 0000;
1532: 0000;
1533: 0000;
1534: 0000;
1535: 0000;
1536: 0000;
1537: 0000;
1538: 0000;
1539: 0000;
153a: 0000;
153b: 0000;
153c: 0000;
153d: 0000;
153e: 0000;
153f: 0000;
1540: 14a1;
1541: 23a4;
1542: 24b8;
1543: 24bc;
1544: 24bf;
1545: 24bf;
1546: 23af;
1547: 23af;
1548: 23af;
1549: 23af;
154a: 23af;
154b: 23af;
154c: 23af;
154d: 23af;
154e: 23af;
154f: 23af;
1550: 23af;
1551: 23af;
1552: 23af;
1553: 23af;
1554: 23af;
1555: 23af;
1556: 23af;
1557: 23af;
1558: 23af;
1559: 23af;
155a: 23af;
155b: 23af;
155c: 23af;
155d: 23af;
155e: 23af;
155f: 23af;
1560: 23af;
1561: 24bf;
1562: 23a6;
1563: 24a6;
1564: 23bf;
1565: 23bf;
1566: 23af;
1567: 23af;
1568: 23af;
1569: 23af;
156a: 23af;
156b: 23af;
156c: 23af;
156d: 23af;
156e: 23af;
156f: 23af;
1570: 23af;
1571: 23af;
1572: 23af;
1573: 23af;
1574: 23af;
1575: 23af;
1576: 23af;
1577: 23af;
1578: 24bf;
1579: 23ad;
157a: 23b3;
157b: 0000;
157c: 0000;
157d: 0000;
157e: 0000;
157f: 0000;
1580: 0000;
1581: 0000;
1582: 0000;
1583: 0000;
1584: 0000;
1585: 0000;
1586: 0000;
1587: 0000;
1588: 0000;
1589: 0000;
158a: 0000;
158b: 0000;
158c: 0000;
158d: 0000;
158e: 0000;
158f: 0000;
1590: 0000;
1591: 0000;
1592: 0000;
1593: 23a6;
1594: 23bf;
1595: 23bf;
1596: 23af;
1597: 23af;
1598: 23af;
1599: 23af;
159a: 23af;
159b: 23af;
159c: 23af;
159d: 23af;
159e: 23af;
159f: 23af;
15a0: 23af;
15a1: 23af;
15a2: 23af;
15a3: 23af;
15a4: 23af;
15a5: 23af;
15a6: 23af;
15a7: 23af;
15a8: 23af;
15a9: 23af;
15aa: 24bf;
15ab: 24bf;
15ac: 23a9;
15ad: 13a1;
15ae: 0000;
15af: 0000;
15b0: 0000;
15b1: 0000;
15b2: 0000;
15b3: 0000;
15b4: 0000;
15b5: 0000;
15b6: 0000;
15b7: 0000;
15b8: 0000;
15b9: 0000;
15ba: 0000;
15bb: 0000;
15bc: 0000;
15bd: 0000;
15be: 0000;
15bf: 0000;
15c0: 0000;
15c1: 0000;
15c2: 0000;
15c3: 0000;
15c4: 0000;
15c5: 0000;
15c6: 0000;
15c7: 0000;
15c8: 0000;
15c9: 0000;
15ca: 0000;
15cb: 0000;
15cc: 0000;
15cd: 0000;
15ce: 0000;
15cf: 0000;
15d0: 0000;
15d1: 0000;
15d2: 0000;
15d3: 0000;
15d4: 0000;
15d5: 0000;
15d6: 34b1;
15d7: 23a4;
15d8: 23a8;
15d9: 23bc;
15da: 24bf;
15db: 24bf;
15dc: 23af;
15dd: 23af;
15de: 23af;
15df: 23af;
15e0: 23af;
15e1: 23af;
15e2: 23af;
15e3: 23af;
15e4: 23af;
15e5: 23af;
15e6: 23af;
15e7: 23af;
15e8: 23af;
15e9: 23af;
15ea: 23af;
15eb: 23af;
15ec: 23af;
15ed: 23af;
15ee: 23af;
15ef: 23af;
15f0: 23af;
15f1: 23af;
15f2: 23af;
15f3: 23af;
15f4: 23af;
15f5: 24bf;
15f6: 23ad;
15f7: 24a3;
15f8: 0000;
15f9: 0000;
15fa: 0000;
15fb: 0000;
15fc: 0000;
15fd: 0000;
15fe: 0000;
15ff: 0000;
1600: 0000;
1601: 0000;
1602: 0000;
1603: 0000;
1604: 0000;
1605: 0000;
1606: 0000;
1607: 0000;
1608: 0000;
1609: 0000;
160a: 0000;
160b: 0000;
160c: 0000;
160d: 0000;
160e: 0000;
160f: 0000;
1610: 0000;
1611: 0000;
1612: 0000;
1613: 0000;
1614: 0000;
1615: 0000;
1616: 0000;
1617: 0000;
1618: 0000;
1619: 0000;
161a: 0000;
161b: 0000;
161c: 0000;
161d: 0000;
161e: 0000;
161f: 0000;
1620: 0000;
1621: 0000;
1622: 0000;
1623: 0000;
1624: 0000;
1625: 0000;
1626: 0000;
1627: 0000;
1628: 0000;
1629: 0000;
162a: 0000;
162b: 0000;
162c: 0000;
162d: 0000;
162e: 0000;
162f: 0000;
1630: 0000;
1631: 0000;
1632: 0000;
1633: 0000;
1634: 0000;
1635: 0000;
1636: 0000;
1637: 0000;
1638: 0000;
1639: 0000;
163a: 0000;
163b: 0000;
163c: 0000;
163d: 0000;
163e: 0000;
163f: 0000;
1640: 0000;
1641: 0000;
1642: 0000;
1643: 23a2;
1644: 23a7;
1645: 23bd;
1646: 24bf;
1647: 24bf;
1648: 23af;
1649: 23af;
164a: 23af;
164b: 23af;
164c: 23af;
164d: 23af;
164e: 23af;
164f: 23af;
1650: 23af;
1651: 23af;
1652: 23af;
1653: 23af;
1654: 23af;
1655: 23af;
1656: 23af;
1657: 23af;
1658: 23af;
1659: 23af;
165a: 23af;
165b: 23af;
165c: 23af;
165d: 23af;
165e: 23af;
165f: 23af;
1660: 23af;
1661: 24bf;
1662: 23aa;
1663: 23a3;
1664: 23ae;
1665: 24bf;
1666: 23af;
1667: 23af;
1668: 23af;
1669: 23af;
166a: 23af;
166b: 23af;
166c: 23af;
166d: 23af;
166e: 23af;
166f: 23af;
1670: 23af;
1671: 23af;
1672: 23af;
1673: 23af;
1674: 23af;
1675: 23af;
1676: 23af;
1677: 23af;
1678: 23bf;
1679: 24bf;
167a: 23a6;
167b: 0000;
167c: 0000;
167d: 0000;
167e: 0000;
167f: 0000;
1680: 0000;
1681: 0000;
1682: 0000;
1683: 0000;
1684: 0000;
1685: 0000;
1686: 0000;
1687: 0000;
1688: 0000;
1689: 0000;
168a: 0000;
168b: 0000;
168c: 0000;
168d: 0000;
168e: 0000;
168f: 0000;
1690: 0000;
1691: 0000;
1692: 23a5;
1693: 23ae;
1694: 24bf;
1695: 23af;
1696: 23af;
1697: 23af;
1698: 23af;
1699: 23af;
169a: 23af;
169b: 23af;
169c: 23af;
169d: 23af;
169e: 23af;
169f: 23af;
16a0: 23af;
16a1: 23af;
16a2: 23af;
16a3: 23af;
16a4: 23af;
16a5: 23af;
16a6: 23af;
16a7: 23af;
16a8: 23af;
16a9: 23bf;
16aa: 24bf;
16ab: 23aa;
16ac: 23a1;
16ad: 0000;
16ae: 0000;
16af: 0000;
16b0: 0000;
16b1: 0000;
16b2: 0000;
16b3: 0000;
16b4: 0000;
16b5: 0000;
16b6: 0000;
16b7: 0000;
16b8: 0000;
16b9: 0000;
16ba: 0000;
16bb: 0000;
16bc: 0000;
16bd: 0000;
16be: 0000;
16bf: 0000;
16c0: 0000;
16c1: 0000;
16c2: 0000;
16c3: 0000;
16c4: 0000;
16c5: 0000;
16c6: 0000;
16c7: 0000;
16c8: 0000;
16c9: 0000;
16ca: 0000;
16cb: 0000;
16cc: 0000;
16cd: 0000;
16ce: 0000;
16cf: 0000;
16d0: 0000;
16d1: 0000;
16d2: 0000;
16d3: 0000;
16d4: 0000;
16d5: 0000;
16d6: 0000;
16d7: 0000;
16d8: 0000;
16d9: 24a2;
16da: 23b7;
16db: 23bd;
16dc: 24bf;
16dd: 24bf;
16de: 23af;
16df: 23af;
16e0: 23af;
16e1: 23af;
16e2: 23af;
16e3: 23af;
16e4: 23af;
16e5: 23af;
16e6: 23af;
16e7: 23af;
16e8: 23af;
16e9: 23af;
16ea: 23af;
16eb: 23af;
16ec: 23af;
16ed: 23af;
16ee: 23af;
16ef: 23af;
16f0: 23af;
16f1: 23af;
16f2: 23af;
16f3: 23af;
16f4: 23af;
16f5: 23af;
16f6: 24bf;
16f7: 23a9;
16f8: 22a0;
16f9: 0000;
16fa: 0000;
16fb: 0000;
16fc: 0000;
16fd: 0000;
16fe: 0000;
16ff: 0000;
1700: 0000;
1701: 0000;
1702: 0000;
1703: 0000;
1704: 0000;
1705: 0000;
1706: 0000;
1707: 0000;
1708: 0000;
1709: 0000;
170a: 0000;
170b: 0000;
170c: 0000;
170d: 0000;
170e: 0000;
170f: 0000;
1710: 0000;
1711: 0000;
1712: 0000;
1713: 0000;
1714: 0000;
1715: 0000;
1716: 05a0;
1717: 13b1;
1718: 24b1;
1719: 24a1;
171a: 24a1;
171b: 24a1;
171c: 24a1;
171d: 24a1;
171e: 24a1;
171f: 24a1;
1720: 24a1;
1721: 24a1;
1722: 24a1;
1723: 24a1;
1724: 24a1;
1725: 24a1;
1726: 24a1;
1727: 24a1;
1728: 24a1;
1729: 24a1;
172a: 24a1;
172b: 24a1;
172c: 24a1;
172d: 23a1;
172e: 33c0;
172f: 0000;
1730: 0000;
1731: 0000;
1732: 0000;
1733: 0000;
1734: 0000;
1735: 0000;
1736: 0000;
1737: 0000;
1738: 0000;
1739: 0000;
173a: 0000;
173b: 0000;
173c: 0000;
173d: 0000;
173e: 0000;
173f: 0000;
1740: 0000;
1741: 0000;
1742: 0000;
1743: 0000;
1744: 0000;
1745: 23a2;
1746: 23b9;
1747: 23af;
1748: 24bf;
1749: 23af;
174a: 23af;
174b: 23af;
174c: 23af;
174d: 23af;
174e: 23af;
174f: 23af;
1750: 23af;
1751: 23af;
1752: 23af;
1753: 23af;
1754: 23af;
1755: 23af;
1756: 23af;
1757: 23af;
1758: 23af;
1759: 23af;
175a: 23af;
175b: 23af;
175c: 23af;
175d: 23af;
175e: 23af;
175f: 23af;
1760: 23af;
1761: 24bf;
1762: 23ad;
1763: 23b2;
1764: 23aa;
1765: 24bf;
1766: 23bf;
1767: 23af;
1768: 23af;
1769: 23af;
176a: 23af;
176b: 23af;
176c: 23af;
176d: 23af;
176e: 23af;
176f: 23af;
1770: 23af;
1771: 23af;
1772: 23af;
1773: 23af;
1774: 23af;
1775: 23af;
1776: 23af;
1777: 23af;
1778: 23af;
1779: 24bf;
177a: 23aa;
177b: 24a1;
177c: 0000;
177d: 0000;
177e: 0000;
177f: 0000;
1780: 0000;
1781: 0000;
1782: 0000;
1783: 0000;
1784: 0000;
1785: 0000;
1786: 0000;
1787: 0000;
1788: 0000;
1789: 0000;
178a: 0000;
178b: 0000;
178c: 0000;
178d: 0000;
178e: 0000;
178f: 0000;
1790: 0000;
1791: 23a4;
1792: 23ad;
1793: 24bf;
1794: 23af;
1795: 23af;
1796: 23af;
1797: 23af;
1798: 23af;
1799: 23af;
179a: 23af;
179b: 23af;
179c: 23af;
179d: 23af;
179e: 23af;
179f: 23af;
17a0: 23af;
17a1: 23af;
17a2: 23af;
17a3: 23af;
17a4: 23af;
17a5: 23af;
17a6: 23af;
17a7: 23af;
17a8: 23bf;
17a9: 24bf;
17aa: 23ab;
17ab: 23a2;
17ac: 0000;
17ad: 23a1;
17ae: 24a1;
17af: 24a1;
17b0: 24a1;
17b1: 24a1;
17b2: 24a1;
17b3: 24a1;
17b4: 24a1;
17b5: 24a1;
17b6: 24a1;
17b7: 24a1;
17b8: 24a1;
17b9: 24a1;
17ba: 24a1;
17bb: 24a1;
17bc: 24a1;
17bd: 24a1;
17be: 24a1;
17bf: 24a1;
17c0: 24a1;
17c1: 24a1;
17c2: 24a1;
17c3: 24b1;
17c4: 33c0;
17c5: 0000;
17c6: 0000;
17c7: 0000;
17c8: 0000;
17c9: 0000;
17ca: 0000;
17cb: 0000;
17cc: 0000;
17cd: 0000;
17ce: 0000;
17cf: 0000;
17d0: 0000;
17d1: 0000;
17d2: 0000;
17d3: 0000;
17d4: 0000;
17d5: 0000;
17d6: 0000;
17d7: 0000;
17d8: 0000;
17d9: 0000;
17da: 0000;
17db: 23a2;
17dc: 23a9;
17dd: 23bf;
17de: 24bf;
17df: 23af;
17e0: 23af;
17e1: 23af;
17e2: 23af;
17e3: 23af;
17e4: 23af;
17e5: 23af;
17e6: 23af;
17e7: 23af;
17e8: 23af;
17e9: 23af;
17ea: 23af;
17eb: 23af;
17ec: 23af;
17ed: 23af;
17ee: 23af;
17ef: 23af;
17f0: 23af;
17f1: 23af;
17f2: 23af;
17f3: 23af;
17f4: 23af;
17f5: 23af;
17f6: 24bf;
17f7: 23ae;
17f8: 23a3;
17f9: 0000;
17fa: 0000;
17fb: 0000;
17fc: 0000;
17fd: 0000;
17fe: 0000;
17ff: 0000;
1800: 0000;
1801: 0000;
1802: 0000;
1803: 0000;
1804: 0000;
1805: 0000;
1806: 0000;
1807: 0000;
1808: 0000;
1809: 0000;
180a: 0000;
180b: 0000;
180c: 0000;
180d: 0000;
180e: 0000;
180f: 0000;
1810: 0000;
1811: 0000;
1812: 0000;
1813: 0000;
1814: 0000;
1815: 0000;
1816: 23a4;
1817: 23ab;
1818: 23ab;
1819: 23ab;
181a: 23ab;
181b: 23ab;
181c: 23ab;
181d: 23ab;
181e: 23ab;
181f: 23ab;
1820: 23ab;
1821: 23ab;
1822: 23ab;
1823: 23ab;
1824: 23ab;
1825: 23ab;
1826: 23ab;
1827: 23ab;
1828: 23ab;
1829: 23ab;
182a: 23ab;
182b: 23ab;
182c: 23ab;
182d: 23ba;
182e: 23b3;
182f: 0000;
1830: 0000;
1831: 0000;
1832: 0000;
1833: 0000;
1834: 0000;
1835: 0000;
1836: 0000;
1837: 0000;
1838: 0000;
1839: 0000;
183a: 0000;
183b: 0000;
183c: 0000;
183d: 0000;
183e: 0000;
183f: 0000;
1840: 0000;
1841: 0000;
1842: 0000;
1843: 0000;
1844: 0000;
1845: 0000;
1846: 33c0;
1847: 23a7;
1848: 23bf;
1849: 24bf;
184a: 23af;
184b: 23af;
184c: 23af;
184d: 23af;
184e: 23af;
184f: 23af;
1850: 23af;
1851: 23af;
1852: 23af;
1853: 23af;
1854: 23af;
1855: 23af;
1856: 23af;
1857: 23af;
1858: 23af;
1859: 23af;
185a: 23af;
185b: 23af;
185c: 23af;
185d: 23af;
185e: 23af;
185f: 23af;
1860: 23af;
1861: 24bf;
1862: 23af;
1863: 23a3;
1864: 23a5;
1865: 24bf;
1866: 23af;
1867: 23af;
1868: 23af;
1869: 23af;
186a: 23af;
186b: 23af;
186c: 23af;
186d: 23af;
186e: 23af;
186f: 23af;
1870: 23af;
1871: 23af;
1872: 23af;
1873: 23af;
1874: 23af;
1875: 23af;
1876: 23af;
1877: 23af;
1878: 23af;
1879: 23bf;
187a: 23be;
187b: 23b3;
187c: 0000;
187d: 0000;
187e: 0000;
187f: 0000;
1880: 0000;
1881: 0000;
1882: 0000;
1883: 0000;
1884: 0000;
1885: 0000;
1886: 0000;
1887: 0000;
1888: 0000;
1889: 0000;
188a: 0000;
188b: 0000;
188c: 0000;
188d: 0000;
188e: 0000;
188f: 0000;
1890: 23a2;
1891: 23ac;
1892: 24bf;
1893: 23af;
1894: 23af;
1895: 23af;
1896: 23af;
1897: 23af;
1898: 23af;
1899: 23af;
189a: 23af;
189b: 23af;
189c: 23af;
189d: 23af;
189e: 23af;
189f: 23af;
18a0: 23af;
18a1: 23af;
18a2: 23af;
18a3: 23af;
18a4: 23af;
18a5: 23af;
18a6: 23af;
18a7: 23af;
18a8: 24bf;
18a9: 23ac;
18aa: 23a3;
18ab: 0000;
18ac: 23a4;
18ad: 23bb;
18ae: 23bb;
18af: 23ab;
18b0: 23ab;
18b1: 23ab;
18b2: 23ab;
18b3: 23ab;
18b4: 23ab;
18b5: 23ab;
18b6: 23ab;
18b7: 23ab;
18b8: 23ab;
18b9: 23ab;
18ba: 23ab;
18bb: 23ab;
18bc: 23ab;
18bd: 23ab;
18be: 23ab;
18bf: 23ab;
18c0: 23ab;
18c1: 23ab;
18c2: 23ab;
18c3: 23ab;
18c4: 23b3;
18c5: 0000;
18c6: 0000;
18c7: 0000;
18c8: 0000;
18c9: 0000;
18ca: 0000;
18cb: 0000;
18cc: 0000;
18cd: 0000;
18ce: 0000;
18cf: 0000;
18d0: 0000;
18d1: 0000;
18d2: 0000;
18d3: 0000;
18d4: 0000;
18d5: 0000;
18d6: 0000;
18d7: 0000;
18d8: 0000;
18d9: 0000;
18da: 0000;
18db: 0000;
18dc: 0390;
18dd: 23a7;
18de: 23be;
18df: 24bf;
18e0: 23af;
18e1: 23af;
18e2: 23af;
18e3: 23af;
18e4: 23af;
18e5: 23af;
18e6: 23af;
18e7: 23af;
18e8: 23af;
18e9: 23af;
18ea: 23af;
18eb: 23af;
18ec: 23af;
18ed: 23af;
18ee: 23af;
18ef: 23af;
18f0: 23af;
18f1: 23af;
18f2: 23af;
18f3: 23af;
18f4: 23af;
18f5: 23af;
18f6: 23af;
18f7: 24bf;
18f8: 23a9;
18f9: 0000;
18fa: 0000;
18fb: 0000;
18fc: 0000;
18fd: 0000;
18fe: 0000;
18ff: 0000;
1900: 0000;
1901: 0000;
1902: 0000;
1903: 0000;
1904: 0000;
1905: 0000;
1906: 0000;
1907: 0000;
1908: 0000;
1909: 0000;
190a: 0000;
190b: 0000;
190c: 0000;
190d: 0000;
190e: 0000;
190f: 0000;
1910: 0000;
1911: 0000;
1912: 0000;
1913: 0000;
1914: 0000;
1915: 0000;
1916: 23a8;
1917: 24bf;
1918: 24bf;
1919: 24bf;
191a: 24bf;
191b: 24bf;
191c: 24bf;
191d: 24bf;
191e: 24bf;
191f: 24bf;
1920: 24bf;
1921: 24bf;
1922: 24bf;
1923: 24bf;
1924: 24bf;
1925: 24bf;
1926: 24bf;
1927: 24bf;
1928: 24bf;
1929: 24bf;
192a: 24bf;
192b: 24bf;
192c: 24bf;
192d: 23ad;
192e: 23b3;
192f: 0000;
1930: 0000;
1931: 0000;
1932: 0000;
1933: 0000;
1934: 0000;
1935: 0000;
1936: 0000;
1937: 0000;
1938: 0000;
1939: 0000;
193a: 0000;
193b: 0000;
193c: 0000;
193d: 0000;
193e: 0000;
193f: 0000;
1940: 0000;
1941: 0000;
1942: 0000;
1943: 0000;
1944: 0000;
1945: 0000;
1946: 0000;
1947: 00f0;
1948: 23a7;
1949: 23bf;
194a: 23bf;
194b: 23af;
194c: 23af;
194d: 23af;
194e: 23af;
194f: 23af;
1950: 23af;
1951: 23af;
1952: 23af;
1953: 23af;
1954: 23af;
1955: 23af;
1956: 23af;
1957: 23af;
1958: 23af;
1959: 23af;
195a: 23af;
195b: 23af;
195c: 23af;
195d: 23af;
195e: 23af;
195f: 23af;
1960: 23af;
1961: 24af;
1962: 24bf;
1963: 23a5;
1964: 24a2;
1965: 23ae;
1966: 24bf;
1967: 23af;
1968: 23af;
1969: 23af;
196a: 23af;
196b: 23af;
196c: 23af;
196d: 23af;
196e: 23af;
196f: 23af;
1970: 23af;
1971: 23af;
1972: 23af;
1973: 23af;
1974: 23af;
1975: 23af;
1976: 23af;
1977: 23af;
1978: 23af;
1979: 23bf;
197a: 24bf;
197b: 23b6;
197c: 0000;
197d: 0000;
197e: 0000;
197f: 0000;
1980: 0000;
1981: 0000;
1982: 0000;
1983: 0000;
1984: 0000;
1985: 0000;
1986: 0000;
1987: 0000;
1988: 0000;
1989: 0000;
198a: 0000;
198b: 0000;
198c: 0000;
198d: 0000;
198e: 0000;
198f: 23a1;
1990: 23aa;
1991: 24bf;
1992: 23af;
1993: 23af;
1994: 23af;
1995: 23af;
1996: 23af;
1997: 23af;
1998: 23af;
1999: 23af;
199a: 23af;
199b: 23af;
199c: 23af;
199d: 23af;
199e: 23af;
199f: 23af;
19a0: 23af;
19a1: 23af;
19a2: 23af;
19a3: 23af;
19a4: 23af;
19a5: 23af;
19a6: 23af;
19a7: 24bf;
19a8: 23ad;
19a9: 23a3;
19aa: 0000;
19ab: 0000;
19ac: 23a8;
19ad: 24bf;
19ae: 24bf;
19af: 24bf;
19b0: 24bf;
19b1: 24bf;
19b2: 24bf;
19b3: 24bf;
19b4: 24bf;
19b5: 24bf;
19b6: 24bf;
19b7: 24bf;
19b8: 24bf;
19b9: 24bf;
19ba: 24bf;
19bb: 24bf;
19bc: 24bf;
19bd: 24bf;
19be: 24bf;
19bf: 24bf;
19c0: 24bf;
19c1: 24bf;
19c2: 24bf;
19c3: 23ae;
19c4: 23b2;
19c5: 0000;
19c6: 0000;
19c7: 0000;
19c8: 0000;
19c9: 0000;
19ca: 0000;
19cb: 0000;
19cc: 0000;
19cd: 0000;
19ce: 0000;
19cf: 0000;
19d0: 0000;
19d1: 0000;
19d2: 0000;
19d3: 0000;
19d4: 0000;
19d5: 0000;
19d6: 0000;
19d7: 0000;
19d8: 0000;
19d9: 0000;
19da: 0000;
19db: 0000;
19dc: 0000;
19dd: 0000;
19de: 23a7;
19df: 23bf;
19e0: 24bf;
19e1: 23af;
19e2: 23af;
19e3: 23af;
19e4: 23af;
19e5: 23af;
19e6: 23af;
19e7: 23af;
19e8: 23af;
19e9: 23af;
19ea: 23af;
19eb: 23af;
19ec: 23af;
19ed: 23af;
19ee: 23af;
19ef: 23af;
19f0: 23af;
19f1: 23af;
19f2: 23af;
19f3: 23af;
19f4: 23af;
19f5: 23af;
19f6: 23af;
19f7: 24bf;
19f8: 23ad;
19f9: 24a1;
19fa: 0000;
19fb: 0000;
19fc: 0000;
19fd: 0000;
19fe: 0000;
19ff: 0000;
1a00: 0000;
1a01: 0000;
1a02: 0000;
1a03: 0000;
1a04: 0000;
1a05: 0000;
1a06: 0000;
1a07: 0000;
1a08: 0000;
1a09: 0000;
1a0a: 0000;
1a0b: 0000;
1a0c: 0000;
1a0d: 0000;
1a0e: 0000;
1a0f: 0000;
1a10: 0000;
1a11: 0000;
1a12: 0000;
1a13: 0000;
1a14: 0000;
1a15: 14a1;
1a16: 23ab;
1a17: 24bf;
1a18: 23af;
1a19: 23af;
1a1a: 23af;
1a1b: 23af;
1a1c: 23af;
1a1d: 23af;
1a1e: 23af;
1a1f: 23af;
1a20: 23af;
1a21: 23af;
1a22: 23af;
1a23: 23af;
1a24: 23af;
1a25: 23af;
1a26: 23af;
1a27: 23af;
1a28: 23af;
1a29: 23af;
1a2a: 23af;
1a2b: 23af;
1a2c: 24bf;
1a2d: 23aa;
1a2e: 24b0;
1a2f: 0000;
1a30: 0000;
1a31: 0000;
1a32: 0000;
1a33: 0000;
1a34: 0000;
1a35: 0000;
1a36: 0000;
1a37: 0000;
1a38: 0000;
1a39: 0000;
1a3a: 0000;
1a3b: 0000;
1a3c: 0000;
1a3d: 0000;
1a3e: 0000;
1a3f: 0000;
1a40: 0000;
1a41: 0000;
1a42: 0000;
1a43: 0000;
1a44: 0000;
1a45: 0000;
1a46: 0000;
1a47: 0000;
1a48: 2490;
1a49: 23a9;
1a4a: 24bf;
1a4b: 23af;
1a4c: 23af;
1a4d: 23af;
1a4e: 23af;
1a4f: 23af;
1a50: 23af;
1a51: 23af;
1a52: 23af;
1a53: 23af;
1a54: 23af;
1a55: 23af;
1a56: 23af;
1a57: 23af;
1a58: 23af;
1a59: 23af;
1a5a: 23af;
1a5b: 23af;
1a5c: 23af;
1a5d: 23af;
1a5e: 23af;
1a5f: 23af;
1a60: 23af;
1a61: 23bf;
1a62: 24bf;
1a63: 23a7;
1a64: 3390;
1a65: 23a9;
1a66: 24bf;
1a67: 23af;
1a68: 23af;
1a69: 23af;
1a6a: 23af;
1a6b: 23af;
1a6c: 23af;
1a6d: 23af;
1a6e: 23af;
1a6f: 23af;
1a70: 23af;
1a71: 23af;
1a72: 23af;
1a73: 23af;
1a74: 23af;
1a75: 23af;
1a76: 23af;
1a77: 23af;
1a78: 23af;
1a79: 23af;
1a7a: 24bf;
1a7b: 23ab;
1a7c: 23c1;
1a7d: 0000;
1a7e: 0000;
1a7f: 0000;
1a80: 0000;
1a81: 0000;
1a82: 0000;
1a83: 0000;
1a84: 0000;
1a85: 0000;
1a86: 0000;
1a87: 0000;
1a88: 0000;
1a89: 0000;
1a8a: 0000;
1a8b: 0000;
1a8c: 0000;
1a8d: 0000;
1a8e: 44b0;
1a8f: 23a9;
1a90: 24bf;
1a91: 23bf;
1a92: 23af;
1a93: 23af;
1a94: 23af;
1a95: 23af;
1a96: 23af;
1a97: 23af;
1a98: 23af;
1a99: 23af;
1a9a: 23af;
1a9b: 23af;
1a9c: 23af;
1a9d: 23af;
1a9e: 23af;
1a9f: 23af;
1aa0: 23af;
1aa1: 23af;
1aa2: 23af;
1aa3: 23af;
1aa4: 23af;
1aa5: 23af;
1aa6: 24bf;
1aa7: 23ae;
1aa8: 24a4;
1aa9: 0000;
1aaa: 0000;
1aab: 2490;
1aac: 23ab;
1aad: 24bf;
1aae: 23af;
1aaf: 23af;
1ab0: 23af;
1ab1: 23af;
1ab2: 23af;
1ab3: 23af;
1ab4: 23af;
1ab5: 23af;
1ab6: 23af;
1ab7: 23af;
1ab8: 23af;
1ab9: 23af;
1aba: 23af;
1abb: 23af;
1abc: 23af;
1abd: 23af;
1abe: 23af;
1abf: 23af;
1ac0: 23af;
1ac1: 23af;
1ac2: 24bf;
1ac3: 23ab;
1ac4: 23c1;
1ac5: 0000;
1ac6: 0000;
1ac7: 0000;
1ac8: 0000;
1ac9: 0000;
1aca: 0000;
1acb: 0000;
1acc: 0000;
1acd: 0000;
1ace: 0000;
1acf: 0000;
1ad0: 0000;
1ad1: 0000;
1ad2: 0000;
1ad3: 0000;
1ad4: 0000;
1ad5: 0000;
1ad6: 0000;
1ad7: 0000;
1ad8: 0000;
1ad9: 0000;
1ada: 0000;
1adb: 0000;
1adc: 0000;
1add: 0000;
1ade: 22a0;
1adf: 23a9;
1ae0: 24bf;
1ae1: 24bf;
1ae2: 23af;
1ae3: 23af;
1ae4: 23af;
1ae5: 23af;
1ae6: 23af;
1ae7: 23af;
1ae8: 23af;
1ae9: 23af;
1aea: 23af;
1aeb: 23af;
1aec: 23af;
1aed: 23af;
1aee: 23af;
1aef: 23af;
1af0: 23af;
1af1: 23af;
1af2: 23af;
1af3: 23af;
1af4: 23af;
1af5: 23af;
1af6: 23af;
1af7: 24bf;
1af8: 23ae;
1af9: 24a5;
1afa: 0000;
1afb: 0000;
1afc: 0000;
1afd: 0000;
1afe: 0000;
1aff: 0000;
1b00: 0000;
1b01: 0000;
1b02: 0000;
1b03: 0000;
1b04: 0000;
1b05: 0000;
1b06: 0000;
1b07: 0000;
1b08: 0000;
1b09: 0000;
1b0a: 0000;
1b0b: 0000;
1b0c: 0000;
1b0d: 0000;
1b0e: 0000;
1b0f: 0000;
1b10: 0000;
1b11: 0000;
1b12: 0000;
1b13: 0000;
1b14: 0000;
1b15: 24a3;
1b16: 23ad;
1b17: 24bf;
1b18: 23af;
1b19: 23af;
1b1a: 23af;
1b1b: 23af;
1b1c: 23af;
1b1d: 23af;
1b1e: 23af;
1b1f: 23af;
1b20: 23af;
1b21: 23af;
1b22: 23af;
1b23: 23af;
1b24: 23af;
1b25: 23af;
1b26: 23af;
1b27: 23af;
1b28: 23af;
1b29: 23af;
1b2a: 23af;
1b2b: 24bf;
1b2c: 24bf;
1b2d: 23b8;
1b2e: 0000;
1b2f: 0000;
1b30: 0000;
1b31: 0000;
1b32: 0000;
1b33: 0000;
1b34: 0000;
1b35: 0000;
1b36: 0000;
1b37: 0000;
1b38: 0000;
1b39: 0000;
1b3a: 0000;
1b3b: 0000;
1b3c: 0000;
1b3d: 0000;
1b3e: 0000;
1b3f: 0000;
1b40: 0000;
1b41: 0000;
1b42: 0000;
1b43: 0000;
1b44: 0000;
1b45: 0000;
1b46: 0000;
1b47: 0000;
1b48: 0000;
1b49: 23a3;
1b4a: 23bd;
1b4b: 24bf;
1b4c: 23af;
1b4d: 23af;
1b4e: 23af;
1b4f: 23af;
1b50: 23af;
1b51: 23af;
1b52: 23af;
1b53: 23af;
1b54: 23af;
1b55: 23af;
1b56: 23af;
1b57: 23af;
1b58: 23af;
1b59: 23af;
1b5a: 23af;
1b5b: 23af;
1b5c: 23af;
1b5d: 23af;
1b5e: 23af;
1b5f: 23af;
1b60: 23af;
1b61: 23bf;
1b62: 24bf;
1b63: 23a9;
1b64: 0000;
1b65: 23a5;
1b66: 23bf;
1b67: 24bf;
1b68: 23af;
1b69: 23af;
1b6a: 23af;
1b6b: 23af;
1b6c: 23af;
1b6d: 23af;
1b6e: 23af;
1b6f: 23af;
1b70: 23af;
1b71: 23af;
1b72: 23af;
1b73: 23af;
1b74: 23af;
1b75: 23af;
1b76: 23af;
1b77: 23af;
1b78: 23af;
1b79: 23af;
1b7a: 24bf;
1b7b: 23ae;
1b7c: 23a3;
1b7d: 0000;
1b7e: 0000;
1b7f: 0000;
1b80: 0000;
1b81: 0000;
1b82: 0000;
1b83: 0000;
1b84: 0000;
1b85: 0000;
1b86: 0000;
1b87: 0000;
1b88: 0000;
1b89: 0000;
1b8a: 0000;
1b8b: 0000;
1b8c: 0000;
1b8d: 0000;
1b8e: 23a7;
1b8f: 24bf;
1b90: 24bf;
1b91: 23af;
1b92: 23af;
1b93: 23af;
1b94: 23af;
1b95: 23af;
1b96: 23af;
1b97: 23af;
1b98: 23af;
1b99: 23af;
1b9a: 23af;
1b9b: 23af;
1b9c: 23af;
1b9d: 23af;
1b9e: 23af;
1b9f: 23af;
1ba0: 23af;
1ba1: 23af;
1ba2: 23af;
1ba3: 23af;
1ba4: 23af;
1ba5: 24bf;
1ba6: 23ae;
1ba7: 23a5;
1ba8: 0000;
1ba9: 0000;
1baa: 0000;
1bab: 24a2;
1bac: 23ae;
1bad: 24bf;
1bae: 23af;
1baf: 23af;
1bb0: 23af;
1bb1: 23af;
1bb2: 23af;
1bb3: 23af;
1bb4: 23af;
1bb5: 23af;
1bb6: 23af;
1bb7: 23af;
1bb8: 23af;
1bb9: 23af;
1bba: 23af;
1bbb: 23af;
1bbc: 23af;
1bbd: 23af;
1bbe: 23af;
1bbf: 23af;
1bc0: 23af;
1bc1: 23bf;
1bc2: 24bf;
1bc3: 23a8;
1bc4: 0000;
1bc5: 0000;
1bc6: 0000;
1bc7: 0000;
1bc8: 0000;
1bc9: 0000;
1bca: 0000;
1bcb: 0000;
1bcc: 0000;
1bcd: 0000;
1bce: 0000;
1bcf: 0000;
1bd0: 0000;
1bd1: 0000;
1bd2: 0000;
1bd3: 0000;
1bd4: 0000;
1bd5: 0000;
1bd6: 0000;
1bd7: 0000;
1bd8: 0000;
1bd9: 0000;
1bda: 0000;
1bdb: 0000;
1bdc: 0000;
1bdd: 0000;
1bde: 0000;
1bdf: 23a2;
1be0: 23ad;
1be1: 24bf;
1be2: 23af;
1be3: 23af;
1be4: 23af;
1be5: 23af;
1be6: 23af;
1be7: 23af;
1be8: 23af;
1be9: 23af;
1bea: 23af;
1beb: 23af;
1bec: 23af;
1bed: 23af;
1bee: 23af;
1bef: 23af;
1bf0: 23af;
1bf1: 23af;
1bf2: 23af;
1bf3: 23af;
1bf4: 23af;
1bf5: 23af;
1bf6: 23af;
1bf7: 23bf;
1bf8: 24bf;
1bf9: 23a8;
1bfa: 0000;
1bfb: 0000;
1bfc: 0000;
1bfd: 0000;
1bfe: 0000;
1bff: 0000;
1c00: 0000;
1c01: 0000;
1c02: 0000;
1c03: 0000;
1c04: 0000;
1c05: 0000;
1c06: 0000;
1c07: 0000;
1c08: 0000;
1c09: 0000;
1c0a: 0000;
1c0b: 0000;
1c0c: 0000;
1c0d: 0000;
1c0e: 0000;
1c0f: 0000;
1c10: 0000;
1c11: 0000;
1c12: 0000;
1c13: 0000;
1c14: 0000;
1c15: 23a5;
1c16: 23bf;
1c17: 24bf;
1c18: 23af;
1c19: 23af;
1c1a: 23af;
1c1b: 23af;
1c1c: 23af;
1c1d: 23af;
1c1e: 23af;
1c1f: 23af;
1c20: 23af;
1c21: 23af;
1c22: 23af;
1c23: 23af;
1c24: 23af;
1c25: 23af;
1c26: 23af;
1c27: 23af;
1c28: 23af;
1c29: 23af;
1c2a: 23af;
1c2b: 24bf;
1c2c: 23ae;
1c2d: 23a5;
1c2e: 0000;
1c2f: 0000;
1c30: 0000;
1c31: 0000;
1c32: 0000;
1c33: 0000;
1c34: 0000;
1c35: 0000;
1c36: 0000;
1c37: 0000;
1c38: 0000;
1c39: 0000;
1c3a: 0000;
1c3b: 0000;
1c3c: 0000;
1c3d: 0000;
1c3e: 0000;
1c3f: 0000;
1c40: 0000;
1c41: 0000;
1c42: 0000;
1c43: 0000;
1c44: 0000;
1c45: 0000;
1c46: 0000;
1c47: 0000;
1c48: 0000;
1c49: 0000;
1c4a: 23a8;
1c4b: 24bf;
1c4c: 23bf;
1c4d: 23af;
1c4e: 23af;
1c4f: 23af;
1c50: 23af;
1c51: 23af;
1c52: 23af;
1c53: 23af;
1c54: 23af;
1c55: 23af;
1c56: 23af;
1c57: 23af;
1c58: 23af;
1c59: 23af;
1c5a: 23af;
1c5b: 23af;
1c5c: 23af;
1c5d: 23af;
1c5e: 23af;
1c5f: 23af;
1c60: 23af;
1c61: 23af;
1c62: 24bf;
1c63: 23aa;
1c64: 0000;
1c65: 24a2;
1c66: 23ac;
1c67: 24bf;
1c68: 23af;
1c69: 23af;
1c6a: 23af;
1c6b: 23af;
1c6c: 23af;
1c6d: 23af;
1c6e: 23af;
1c6f: 23af;
1c70: 23af;
1c71: 23af;
1c72: 23af;
1c73: 23af;
1c74: 23af;
1c75: 23af;
1c76: 23af;
1c77: 23af;
1c78: 23af;
1c79: 23af;
1c7a: 24bf;
1c7b: 24bf;
1c7c: 23a7;
1c7d: 0000;
1c7e: 0000;
1c7f: 0000;
1c80: 0000;
1c81: 0000;
1c82: 0000;
1c83: 0000;
1c84: 0000;
1c85: 0000;
1c86: 0000;
1c87: 0000;
1c88: 0000;
1c89: 0000;
1c8a: 0000;
1c8b: 0000;
1c8c: 0000;
1c8d: 23a5;
1c8e: 23be;
1c8f: 24bf;
1c90: 23af;
1c91: 23af;
1c92: 23af;
1c93: 23af;
1c94: 23af;
1c95: 23af;
1c96: 23af;
1c97: 23af;
1c98: 23af;
1c99: 23af;
1c9a: 23af;
1c9b: 23af;
1c9c: 23af;
1c9d: 23af;
1c9e: 23af;
1c9f: 23af;
1ca0: 23af;
1ca1: 23af;
1ca2: 23af;
1ca3: 23af;
1ca4: 24bf;
1ca5: 23bf;
1ca6: 23a7;
1ca7: 0000;
1ca8: 0000;
1ca9: 0000;
1caa: 0000;
1cab: 23a5;
1cac: 23af;
1cad: 24bf;
1cae: 23af;
1caf: 23af;
1cb0: 23af;
1cb1: 23af;
1cb2: 23af;
1cb3: 23af;
1cb4: 23af;
1cb5: 23af;
1cb6: 23af;
1cb7: 23af;
1cb8: 23af;
1cb9: 23af;
1cba: 23af;
1cbb: 23af;
1cbc: 23af;
1cbd: 23af;
1cbe: 23af;
1cbf: 23af;
1cc0: 23af;
1cc1: 23bf;
1cc2: 24af;
1cc3: 23a5;
1cc4: 0000;
1cc5: 0000;
1cc6: 0000;
1cc7: 0000;
1cc8: 0000;
1cc9: 0000;
1cca: 0000;
1ccb: 0000;
1ccc: 0000;
1ccd: 0000;
1cce: 0000;
1ccf: 0000;
1cd0: 0000;
1cd1: 0000;
1cd2: 0000;
1cd3: 0000;
1cd4: 0000;
1cd5: 0000;
1cd6: 0000;
1cd7: 0000;
1cd8: 0000;
1cd9: 0000;
1cda: 0000;
1cdb: 0000;
1cdc: 0000;
1cdd: 0000;
1cde: 0000;
1cdf: 0000;
1ce0: 23a7;
1ce1: 24bf;
1ce2: 23bf;
1ce3: 23af;
1ce4: 23af;
1ce5: 23af;
1ce6: 23af;
1ce7: 23af;
1ce8: 23af;
1ce9: 23af;
1cea: 23af;
1ceb: 23af;
1cec: 23af;
1ced: 23af;
1cee: 23af;
1cef: 23af;
1cf0: 23af;
1cf1: 23af;
1cf2: 23af;
1cf3: 23af;
1cf4: 23af;
1cf5: 23af;
1cf6: 23af;
1cf7: 23bf;
1cf8: 24bf;
1cf9: 23ba;
1cfa: 0070;
1cfb: 0000;
1cfc: 0000;
1cfd: 0000;
1cfe: 0000;
1cff: 0000;
1d00: 0000;
1d01: 0000;
1d02: 0000;
1d03: 0000;
1d04: 0000;
1d05: 0000;
1d06: 0000;
1d07: 0000;
1d08: 0000;
1d09: 0000;
1d0a: 0000;
1d0b: 0000;
1d0c: 0000;
1d0d: 0000;
1d0e: 0000;
1d0f: 0000;
1d10: 0000;
1d11: 0000;
1d12: 0000;
1d13: 0000;
1d14: 0000;
1d15: 23a7;
1d16: 24bf;
1d17: 23af;
1d18: 23af;
1d19: 23af;
1d1a: 23af;
1d1b: 23af;
1d1c: 23af;
1d1d: 23af;
1d1e: 23af;
1d1f: 23af;
1d20: 23af;
1d21: 23af;
1d22: 23af;
1d23: 23af;
1d24: 23af;
1d25: 23af;
1d26: 23af;
1d27: 23af;
1d28: 23af;
1d29: 23af;
1d2a: 23af;
1d2b: 24bf;
1d2c: 23ad;
1d2d: 23a3;
1d2e: 0000;
1d2f: 0000;
1d30: 0000;
1d31: 0000;
1d32: 0000;
1d33: 0000;
1d34: 0000;
1d35: 0000;
1d36: 0000;
1d37: 0000;
1d38: 0000;
1d39: 0000;
1d3a: 0000;
1d3b: 0000;
1d3c: 0000;
1d3d: 0000;
1d3e: 0000;
1d3f: 0000;
1d40: 0000;
1d41: 0000;
1d42: 0000;
1d43: 0000;
1d44: 0000;
1d45: 0000;
1d46: 0000;
1d47: 0000;
1d48: 0000;
1d49: 0000;
1d4a: 23a4;
1d4b: 23ae;
1d4c: 24bf;
1d4d: 23af;
1d4e: 23af;
1d4f: 23af;
1d50: 23af;
1d51: 23af;
1d52: 23af;
1d53: 23af;
1d54: 23af;
1d55: 23af;
1d56: 23af;
1d57: 23af;
1d58: 23af;
1d59: 23af;
1d5a: 23af;
1d5b: 23af;
1d5c: 23af;
1d5d: 23af;
1d5e: 23af;
1d5f: 23af;
1d60: 23af;
1d61: 23af;
1d62: 24bf;
1d63: 23ab;
1d64: 0390;
1d65: 0000;
1d66: 24a9;
1d67: 24bf;
1d68: 23bf;
1d69: 23af;
1d6a: 23af;
1d6b: 23af;
1d6c: 23af;
1d6d: 23af;
1d6e: 23af;
1d6f: 23af;
1d70: 23af;
1d71: 23af;
1d72: 23af;
1d73: 23af;
1d74: 23af;
1d75: 23af;
1d76: 23af;
1d77: 23af;
1d78: 23af;
1d79: 23af;
1d7a: 23bf;
1d7b: 24bf;
1d7c: 23ab;
1d7d: 13a1;
1d7e: 0000;
1d7f: 0000;
1d80: 0000;
1d81: 0000;
1d82: 0000;
1d83: 0000;
1d84: 0000;
1d85: 0000;
1d86: 0000;
1d87: 0000;
1d88: 0000;
1d89: 0000;
1d8a: 0000;
1d8b: 0000;
1d8c: 23a3;
1d8d: 23ad;
1d8e: 24bf;
1d8f: 23af;
1d90: 23af;
1d91: 23af;
1d92: 23af;
1d93: 23af;
1d94: 23af;
1d95: 23af;
1d96: 23af;
1d97: 23af;
1d98: 23af;
1d99: 23af;
1d9a: 23af;
1d9b: 23af;
1d9c: 23af;
1d9d: 23af;
1d9e: 23af;
1d9f: 23af;
1da0: 23af;
1da1: 23af;
1da2: 23af;
1da3: 24bf;
1da4: 24bf;
1da5: 23a8;
1da6: 33c0;
1da7: 0000;
1da8: 0000;
1da9: 0000;
1daa: 0000;
1dab: 23a8;
1dac: 24bf;
1dad: 23bf;
1dae: 23af;
1daf: 23af;
1db0: 23af;
1db1: 23af;
1db2: 23af;
1db3: 23af;
1db4: 23af;
1db5: 23af;
1db6: 23af;
1db7: 23af;
1db8: 23af;
1db9: 23af;
1dba: 23af;
1dbb: 23af;
1dbc: 23af;
1dbd: 23af;
1dbe: 23af;
1dbf: 23af;
1dc0: 23af;
1dc1: 24bf;
1dc2: 23ae;
1dc3: 23a2;
1dc4: 0000;
1dc5: 0000;
1dc6: 0000;
1dc7: 0000;
1dc8: 0000;
1dc9: 0000;
1dca: 0000;
1dcb: 0000;
1dcc: 0000;
1dcd: 0000;
1dce: 0000;
1dcf: 0000;
1dd0: 0000;
1dd1: 0000;
1dd2: 0000;
1dd3: 0000;
1dd4: 0000;
1dd5: 0000;
1dd6: 0000;
1dd7: 0000;
1dd8: 0000;
1dd9: 0000;
1dda: 0000;
1ddb: 0000;
1ddc: 0000;
1ddd: 0000;
1dde: 0000;
1ddf: 0000;
1de0: 24a3;
1de1: 23ae;
1de2: 24bf;
1de3: 23af;
1de4: 23af;
1de5: 23af;
1de6: 23af;
1de7: 23af;
1de8: 23af;
1de9: 23af;
1dea: 23af;
1deb: 23af;
1dec: 23af;
1ded: 23af;
1dee: 23af;
1def: 23af;
1df0: 23af;
1df1: 23af;
1df2: 23af;
1df3: 23af;
1df4: 23af;
1df5: 23af;
1df6: 23af;
1df7: 23af;
1df8: 24bf;
1df9: 23ab;
1dfa: 23b1;
1dfb: 0000;
1dfc: 0000;
1dfd: 0000;
1dfe: 0000;
1dff: 0000;
1e00: 0000;
1e01: 0000;
1e02: 0000;
1e03: 0000;
1e04: 0000;
1e05: 0000;
1e06: 0000;
1e07: 0000;
1e08: 0000;
1e09: 0000;
1e0a: 0000;
1e0b: 0000;
1e0c: 0000;
1e0d: 0000;
1e0e: 0000;
1e0f: 0000;
1e10: 0000;
1e11: 0000;
1e12: 0000;
1e13: 0000;
1e14: 13a1;
1e15: 23aa;
1e16: 24bf;
1e17: 23af;
1e18: 23af;
1e19: 23af;
1e1a: 23af;
1e1b: 23af;
1e1c: 23af;
1e1d: 23af;
1e1e: 23af;
1e1f: 23af;
1e20: 23af;
1e21: 23af;
1e22: 23af;
1e23: 23af;
1e24: 23af;
1e25: 23af;
1e26: 23af;
1e27: 23af;
1e28: 23af;
1e29: 23af;
1e2a: 23bf;
1e2b: 24bf;
1e2c: 23ab;
1e2d: 22a0;
1e2e: 0000;
1e2f: 0000;
1e30: 0000;
1e31: 0000;
1e32: 0000;
1e33: 0000;
1e34: 0000;
1e35: 0000;
1e36: 0000;
1e37: 0000;
1e38: 0000;
1e39: 0000;
1e3a: 0000;
1e3b: 0000;
1e3c: 0000;
1e3d: 0000;
1e3e: 0000;
1e3f: 0000;
1e40: 0000;
1e41: 0000;
1e42: 0000;
1e43: 0000;
1e44: 0000;
1e45: 0000;
1e46: 0000;
1e47: 0000;
1e48: 0000;
1e49: 0000;
1e4a: 23b2;
1e4b: 23ac;
1e4c: 24bf;
1e4d: 23af;
1e4e: 23af;
1e4f: 23af;
1e50: 23af;
1e51: 23af;
1e52: 23af;
1e53: 23af;
1e54: 23af;
1e55: 23af;
1e56: 23af;
1e57: 23af;
1e58: 23af;
1e59: 23af;
1e5a: 23af;
1e5b: 23af;
1e5c: 23af;
1e5d: 23af;
1e5e: 23af;
1e5f: 23af;
1e60: 23af;
1e61: 23af;
1e62: 24bf;
1e63: 23ab;
1e64: 23c1;
1e65: 0000;
1e66: 23b5;
1e67: 23ae;
1e68: 24bf;
1e69: 23af;
1e6a: 23af;
1e6b: 23af;
1e6c: 23af;
1e6d: 23af;
1e6e: 23af;
1e6f: 23af;
1e70: 23af;
1e71: 23af;
1e72: 23af;
1e73: 23af;
1e74: 23af;
1e75: 23af;
1e76: 23af;
1e77: 23af;
1e78: 23af;
1e79: 23af;
1e7a: 23af;
1e7b: 24bf;
1e7c: 23ae;
1e7d: 23b4;
1e7e: 0000;
1e7f: 0000;
1e80: 0000;
1e81: 0000;
1e82: 0000;
1e83: 0000;
1e84: 0000;
1e85: 0000;
1e86: 0000;
1e87: 0000;
1e88: 0000;
1e89: 0000;
1e8a: 0000;
1e8b: 23b2;
1e8c: 23ab;
1e8d: 24bf;
1e8e: 23af;
1e8f: 23af;
1e90: 23af;
1e91: 23af;
1e92: 23af;
1e93: 23af;
1e94: 23af;
1e95: 23af;
1e96: 23af;
1e97: 23af;
1e98: 23af;
1e99: 23af;
1e9a: 23af;
1e9b: 23af;
1e9c: 23af;
1e9d: 23af;
1e9e: 23af;
1e9f: 23af;
1ea0: 23af;
1ea1: 23af;
1ea2: 23bf;
1ea3: 24bf;
1ea4: 23a9;
1ea5: 13a1;
1ea6: 0000;
1ea7: 0000;
1ea8: 0000;
1ea9: 0000;
1eaa: 33c0;
1eab: 23ab;
1eac: 24bf;
1ead: 23af;
1eae: 23af;
1eaf: 23af;
1eb0: 23af;
1eb1: 23af;
1eb2: 23af;
1eb3: 23af;
1eb4: 23af;
1eb5: 23af;
1eb6: 23af;
1eb7: 23af;
1eb8: 23af;
1eb9: 23af;
1eba: 23af;
1ebb: 23af;
1ebc: 23af;
1ebd: 23af;
1ebe: 23af;
1ebf: 23af;
1ec0: 23af;
1ec1: 24bf;
1ec2: 23ab;
1ec3: 24b1;
1ec4: 0000;
1ec5: 0000;
1ec6: 0000;
1ec7: 0000;
1ec8: 0000;
1ec9: 0000;
1eca: 0000;
1ecb: 0000;
1ecc: 0000;
1ecd: 0000;
1ece: 0000;
1ecf: 0000;
1ed0: 0000;
1ed1: 0000;
1ed2: 0000;
1ed3: 0000;
1ed4: 0000;
1ed5: 0000;
1ed6: 0000;
1ed7: 0000;
1ed8: 0000;
1ed9: 0000;
1eda: 0000;
1edb: 0000;
1edc: 0000;
1edd: 0000;
1ede: 0000;
1edf: 0000;
1ee0: 24b1;
1ee1: 23ac;
1ee2: 24bf;
1ee3: 23af;
1ee4: 23af;
1ee5: 23af;
1ee6: 23af;
1ee7: 23af;
1ee8: 23af;
1ee9: 23af;
1eea: 23af;
1eeb: 23af;
1eec: 23af;
1eed: 23af;
1eee: 23af;
1eef: 23af;
1ef0: 23af;
1ef1: 23af;
1ef2: 23af;
1ef3: 23af;
1ef4: 23af;
1ef5: 23af;
1ef6: 23af;
1ef7: 23af;
1ef8: 24bf;
1ef9: 23ac;
1efa: 24a2;
1efb: 0000;
1efc: 0000;
1efd: 0000;
1efe: 0000;
1eff: 0000;
1f00: 0000;
1f01: 0000;
1f02: 0000;
1f03: 0000;
1f04: 0000;
1f05: 0000;
1f06: 0000;
1f07: 0000;
1f08: 0000;
1f09: 0000;
1f0a: 0000;
1f0b: 0000;
1f0c: 0000;
1f0d: 0000;
1f0e: 0000;
1f0f: 0000;
1f10: 0000;
1f11: 0000;
1f12: 0000;
1f13: 0000;
1f14: 23a2;
1f15: 23ad;
1f16: 24bf;
1f17: 23af;
1f18: 23af;
1f19: 23af;
1f1a: 23af;
1f1b: 23af;
1f1c: 23af;
1f1d: 23af;
1f1e: 23af;
1f1f: 23af;
1f20: 23af;
1f21: 23af;
1f22: 23af;
1f23: 23af;
1f24: 23af;
1f25: 23af;
1f26: 23af;
1f27: 23af;
1f28: 23af;
1f29: 23af;
1f2a: 23af;
1f2b: 23bf;
1f2c: 23a9;
1f2d: 0000;
1f2e: 0000;
1f2f: 0000;
1f30: 0000;
1f31: 0000;
1f32: 0000;
1f33: 0000;
1f34: 0000;
1f35: 0000;
1f36: 0000;
1f37: 0000;
1f38: 0000;
1f39: 0000;
1f3a: 0000;
1f3b: 0000;
1f3c: 0000;
1f3d: 0000;
1f3e: 0000;
1f3f: 0000;
1f40: 0000;
1f41: 0000;
1f42: 0000;
1f43: 0000;
1f44: 0000;
1f45: 0000;
1f46: 0000;
1f47: 0000;
1f48: 0000;
1f49: 0000;
1f4a: 23a1;
1f4b: 23ab;
1f4c: 24bf;
1f4d: 23af;
1f4e: 23af;
1f4f: 23af;
1f50: 23af;
1f51: 23af;
1f52: 23af;
1f53: 23af;
1f54: 23af;
1f55: 23af;
1f56: 23af;
1f57: 23af;
1f58: 23af;
1f59: 23af;
1f5a: 23af;
1f5b: 23af;
1f5c: 23af;
1f5d: 23af;
1f5e: 23af;
1f5f: 23af;
1f60: 23af;
1f61: 23af;
1f62: 24bf;
1f63: 23ab;
1f64: 13a1;
1f65: 0000;
1f66: 23a1;
1f67: 23ac;
1f68: 24bf;
1f69: 23af;
1f6a: 23af;
1f6b: 23af;
1f6c: 23af;
1f6d: 23af;
1f6e: 23af;
1f6f: 23af;
1f70: 23af;
1f71: 23af;
1f72: 23af;
1f73: 23af;
1f74: 23af;
1f75: 23af;
1f76: 23af;
1f77: 23af;
1f78: 23af;
1f79: 23af;
1f7a: 23af;
1f7b: 23bf;
1f7c: 24bf;
1f7d: 23a8;
1f7e: 0000;
1f7f: 0000;
1f80: 0000;
1f81: 0000;
1f82: 0000;
1f83: 0000;
1f84: 0000;
1f85: 0000;
1f86: 0000;
1f87: 0000;
1f88: 0000;
1f89: 0000;
1f8a: 23a1;
1f8b: 23a9;
1f8c: 24bf;
1f8d: 23bf;
1f8e: 23af;
1f8f: 23af;
1f90: 23af;
1f91: 23af;
1f92: 23af;
1f93: 23af;
1f94: 23af;
1f95: 23af;
1f96: 23af;
1f97: 23af;
1f98: 23af;
1f99: 23af;
1f9a: 23af;
1f9b: 23af;
1f9c: 23af;
1f9d: 23af;
1f9e: 23af;
1f9f: 23af;
1fa0: 23af;
1fa1: 23bf;
1fa2: 24bf;
1fa3: 23aa;
1fa4: 23a1;
1fa5: 0000;
1fa6: 0000;
1fa7: 0000;
1fa8: 0000;
1fa9: 0000;
1faa: 23b2;
1fab: 23ad;
1fac: 24bf;
1fad: 23af;
1fae: 23af;
1faf: 23af;
1fb0: 23af;
1fb1: 23af;
1fb2: 23af;
1fb3: 23af;
1fb4: 23af;
1fb5: 23af;
1fb6: 23af;
1fb7: 23af;
1fb8: 23af;
1fb9: 23af;
1fba: 23af;
1fbb: 23af;
1fbc: 23af;
1fbd: 23af;
1fbe: 23af;
1fbf: 23af;
1fc0: 23af;
1fc1: 24bf;
1fc2: 23a8;
1fc3: 00f0;
1fc4: 0000;
1fc5: 0000;
1fc6: 0000;
1fc7: 0000;
1fc8: 0000;
1fc9: 0000;
1fca: 0000;
1fcb: 0000;
1fcc: 0000;
1fcd: 0000;
1fce: 0000;
1fcf: 0000;
1fd0: 0000;
1fd1: 0000;
1fd2: 0000;
1fd3: 0000;
1fd4: 0000;
1fd5: 0000;
1fd6: 0000;
1fd7: 0000;
1fd8: 0000;
1fd9: 0000;
1fda: 0000;
1fdb: 0000;
1fdc: 0000;
1fdd: 0000;
1fde: 0000;
1fdf: 0000;
1fe0: 13a1;
1fe1: 23aa;
1fe2: 24bf;
1fe3: 23af;
1fe4: 23af;
1fe5: 23af;
1fe6: 23af;
1fe7: 23af;
1fe8: 23af;
1fe9: 23af;
1fea: 23af;
1feb: 23af;
1fec: 23af;
1fed: 23af;
1fee: 23af;
1fef: 23af;
1ff0: 23af;
1ff1: 23af;
1ff2: 23af;
1ff3: 23af;
1ff4: 23af;
1ff5: 23af;
1ff6: 23af;
1ff7: 23af;
1ff8: 24bf;
1ff9: 23ac;
1ffa: 23a2;
1ffb: 0000;
1ffc: 0000;
1ffd: 0000;
1ffe: 0000;
1fff: 0000;
2000: 0000;
2001: 0000;
2002: 0000;
2003: 0000;
2004: 0000;
2005: 0000;
2006: 0000;
2007: 0000;
2008: 0000;
2009: 0000;
200a: 0000;
200b: 0000;
200c: 0000;
200d: 0000;
200e: 0000;
200f: 0000;
2010: 0000;
2011: 0000;
2012: 0000;
2013: 0000;
2014: 23a4;
2015: 23af;
2016: 23bf;
2017: 23af;
2018: 23af;
2019: 23af;
201a: 23af;
201b: 23af;
201c: 23af;
201d: 23af;
201e: 23af;
201f: 23af;
2020: 23af;
2021: 23af;
2022: 23af;
2023: 23af;
2024: 23af;
2025: 23af;
2026: 23af;
2027: 23af;
2028: 23af;
2029: 23af;
202a: 24bf;
202b: 23af;
202c: 23a6;
202d: 0000;
202e: 0000;
202f: 0000;
2030: 0000;
2031: 0000;
2032: 0000;
2033: 0000;
2034: 0000;
2035: 0000;
2036: 0000;
2037: 0000;
2038: 0000;
2039: 0000;
203a: 0000;
203b: 0000;
203c: 0000;
203d: 0000;
203e: 0000;
203f: 0000;
2040: 0000;
2041: 0000;
2042: 0000;
2043: 0000;
2044: 0000;
2045: 0000;
2046: 0000;
2047: 0000;
2048: 0000;
2049: 0000;
204a: 0550;
204b: 23ab;
204c: 24bf;
204d: 23bf;
204e: 23af;
204f: 23af;
2050: 23af;
2051: 23af;
2052: 23af;
2053: 23af;
2054: 23af;
2055: 23af;
2056: 23af;
2057: 23af;
2058: 23af;
2059: 23af;
205a: 23af;
205b: 23af;
205c: 23af;
205d: 23af;
205e: 23af;
205f: 23af;
2060: 23af;
2061: 23af;
2062: 24bf;
2063: 23ab;
2064: 24b0;
2065: 0000;
2066: 0000;
2067: 23a8;
2068: 23bf;
2069: 23af;
206a: 23af;
206b: 23af;
206c: 23af;
206d: 23af;
206e: 23af;
206f: 23af;
2070: 23af;
2071: 23af;
2072: 23af;
2073: 23af;
2074: 23af;
2075: 23af;
2076: 23af;
2077: 23af;
2078: 23af;
2079: 23af;
207a: 23af;
207b: 23af;
207c: 24bf;
207d: 23ab;
207e: 14b1;
207f: 0000;
2080: 0000;
2081: 0000;
2082: 0000;
2083: 0000;
2084: 0000;
2085: 0000;
2086: 0000;
2087: 0000;
2088: 0000;
2089: 00f0;
208a: 23a7;
208b: 23bf;
208c: 23bf;
208d: 23af;
208e: 23af;
208f: 23af;
2090: 23af;
2091: 23af;
2092: 23af;
2093: 23af;
2094: 23af;
2095: 23af;
2096: 23af;
2097: 23af;
2098: 23af;
2099: 23af;
209a: 23af;
209b: 23af;
209c: 23af;
209d: 23af;
209e: 23af;
209f: 23af;
20a0: 23af;
20a1: 24bf;
20a2: 23ab;
20a3: 23a2;
20a4: 0000;
20a5: 0000;
20a6: 0000;
20a7: 0000;
20a8: 0000;
20a9: 0000;
20aa: 23b4;
20ab: 23ae;
20ac: 24bf;
20ad: 23af;
20ae: 23af;
20af: 23af;
20b0: 23af;
20b1: 23af;
20b2: 23af;
20b3: 23af;
20b4: 23af;
20b5: 23af;
20b6: 23af;
20b7: 23af;
20b8: 23af;
20b9: 23af;
20ba: 23af;
20bb: 23af;
20bc: 23af;
20bd: 23af;
20be: 23af;
20bf: 23af;
20c0: 23bf;
20c1: 24bf;
20c2: 23a5;
20c3: 0000;
20c4: 0000;
20c5: 0000;
20c6: 0000;
20c7: 0000;
20c8: 0000;
20c9: 0000;
20ca: 0000;
20cb: 0000;
20cc: 0000;
20cd: 0000;
20ce: 0000;
20cf: 0000;
20d0: 0000;
20d1: 0000;
20d2: 0000;
20d3: 0000;
20d4: 0000;
20d5: 0000;
20d6: 0000;
20d7: 0000;
20d8: 0000;
20d9: 0000;
20da: 0000;
20db: 0000;
20dc: 0000;
20dd: 0000;
20de: 0000;
20df: 0000;
20e0: 3390;
20e1: 23a9;
20e2: 24bf;
20e3: 23af;
20e4: 23af;
20e5: 23af;
20e6: 23af;
20e7: 23af;
20e8: 23af;
20e9: 23af;
20ea: 23af;
20eb: 23af;
20ec: 23af;
20ed: 23af;
20ee: 23af;
20ef: 23af;
20f0: 23af;
20f1: 23af;
20f2: 23af;
20f3: 23af;
20f4: 23af;
20f5: 23af;
20f6: 23af;
20f7: 23af;
20f8: 24bf;
20f9: 23ac;
20fa: 23b1;
20fb: 0000;
20fc: 0000;
20fd: 0000;
20fe: 0000;
20ff: 0000;
2100: 0000;
2101: 0000;
2102: 0000;
2103: 0000;
2104: 0000;
2105: 0000;
2106: 0000;
2107: 0000;
2108: 0000;
2109: 0000;
210a: 0000;
210b: 0000;
210c: 0000;
210d: 0000;
210e: 0000;
210f: 0000;
2110: 0000;
2111: 0000;
2112: 0000;
2113: 0000;
2114: 23a7;
2115: 24bf;
2116: 23af;
2117: 23af;
2118: 23af;
2119: 23af;
211a: 23af;
211b: 23af;
211c: 23af;
211d: 23af;
211e: 23af;
211f: 23af;
2120: 23af;
2121: 23af;
2122: 23af;
2123: 23af;
2124: 23af;
2125: 23af;
2126: 23af;
2127: 23af;
2128: 23af;
2129: 23af;
212a: 24bf;
212b: 23ae;
212c: 23a2;
212d: 0000;
212e: 0000;
212f: 0000;
2130: 0000;
2131: 0000;
2132: 0000;
2133: 0000;
2134: 0000;
2135: 0000;
2136: 0000;
2137: 0000;
2138: 0000;
2139: 0000;
213a: 0000;
213b: 0000;
213c: 0000;
213d: 0000;
213e: 0000;
213f: 0000;
2140: 0000;
2141: 0000;
2142: 0000;
2143: 0000;
2144: 0000;
2145: 0000;
2146: 0000;
2147: 0000;
2148: 0000;
2149: 0000;
214a: 0390;
214b: 23ab;
214c: 24bf;
214d: 23bf;
214e: 23af;
214f: 23af;
2150: 23af;
2151: 23af;
2152: 23af;
2153: 23af;
2154: 23af;
2155: 23af;
2156: 23af;
2157: 23af;
2158: 23af;
2159: 23af;
215a: 23af;
215b: 23af;
215c: 23af;
215d: 23af;
215e: 23af;
215f: 23af;
2160: 23af;
2161: 23af;
2162: 24bf;
2163: 23aa;
2164: 25a0;
2165: 0000;
2166: 0000;
2167: 23b4;
2168: 23ae;
2169: 24bf;
216a: 23af;
216b: 23af;
216c: 23af;
216d: 23af;
216e: 23af;
216f: 23af;
2170: 23af;
2171: 23af;
2172: 23af;
2173: 23af;
2174: 23af;
2175: 23af;
2176: 23af;
2177: 23af;
2178: 23af;
2179: 23af;
217a: 23af;
217b: 23af;
217c: 24bf;
217d: 23ae;
217e: 23a4;
217f: 0000;
2180: 0000;
2181: 0000;
2182: 0000;
2183: 0000;
2184: 0000;
2185: 0000;
2186: 0000;
2187: 0000;
2188: 0000;
2189: 24a5;
218a: 23be;
218b: 24bf;
218c: 23af;
218d: 23af;
218e: 23af;
218f: 23af;
2190: 23af;
2191: 23af;
2192: 23af;
2193: 23af;
2194: 23af;
2195: 23af;
2196: 23af;
2197: 23af;
2198: 23af;
2199: 23af;
219a: 23af;
219b: 23af;
219c: 23af;
219d: 23af;
219e: 23af;
219f: 23af;
21a0: 24bf;
21a1: 23ac;
21a2: 24a2;
21a3: 0000;
21a4: 0000;
21a5: 0000;
21a6: 0000;
21a7: 0000;
21a8: 0000;
21a9: 0000;
21aa: 23a7;
21ab: 24bf;
21ac: 24bf;
21ad: 23af;
21ae: 23af;
21af: 23af;
21b0: 23af;
21b1: 23af;
21b2: 23af;
21b3: 23af;
21b4: 23af;
21b5: 23af;
21b6: 23af;
21b7: 23af;
21b8: 23af;
21b9: 23af;
21ba: 23af;
21bb: 23af;
21bc: 23af;
21bd: 23af;
21be: 23af;
21bf: 23af;
21c0: 24bf;
21c1: 23ad;
21c2: 23a3;
21c3: 0000;
21c4: 0000;
21c5: 0000;
21c6: 0000;
21c7: 0000;
21c8: 0000;
21c9: 0000;
21ca: 0000;
21cb: 0000;
21cc: 0000;
21cd: 0000;
21ce: 0000;
21cf: 0000;
21d0: 0000;
21d1: 0000;
21d2: 0000;
21d3: 0000;
21d4: 0000;
21d5: 0000;
21d6: 0000;
21d7: 0000;
21d8: 0000;
21d9: 0000;
21da: 0000;
21db: 0000;
21dc: 0000;
21dd: 0000;
21de: 0000;
21df: 0000;
21e0: 22c0;
21e1: 23a9;
21e2: 24bf;
21e3: 23af;
21e4: 23af;
21e5: 23af;
21e6: 23af;
21e7: 23af;
21e8: 23af;
21e9: 23af;
21ea: 23af;
21eb: 23af;
21ec: 23af;
21ed: 23af;
21ee: 23af;
21ef: 23af;
21f0: 23af;
21f1: 23af;
21f2: 23af;
21f3: 23af;
21f4: 23af;
21f5: 23af;
21f6: 23af;
21f7: 23af;
21f8: 24bf;
21f9: 23ab;
21fa: 23a1;
21fb: 0000;
21fc: 0000;
21fd: 0000;
21fe: 0000;
21ff: 0000;
2200: 0000;
2201: 0000;
2202: 0000;
2203: 0000;
2204: 0000;
2205: 0000;
2206: 0000;
2207: 0000;
2208: 0000;
2209: 0000;
220a: 0000;
220b: 0000;
220c: 0000;
220d: 0000;
220e: 0000;
220f: 0000;
2210: 0000;
2211: 0000;
2212: 0000;
2213: 22a0;
2214: 23aa;
2215: 24bf;
2216: 23af;
2217: 23af;
2218: 23af;
2219: 23af;
221a: 23af;
221b: 23af;
221c: 23af;
221d: 23af;
221e: 23af;
221f: 23af;
2220: 23af;
2221: 23af;
2222: 23af;
2223: 23af;
2224: 23af;
2225: 23af;
2226: 23af;
2227: 23af;
2228: 23af;
2229: 23af;
222a: 24bf;
222b: 23bc;
222c: 23a1;
222d: 0000;
222e: 0000;
222f: 0000;
2230: 0000;
2231: 0000;
2232: 0000;
2233: 0000;
2234: 0000;
2235: 0000;
2236: 0000;
2237: 0000;
2238: 0000;
2239: 0000;
223a: 0000;
223b: 0000;
223c: 0000;
223d: 0000;
223e: 0000;
223f: 0000;
2240: 0000;
2241: 0000;
2242: 0000;
2243: 0000;
2244: 0000;
2245: 0000;
2246: 0000;
2247: 0000;
2248: 0000;
2249: 0000;
224a: 23a1;
224b: 23ac;
224c: 24bf;
224d: 23af;
224e: 23af;
224f: 23af;
2250: 23af;
2251: 23af;
2252: 23af;
2253: 23af;
2254: 23af;
2255: 23af;
2256: 23af;
2257: 23af;
2258: 23af;
2259: 23af;
225a: 23af;
225b: 23af;
225c: 23af;
225d: 23af;
225e: 23af;
225f: 23af;
2260: 23af;
2261: 23af;
2262: 24bf;
2263: 23a9;
2264: 00f0;
2265: 0000;
2266: 0000;
2267: 33a1;
2268: 23ac;
2269: 24bf;
226a: 23af;
226b: 23af;
226c: 23af;
226d: 23af;
226e: 23af;
226f: 23af;
2270: 23af;
2271: 23af;
2272: 23af;
2273: 23af;
2274: 23af;
2275: 23af;
2276: 23af;
2277: 23af;
2278: 23af;
2279: 23af;
227a: 23af;
227b: 23af;
227c: 23af;
227d: 24bf;
227e: 24a7;
227f: 0000;
2280: 0000;
2281: 0000;
2282: 0000;
2283: 0000;
2284: 0000;
2285: 0000;
2286: 0000;
2287: 0000;
2288: 24b3;
2289: 23ad;
228a: 24bf;
228b: 23af;
228c: 23af;
228d: 23af;
228e: 23af;
228f: 23af;
2290: 23af;
2291: 23af;
2292: 23af;
2293: 23af;
2294: 23af;
2295: 23af;
2296: 23af;
2297: 23af;
2298: 23af;
2299: 23af;
229a: 23af;
229b: 23af;
229c: 23af;
229d: 23af;
229e: 23af;
229f: 24bf;
22a0: 23ad;
22a1: 24b3;
22a2: 0000;
22a3: 0000;
22a4: 0000;
22a5: 0000;
22a6: 0000;
22a7: 0000;
22a8: 0000;
22a9: 00f0;
22aa: 23aa;
22ab: 24bf;
22ac: 23af;
22ad: 23af;
22ae: 23af;
22af: 23af;
22b0: 23af;
22b1: 23af;
22b2: 23af;
22b3: 23af;
22b4: 23af;
22b5: 23af;
22b6: 23af;
22b7: 23af;
22b8: 23af;
22b9: 23af;
22ba: 23af;
22bb: 23af;
22bc: 23af;
22bd: 23af;
22be: 23af;
22bf: 23af;
22c0: 24bf;
22c1: 23ab;
22c2: 23a1;
22c3: 0000;
22c4: 0000;
22c5: 0000;
22c6: 0000;
22c7: 0000;
22c8: 0000;
22c9: 0000;
22ca: 0000;
22cb: 0000;
22cc: 0000;
22cd: 0000;
22ce: 0000;
22cf: 0000;
22d0: 0000;
22d1: 0000;
22d2: 0000;
22d3: 0000;
22d4: 0000;
22d5: 0000;
22d6: 0000;
22d7: 0000;
22d8: 0000;
22d9: 0000;
22da: 0000;
22db: 0000;
22dc: 0000;
22dd: 0000;
22de: 0000;
22df: 0000;
22e0: 23a1;
22e1: 23ab;
22e2: 24bf;
22e3: 23af;
22e4: 23af;
22e5: 23af;
22e6: 23af;
22e7: 23af;
22e8: 23af;
22e9: 23af;
22ea: 23af;
22eb: 23af;
22ec: 23af;
22ed: 23af;
22ee: 23af;
22ef: 23af;
22f0: 23af;
22f1: 23af;
22f2: 23af;
22f3: 23af;
22f4: 23af;
22f5: 23af;
22f6: 23af;
22f7: 23af;
22f8: 24bf;
22f9: 23aa;
22fa: 0ff0;
22fb: 0000;
22fc: 0000;
22fd: 0000;
22fe: 0000;
22ff: 0000;
2300: 0000;
2301: 0000;
2302: 0000;
2303: 0000;
2304: 0000;
2305: 0000;
2306: 0000;
2307: 0000;
2308: 0000;
2309: 0000;
230a: 0000;
230b: 0000;
230c: 0000;
230d: 0000;
230e: 0000;
230f: 0000;
2310: 0000;
2311: 0000;
2312: 0000;
2313: 24a1;
2314: 23ad;
2315: 24bf;
2316: 23af;
2317: 23af;
2318: 23af;
2319: 23af;
231a: 23af;
231b: 23af;
231c: 23af;
231d: 23af;
231e: 23af;
231f: 23af;
2320: 23af;
2321: 23af;
2322: 23af;
2323: 23af;
2324: 23af;
2325: 23af;
2326: 23af;
2327: 23af;
2328: 23af;
2329: 23af;
232a: 24bf;
232b: 23a9;
232c: 0770;
232d: 0000;
232e: 0000;
232f: 0000;
2330: 0000;
2331: 0000;
2332: 0000;
2333: 0000;
2334: 0000;
2335: 0000;
2336: 0000;
2337: 0000;
2338: 0000;
2339: 0000;
233a: 0000;
233b: 0000;
233c: 0000;
233d: 0000;
233e: 0000;
233f: 0000;
2340: 0000;
2341: 0000;
2342: 0000;
2343: 0000;
2344: 0000;
2345: 0000;
2346: 0000;
2347: 0000;
2348: 0000;
2349: 0000;
234a: 23a2;
234b: 23ad;
234c: 24bf;
234d: 23af;
234e: 23af;
234f: 23af;
2350: 23af;
2351: 23af;
2352: 23af;
2353: 23af;
2354: 23af;
2355: 23af;
2356: 23af;
2357: 23af;
2358: 23af;
2359: 23af;
235a: 23af;
235b: 23af;
235c: 23af;
235d: 23af;
235e: 23af;
235f: 23af;
2360: 23af;
2361: 23bf;
2362: 24bf;
2363: 23a7;
2364: 0000;
2365: 0000;
2366: 0000;
2367: 0000;
2368: 23a7;
2369: 24bf;
236a: 23bf;
236b: 23af;
236c: 23af;
236d: 23af;
236e: 23af;
236f: 23af;
2370: 23af;
2371: 23af;
2372: 23af;
2373: 23af;
2374: 23af;
2375: 23af;
2376: 23af;
2377: 23af;
2378: 23af;
2379: 23af;
237a: 23af;
237b: 23af;
237c: 23af;
237d: 24bf;
237e: 23aa;
237f: 24a1;
2380: 0000;
2381: 0000;
2382: 0000;
2383: 0000;
2384: 0000;
2385: 0000;
2386: 0000;
2387: 23b1;
2388: 23ab;
2389: 24bf;
238a: 23af;
238b: 23af;
238c: 23af;
238d: 23af;
238e: 23af;
238f: 23af;
2390: 23af;
2391: 23af;
2392: 23af;
2393: 23af;
2394: 23af;
2395: 23af;
2396: 23af;
2397: 23af;
2398: 23af;
2399: 23af;
239a: 23af;
239b: 23af;
239c: 23af;
239d: 23af;
239e: 24bf;
239f: 24be;
23a0: 23a4;
23a1: 0000;
23a2: 0000;
23a3: 0000;
23a4: 0000;
23a5: 0000;
23a6: 0000;
23a7: 0000;
23a8: 0000;
23a9: 23b2;
23aa: 23ac;
23ab: 24bf;
23ac: 23af;
23ad: 23af;
23ae: 23af;
23af: 23af;
23b0: 23af;
23b1: 23af;
23b2: 23af;
23b3: 23af;
23b4: 23af;
23b5: 23af;
23b6: 23af;
23b7: 23af;
23b8: 23af;
23b9: 23af;
23ba: 23af;
23bb: 23af;
23bc: 23af;
23bd: 23af;
23be: 23af;
23bf: 23bf;
23c0: 24bf;
23c1: 23a9;
23c2: 0000;
23c3: 0000;
23c4: 0000;
23c5: 0000;
23c6: 0000;
23c7: 0000;
23c8: 0000;
23c9: 0000;
23ca: 0000;
23cb: 0000;
23cc: 0000;
23cd: 0000;
23ce: 0000;
23cf: 0000;
23d0: 0000;
23d1: 0000;
23d2: 0000;
23d3: 0000;
23d4: 0000;
23d5: 0000;
23d6: 0000;
23d7: 0000;
23d8: 0000;
23d9: 0000;
23da: 0000;
23db: 0000;
23dc: 0000;
23dd: 0000;
23de: 0000;
23df: 0000;
23e0: 23a2;
23e1: 23ac;
23e2: 24bf;
23e3: 23af;
23e4: 23af;
23e5: 23af;
23e6: 23af;
23e7: 23af;
23e8: 23af;
23e9: 23af;
23ea: 23af;
23eb: 23af;
23ec: 23af;
23ed: 23af;
23ee: 23af;
23ef: 23af;
23f0: 23af;
23f1: 23af;
23f2: 23af;
23f3: 23af;
23f4: 23af;
23f5: 23af;
23f6: 23af;
23f7: 23bf;
23f8: 24bf;
23f9: 23a8;
23fa: 0000;
23fb: 0000;
23fc: 0000;
23fd: 0000;
23fe: 0000;
23ff: 0000;
2400: 0000;
2401: 0000;
2402: 0000;
2403: 0000;
2404: 0000;
2405: 0000;
2406: 0000;
2407: 0000;
2408: 0000;
2409: 0000;
240a: 0000;
240b: 0000;
240c: 0000;
240d: 0000;
240e: 0000;
240f: 0000;
2410: 0000;
2411: 0000;
2412: 0000;
2413: 23a3;
2414: 23af;
2415: 24bf;
2416: 23af;
2417: 23af;
2418: 23af;
2419: 23af;
241a: 23af;
241b: 23af;
241c: 23af;
241d: 23af;
241e: 23af;
241f: 23af;
2420: 23af;
2421: 23af;
2422: 23af;
2423: 23af;
2424: 23af;
2425: 23af;
2426: 23af;
2427: 23af;
2428: 23af;
2429: 23af;
242a: 24bf;
242b: 23a6;
242c: 0000;
242d: 0000;
242e: 0000;
242f: 0000;
2430: 0000;
2431: 0000;
2432: 0000;
2433: 0000;
2434: 0000;
2435: 0000;
2436: 0000;
2437: 0000;
2438: 0000;
2439: 0000;
243a: 0000;
243b: 0000;
243c: 0000;
243d: 0000;
243e: 0000;
243f: 0000;
2440: 0000;
2441: 0000;
2442: 0000;
2443: 0000;
2444: 0000;
2445: 0000;
2446: 0000;
2447: 0000;
2448: 0000;
2449: 0000;
244a: 23a5;
244b: 23ae;
244c: 24bf;
244d: 23af;
244e: 23af;
244f: 23af;
2450: 23af;
2451: 23af;
2452: 23af;
2453: 23af;
2454: 23af;
2455: 23af;
2456: 23af;
2457: 23af;
2458: 23af;
2459: 23af;
245a: 23af;
245b: 23af;
245c: 23af;
245d: 23af;
245e: 23af;
245f: 23af;
2460: 23af;
2461: 24bf;
2462: 23af;
2463: 23a5;
2464: 0000;
2465: 0000;
2466: 0000;
2467: 0000;
2468: 23a3;
2469: 23ae;
246a: 24bf;
246b: 23af;
246c: 23af;
246d: 23af;
246e: 23af;
246f: 23af;
2470: 23af;
2471: 23af;
2472: 23af;
2473: 23af;
2474: 23af;
2475: 23af;
2476: 23af;
2477: 23af;
2478: 23af;
2479: 23af;
247a: 23af;
247b: 23af;
247c: 23af;
247d: 24bf;
247e: 23ad;
247f: 23a3;
2480: 0000;
2481: 0000;
2482: 0000;
2483: 0000;
2484: 0000;
2485: 0000;
2486: 22a0;
2487: 23a9;
2488: 24bf;
2489: 23bf;
248a: 23af;
248b: 23af;
248c: 23af;
248d: 23af;
248e: 23af;
248f: 23af;
2490: 23af;
2491: 23af;
2492: 23af;
2493: 23af;
2494: 23af;
2495: 23af;
2496: 23af;
2497: 23af;
2498: 23af;
2499: 23af;
249a: 23af;
249b: 23af;
249c: 23af;
249d: 24bf;
249e: 23ae;
249f: 23a5;
24a0: 0000;
24a1: 0000;
24a2: 0000;
24a3: 0000;
24a4: 0000;
24a5: 0000;
24a6: 0000;
24a7: 0000;
24a8: 0000;
24a9: 23a4;
24aa: 23ae;
24ab: 24bf;
24ac: 23af;
24ad: 23af;
24ae: 23af;
24af: 23af;
24b0: 23af;
24b1: 23af;
24b2: 23af;
24b3: 23af;
24b4: 23af;
24b5: 23af;
24b6: 23af;
24b7: 23af;
24b8: 23af;
24b9: 23af;
24ba: 23af;
24bb: 23af;
24bc: 23af;
24bd: 23af;
24be: 23af;
24bf: 23bf;
24c0: 23bf;
24c1: 23a6;
24c2: 0000;
24c3: 0000;
24c4: 0000;
24c5: 0000;
24c6: 0000;
24c7: 0000;
24c8: 0000;
24c9: 0000;
24ca: 0000;
24cb: 0000;
24cc: 0000;
24cd: 0000;
24ce: 0000;
24cf: 0000;
24d0: 0000;
24d1: 0000;
24d2: 0000;
24d3: 0000;
24d4: 0000;
24d5: 0000;
24d6: 0000;
24d7: 0000;
24d8: 0000;
24d9: 0000;
24da: 0000;
24db: 0000;
24dc: 0000;
24dd: 0000;
24de: 0000;
24df: 0000;
24e0: 23a4;
24e1: 23ae;
24e2: 24bf;
24e3: 23af;
24e4: 23af;
24e5: 23af;
24e6: 23af;
24e7: 23af;
24e8: 23af;
24e9: 23af;
24ea: 23af;
24eb: 23af;
24ec: 23af;
24ed: 23af;
24ee: 23af;
24ef: 23af;
24f0: 23af;
24f1: 23af;
24f2: 23af;
24f3: 23af;
24f4: 23af;
24f5: 23af;
24f6: 23af;
24f7: 24bf;
24f8: 23ae;
24f9: 23a5;
24fa: 0000;
24fb: 0000;
24fc: 0000;
24fd: 0000;
24fe: 0000;
24ff: 0000;
2500: 0000;
2501: 0000;
2502: 0000;
2503: 0000;
2504: 0000;
2505: 0000;
2506: 0000;
2507: 0000;
2508: 0000;
2509: 0000;
250a: 0000;
250b: 0000;
250c: 0000;
250d: 0000;
250e: 0000;
250f: 0000;
2510: 0000;
2511: 0000;
2512: 0000;
2513: 23a7;
2514: 23af;
2515: 24bf;
2516: 23af;
2517: 23af;
2518: 23af;
2519: 23af;
251a: 23af;
251b: 23af;
251c: 23af;
251d: 23af;
251e: 23af;
251f: 23af;
2520: 23af;
2521: 23af;
2522: 23af;
2523: 23af;
2524: 23af;
2525: 23af;
2526: 23af;
2527: 23af;
2528: 23af;
2529: 24bf;
252a: 23ae;
252b: 23a3;
252c: 0000;
252d: 0000;
252e: 0000;
252f: 0000;
2530: 0000;
2531: 0000;
2532: 0000;
2533: 0000;
2534: 0000;
2535: 0000;
2536: 0000;
2537: 0000;
2538: 0000;
2539: 0000;
253a: 0000;
253b: 0000;
253c: 0000;
253d: 0000;
253e: 0000;
253f: 0000;
2540: 0000;
2541: 0000;
2542: 0000;
2543: 0000;
2544: 0000;
2545: 0000;
2546: 0000;
2547: 0000;
2548: 0000;
2549: 0000;
254a: 23a8;
254b: 24bf;
254c: 23bf;
254d: 23af;
254e: 23af;
254f: 23af;
2550: 23af;
2551: 23af;
2552: 23af;
2553: 23af;
2554: 23af;
2555: 23af;
2556: 23af;
2557: 23af;
2558: 23af;
2559: 23af;
255a: 23af;
255b: 23af;
255c: 23af;
255d: 23af;
255e: 23af;
255f: 23af;
2560: 23af;
2561: 24bf;
2562: 23ad;
2563: 23a2;
2564: 0000;
2565: 0000;
2566: 0000;
2567: 0000;
2568: 13a1;
2569: 23ab;
256a: 24bf;
256b: 23af;
256c: 23af;
256d: 23af;
256e: 23af;
256f: 23af;
2570: 23af;
2571: 23af;
2572: 23af;
2573: 23af;
2574: 23af;
2575: 23af;
2576: 23af;
2577: 23af;
2578: 23af;
2579: 23af;
257a: 23af;
257b: 23af;
257c: 23af;
257d: 23af;
257e: 24bf;
257f: 23a5;
2580: 0000;
2581: 0000;
2582: 0000;
2583: 0000;
2584: 0000;
2585: 0000;
2586: 23a6;
2587: 23bf;
2588: 24bf;
2589: 23af;
258a: 23af;
258b: 23af;
258c: 23af;
258d: 23af;
258e: 23af;
258f: 23af;
2590: 23af;
2591: 23af;
2592: 23af;
2593: 23af;
2594: 23af;
2595: 23af;
2596: 23af;
2597: 23af;
2598: 23af;
2599: 23af;
259a: 23af;
259b: 23af;
259c: 24bf;
259d: 24be;
259e: 24a6;
259f: 0000;
25a0: 0000;
25a1: 0000;
25a2: 0000;
25a3: 0000;
25a4: 0000;
25a5: 0000;
25a6: 0000;
25a7: 0000;
25a8: 0000;
25a9: 23a6;
25aa: 24bf;
25ab: 23af;
25ac: 23af;
25ad: 23af;
25ae: 23af;
25af: 23af;
25b0: 23af;
25b1: 23af;
25b2: 23af;
25b3: 23af;
25b4: 23af;
25b5: 23af;
25b6: 23af;
25b7: 23af;
25b8: 23af;
25b9: 23af;
25ba: 23af;
25bb: 23af;
25bc: 23af;
25bd: 23af;
25be: 23af;
25bf: 24bf;
25c0: 24ae;
25c1: 23a4;
25c2: 0000;
25c3: 0000;
25c4: 0000;
25c5: 0000;
25c6: 0000;
25c7: 0000;
25c8: 0000;
25c9: 0000;
25ca: 0000;
25cb: 0000;
25cc: 0000;
25cd: 0000;
25ce: 0000;
25cf: 0000;
25d0: 0000;
25d1: 0000;
25d2: 0000;
25d3: 0000;
25d4: 0000;
25d5: 0000;
25d6: 0000;
25d7: 0000;
25d8: 0000;
25d9: 0000;
25da: 0000;
25db: 0000;
25dc: 0000;
25dd: 0000;
25de: 0000;
25df: 0000;
25e0: 23a7;
25e1: 24bf;
25e2: 23af;
25e3: 23af;
25e4: 23af;
25e5: 23af;
25e6: 23af;
25e7: 23af;
25e8: 23af;
25e9: 23af;
25ea: 23af;
25eb: 23af;
25ec: 23af;
25ed: 23af;
25ee: 23af;
25ef: 23af;
25f0: 23af;
25f1: 23af;
25f2: 23af;
25f3: 23af;
25f4: 23af;
25f5: 23af;
25f6: 23af;
25f7: 24bf;
25f8: 23ad;
25f9: 23a2;
25fa: 0000;
25fb: 0000;
25fc: 0000;
25fd: 0000;
25fe: 0000;
25ff: 0000;
2600: 0000;
2601: 0000;
2602: 0000;
2603: 0000;
2604: 0000;
2605: 0000;
2606: 0000;
2607: 0000;
2608: 0000;
2609: 0000;
260a: 0000;
260b: 0000;
260c: 0000;
260d: 0000;
260e: 0000;
260f: 0000;
2610: 0000;
2611: 0000;
2612: 0000;
2613: 23aa;
2614: 24bf;
2615: 23bf;
2616: 23af;
2617: 23af;
2618: 23af;
2619: 23af;
261a: 23af;
261b: 23af;
261c: 23af;
261d: 23af;
261e: 23af;
261f: 23af;
2620: 23af;
2621: 23af;
2622: 23af;
2623: 23af;
2624: 23af;
2625: 23af;
2626: 23af;
2627: 23af;
2628: 23af;
2629: 24bf;
262a: 23ac;
262b: 23a2;
262c: 0000;
262d: 0000;
262e: 0000;
262f: 0000;
2630: 0000;
2631: 0000;
2632: 0000;
2633: 0000;
2634: 0000;
2635: 0000;
2636: 0000;
2637: 0000;
2638: 0000;
2639: 0000;
263a: 0000;
263b: 0000;
263c: 0000;
263d: 0000;
263e: 0000;
263f: 0000;
2640: 0000;
2641: 0000;
2642: 0000;
2643: 0000;
2644: 0000;
2645: 0000;
2646: 0000;
2647: 0000;
2648: 0000;
2649: 23a1;
264a: 23ac;
264b: 24bf;
264c: 23af;
264d: 23af;
264e: 23af;
264f: 23af;
2650: 23af;
2651: 23af;
2652: 23af;
2653: 23af;
2654: 23af;
2655: 23af;
2656: 23af;
2657: 23af;
2658: 23af;
2659: 23af;
265a: 23af;
265b: 23af;
265c: 23af;
265d: 23af;
265e: 23af;
265f: 23af;
2660: 23af;
2661: 24bf;
2662: 23b9;
2663: 3390;
2664: 0000;
2665: 0000;
2666: 0000;
2667: 0000;
2668: 0000;
2669: 23a6;
266a: 24bf;
266b: 23bf;
266c: 23af;
266d: 23af;
266e: 23af;
266f: 23af;
2670: 23af;
2671: 23af;
2672: 23af;
2673: 23af;
2674: 23af;
2675: 23af;
2676: 23af;
2677: 23af;
2678: 23af;
2679: 23af;
267a: 23af;
267b: 23af;
267c: 23af;
267d: 23bf;
267e: 24bf;
267f: 23a9;
2680: 70f0;
2681: 0000;
2682: 0000;
2683: 0000;
2684: 0000;
2685: 24a4;
2686: 23ae;
2687: 24bf;
2688: 23af;
2689: 23af;
268a: 23af;
268b: 23af;
268c: 23af;
268d: 23af;
268e: 23af;
268f: 23af;
2690: 23af;
2691: 23af;
2692: 23af;
2693: 23af;
2694: 23af;
2695: 23af;
2696: 23af;
2697: 23af;
2698: 23af;
2699: 23af;
269a: 23af;
269b: 24bf;
269c: 23bf;
269d: 23a8;
269e: 22a0;
269f: 0000;
26a0: 0000;
26a1: 0000;
26a2: 0000;
26a3: 0000;
26a4: 0000;
26a5: 0000;
26a6: 0000;
26a7: 0000;
26a8: 3390;
26a9: 23a9;
26aa: 24bf;
26ab: 23af;
26ac: 23af;
26ad: 23af;
26ae: 23af;
26af: 23af;
26b0: 23af;
26b1: 23af;
26b2: 23af;
26b3: 23af;
26b4: 23af;
26b5: 23af;
26b6: 23af;
26b7: 23af;
26b8: 23af;
26b9: 23af;
26ba: 23af;
26bb: 23af;
26bc: 23af;
26bd: 23af;
26be: 23af;
26bf: 24bf;
26c0: 23ac;
26c1: 23a1;
26c2: 0000;
26c3: 0000;
26c4: 0000;
26c5: 0000;
26c6: 0000;
26c7: 0000;
26c8: 0000;
26c9: 0000;
26ca: 0000;
26cb: 0000;
26cc: 0000;
26cd: 0000;
26ce: 0000;
26cf: 0000;
26d0: 0000;
26d1: 0000;
26d2: 0000;
26d3: 0000;
26d4: 0000;
26d5: 0000;
26d6: 0000;
26d7: 0000;
26d8: 0000;
26d9: 0000;
26da: 0000;
26db: 0000;
26dc: 0000;
26dd: 0000;
26de: 0000;
26df: 23c1;
26e0: 23ac;
26e1: 24bf;
26e2: 23af;
26e3: 23af;
26e4: 23af;
26e5: 23af;
26e6: 23af;
26e7: 23af;
26e8: 23af;
26e9: 23af;
26ea: 23af;
26eb: 23af;
26ec: 23af;
26ed: 23af;
26ee: 23af;
26ef: 23af;
26f0: 23af;
26f1: 23af;
26f2: 23af;
26f3: 23af;
26f4: 23af;
26f5: 23af;
26f6: 23af;
26f7: 24bf;
26f8: 23aa;
26f9: 0000;
26fa: 0000;
26fb: 0000;
26fc: 0000;
26fd: 0000;
26fe: 0000;
26ff: 0000;
2700: 0000;
2701: 0000;
2702: 0000;
2703: 0000;
2704: 0000;
2705: 0000;
2706: 0000;
2707: 0000;
2708: 0000;
2709: 0000;
270a: 0000;
270b: 0000;
270c: 0000;
270d: 0000;
270e: 0000;
270f: 0000;
2710: 0000;
2711: 0000;
2712: 23a1;
2713: 23bc;
2714: 24bf;
2715: 23af;
2716: 23af;
2717: 23af;
2718: 23af;
2719: 23af;
271a: 23af;
271b: 23af;
271c: 23af;
271d: 23af;
271e: 23af;
271f: 23af;
2720: 23af;
2721: 23af;
2722: 23af;
2723: 23af;
2724: 23af;
2725: 23af;
2726: 23af;
2727: 23af;
2728: 23af;
2729: 24bf;
272a: 23a9;
272b: 22c0;
272c: 0000;
272d: 0000;
272e: 0000;
272f: 0000;
2730: 0000;
2731: 0000;
2732: 0000;
2733: 0000;
2734: 0000;
2735: 0000;
2736: 0000;
2737: 0000;
2738: 0000;
2739: 0000;
273a: 0000;
273b: 0000;
273c: 0000;
273d: 0000;
273e: 0000;
273f: 0000;
2740: 0000;
2741: 0000;
2742: 0000;
2743: 0000;
2744: 0000;
2745: 0000;
2746: 0000;
2747: 0000;
2748: 0000;
2749: 23a5;
274a: 23bf;
274b: 24bf;
274c: 23af;
274d: 23af;
274e: 23af;
274f: 23af;
2750: 23af;
2751: 23af;
2752: 23af;
2753: 23af;
2754: 23af;
2755: 23af;
2756: 23af;
2757: 23af;
2758: 23af;
2759: 23af;
275a: 23af;
275b: 23af;
275c: 23af;
275d: 23af;
275e: 23af;
275f: 23af;
2760: 24bf;
2761: 23bf;
2762: 23a5;
2763: 0000;
2764: 0000;
2765: 0000;
2766: 0000;
2767: 0000;
2768: 0000;
2769: 23a3;
276a: 23ad;
276b: 24bf;
276c: 23af;
276d: 23af;
276e: 23af;
276f: 23af;
2770: 23af;
2771: 23af;
2772: 23af;
2773: 23af;
2774: 23af;
2775: 23af;
2776: 23af;
2777: 23af;
2778: 23af;
2779: 23af;
277a: 23af;
277b: 23af;
277c: 23af;
277d: 23af;
277e: 24bf;
277f: 23ad;
2780: 23b1;
2781: 0000;
2782: 0000;
2783: 0000;
2784: 13a2;
2785: 23bc;
2786: 24bf;
2787: 23af;
2788: 23af;
2789: 23af;
278a: 23af;
278b: 23af;
278c: 23af;
278d: 23af;
278e: 23af;
278f: 23af;
2790: 23af;
2791: 23af;
2792: 23af;
2793: 23af;
2794: 23af;
2795: 23af;
2796: 23af;
2797: 23af;
2798: 23af;
2799: 23af;
279a: 23bf;
279b: 24bf;
279c: 23a9;
279d: 24b0;
279e: 0000;
279f: 0000;
27a0: 0000;
27a1: 0000;
27a2: 0000;
27a3: 0000;
27a4: 0000;
27a5: 0000;
27a6: 0000;
27a7: 0000;
27a8: 24a1;
27a9: 23ac;
27aa: 24bf;
27ab: 23af;
27ac: 23af;
27ad: 23af;
27ae: 23af;
27af: 23af;
27b0: 23af;
27b1: 23af;
27b2: 23af;
27b3: 23af;
27b4: 23af;
27b5: 23af;
27b6: 23af;
27b7: 23af;
27b8: 23af;
27b9: 23af;
27ba: 23af;
27bb: 23af;
27bc: 23af;
27bd: 23af;
27be: 23af;
27bf: 24bf;
27c0: 23aa;
27c1: 0000;
27c2: 0000;
27c3: 0000;
27c4: 0000;
27c5: 0000;
27c6: 0000;
27c7: 0000;
27c8: 0000;
27c9: 0000;
27ca: 0000;
27cb: 0000;
27cc: 0000;
27cd: 0000;
27ce: 0000;
27cf: 0000;
27d0: 0000;
27d1: 0000;
27d2: 0000;
27d3: 0000;
27d4: 0000;
27d5: 0000;
27d6: 0000;
27d7: 0000;
27d8: 0000;
27d9: 0000;
27da: 0000;
27db: 0000;
27dc: 0000;
27dd: 0000;
27de: 0000;
27df: 23a4;
27e0: 23af;
27e1: 24bf;
27e2: 23af;
27e3: 23af;
27e4: 23af;
27e5: 23af;
27e6: 23af;
27e7: 23af;
27e8: 23af;
27e9: 23af;
27ea: 23af;
27eb: 23af;
27ec: 23af;
27ed: 23af;
27ee: 23af;
27ef: 23af;
27f0: 23af;
27f1: 23af;
27f2: 23af;
27f3: 23af;
27f4: 23af;
27f5: 23af;
27f6: 24bf;
27f7: 23af;
27f8: 23a5;
27f9: 0000;
27fa: 0000;
27fb: 0000;
27fc: 0000;
27fd: 0000;
27fe: 0000;
27ff: 0000;
2800: 0000;
2801: 0000;
2802: 0000;
2803: 0000;
2804: 0000;
2805: 0000;
2806: 0000;
2807: 0000;
2808: 0000;
2809: 0000;
280a: 0000;
280b: 0000;
280c: 0000;
280d: 0000;
280e: 0000;
280f: 0000;
2810: 0000;
2811: 0000;
2812: 23b3;
2813: 23ae;
2814: 24bf;
2815: 23af;
2816: 23af;
2817: 23af;
2818: 23af;
2819: 23af;
281a: 23af;
281b: 23af;
281c: 23af;
281d: 23af;
281e: 23af;
281f: 23af;
2820: 23af;
2821: 23af;
2822: 23af;
2823: 23af;
2824: 23af;
2825: 23af;
2826: 23af;
2827: 23af;
2828: 23bf;
2829: 24bf;
282a: 23a7;
282b: 0000;
282c: 0000;
282d: 0000;
282e: 0000;
282f: 0000;
2830: 0000;
2831: 0000;
2832: 0000;
2833: 0000;
2834: 0000;
2835: 0000;
2836: 0000;
2837: 0000;
2838: 0000;
2839: 0000;
283a: 0000;
283b: 0000;
283c: 0000;
283d: 0000;
283e: 0000;
283f: 0000;
2840: 0000;
2841: 0000;
2842: 0000;
2843: 0000;
2844: 0000;
2845: 0000;
2846: 0000;
2847: 0000;
2848: 23a1;
2849: 23ab;
284a: 24bf;
284b: 23af;
284c: 23af;
284d: 23af;
284e: 23af;
284f: 23af;
2850: 23af;
2851: 23af;
2852: 23af;
2853: 23af;
2854: 23af;
2855: 23af;
2856: 23af;
2857: 23af;
2858: 23af;
2859: 23af;
285a: 23af;
285b: 23af;
285c: 23af;
285d: 23af;
285e: 23af;
285f: 23af;
2860: 24bf;
2861: 23ab;
2862: 24b1;
2863: 0000;
2864: 0000;
2865: 0000;
2866: 0000;
2867: 0000;
2868: 0000;
2869: 44b0;
286a: 23aa;
286b: 24bf;
286c: 23af;
286d: 23af;
286e: 23af;
286f: 23af;
2870: 23af;
2871: 23af;
2872: 23af;
2873: 23af;
2874: 23af;
2875: 23af;
2876: 23af;
2877: 23af;
2878: 23af;
2879: 23af;
287a: 23af;
287b: 23af;
287c: 23af;
287d: 23af;
287e: 24bf;
287f: 23ae;
2880: 23b3;
2881: 0000;
2882: 0000;
2883: 04b0;
2884: 23a9;
2885: 24bf;
2886: 23bf;
2887: 23af;
2888: 23af;
2889: 23af;
288a: 23af;
288b: 23af;
288c: 23af;
288d: 23af;
288e: 23af;
288f: 23af;
2890: 23af;
2891: 23af;
2892: 23af;
2893: 23af;
2894: 23af;
2895: 23af;
2896: 23af;
2897: 23af;
2898: 23af;
2899: 23bf;
289a: 24bf;
289b: 23aa;
289c: 23a1;
289d: 0000;
289e: 0000;
289f: 0000;
28a0: 0000;
28a1: 0000;
28a2: 0000;
28a3: 0000;
28a4: 0000;
28a5: 0000;
28a6: 0000;
28a7: 0000;
28a8: 23b3;
28a9: 23ae;
28aa: 24bf;
28ab: 23af;
28ac: 23af;
28ad: 23af;
28ae: 23af;
28af: 23af;
28b0: 23af;
28b1: 23af;
28b2: 23af;
28b3: 23af;
28b4: 23af;
28b5: 23af;
28b6: 23af;
28b7: 23af;
28b8: 23af;
28b9: 23af;
28ba: 23af;
28bb: 23af;
28bc: 23af;
28bd: 23af;
28be: 24bf;
28bf: 23af;
28c0: 23a7;
28c1: 0000;
28c2: 0000;
28c3: 0000;
28c4: 0000;
28c5: 0000;
28c6: 0000;
28c7: 0000;
28c8: 0000;
28c9: 0000;
28ca: 0000;
28cb: 0000;
28cc: 0000;
28cd: 0000;
28ce: 0000;
28cf: 0000;
28d0: 0000;
28d1: 0000;
28d2: 0000;
28d3: 0000;
28d4: 0000;
28d5: 0000;
28d6: 0000;
28d7: 0000;
28d8: 0000;
28d9: 0000;
28da: 0000;
28db: 0000;
28dc: 0000;
28dd: 0000;
28de: 24b0;
28df: 23aa;
28e0: 24bf;
28e1: 23bf;
28e2: 23af;
28e3: 23af;
28e4: 23af;
28e5: 23af;
28e6: 23af;
28e7: 23af;
28e8: 23af;
28e9: 23af;
28ea: 23af;
28eb: 23af;
28ec: 23af;
28ed: 23af;
28ee: 23af;
28ef: 23af;
28f0: 23af;
28f1: 23af;
28f2: 23af;
28f3: 23af;
28f4: 23af;
28f5: 23af;
28f6: 24bf;
28f7: 23ac;
28f8: 2491;
28f9: 0000;
28fa: 0000;
28fb: 0000;
28fc: 0000;
28fd: 0000;
28fe: 0000;
28ff: 0000;
2900: 0000;
2901: 0000;
2902: 0000;
2903: 0000;
2904: 0000;
2905: 0000;
2906: 0000;
2907: 0000;
2908: 0000;
2909: 0000;
290a: 0000;
290b: 0000;
290c: 0000;
290d: 0000;
290e: 0000;
290f: 0000;
2910: 0000;
2911: 0000;
2912: 23a6;
2913: 23bf;
2914: 24bf;
2915: 23af;
2916: 23af;
2917: 23af;
2918: 23af;
2919: 23af;
291a: 23af;
291b: 23af;
291c: 23af;
291d: 23af;
291e: 23af;
291f: 23af;
2920: 23af;
2921: 23af;
2922: 23af;
2923: 23af;
2924: 23af;
2925: 23af;
2926: 23af;
2927: 23af;
2928: 24bf;
2929: 23ae;
292a: 23a4;
292b: 0000;
292c: 0000;
292d: 0000;
292e: 0000;
292f: 0000;
2930: 0000;
2931: 0000;
2932: 0000;
2933: 0000;
2934: 0000;
2935: 0000;
2936: 0000;
2937: 0000;
2938: 0000;
2939: 0000;
293a: 0000;
293b: 0000;
293c: 0000;
293d: 0000;
293e: 0000;
293f: 0000;
2940: 0000;
2941: 0000;
2942: 0000;
2943: 0000;
2944: 0000;
2945: 0000;
2946: 0000;
2947: 0000;
2948: 23a6;
2949: 23bf;
294a: 23bf;
294b: 23af;
294c: 23af;
294d: 23af;
294e: 23af;
294f: 23af;
2950: 23af;
2951: 23af;
2952: 23af;
2953: 23af;
2954: 23af;
2955: 23af;
2956: 23af;
2957: 23af;
2958: 23af;
2959: 23af;
295a: 23af;
295b: 23af;
295c: 23af;
295d: 23af;
295e: 23af;
295f: 24bf;
2960: 23bf;
2961: 23a6;
2962: 0000;
2963: 0000;
2964: 0000;
2965: 0000;
2966: 0000;
2967: 0000;
2968: 0000;
2969: 0000;
296a: 23a6;
296b: 23bf;
296c: 24bf;
296d: 23af;
296e: 23af;
296f: 23af;
2970: 23af;
2971: 23af;
2972: 23af;
2973: 23af;
2974: 23af;
2975: 23af;
2976: 23af;
2977: 23af;
2978: 23af;
2979: 23af;
297a: 23af;
297b: 23af;
297c: 23af;
297d: 23af;
297e: 24bf;
297f: 23bf;
2980: 23a7;
2981: 0000;
2982: 0000;
2983: 23a6;
2984: 23af;
2985: 23bf;
2986: 23af;
2987: 23af;
2988: 23af;
2989: 23af;
298a: 23af;
298b: 23af;
298c: 23af;
298d: 23af;
298e: 23af;
298f: 23af;
2990: 23af;
2991: 23af;
2992: 23af;
2993: 23af;
2994: 23af;
2995: 23af;
2996: 23af;
2997: 23af;
2998: 23bf;
2999: 24bf;
299a: 23ab;
299b: 23a2;
299c: 0000;
299d: 0000;
299e: 0000;
299f: 0000;
29a0: 0000;
29a1: 0000;
29a2: 0000;
29a3: 0000;
29a4: 0000;
29a5: 0000;
29a6: 0000;
29a7: 0000;
29a8: 23a6;
29a9: 23bf;
29aa: 23bf;
29ab: 23af;
29ac: 23af;
29ad: 23af;
29ae: 23af;
29af: 23af;
29b0: 23af;
29b1: 23af;
29b2: 23af;
29b3: 23af;
29b4: 23af;
29b5: 23af;
29b6: 23af;
29b7: 23af;
29b8: 23af;
29b9: 23af;
29ba: 23af;
29bb: 23af;
29bc: 23af;
29bd: 23af;
29be: 23bf;
29bf: 23ae;
29c0: 23a3;
29c1: 0000;
29c2: 0000;
29c3: 0000;
29c4: 0000;
29c5: 0000;
29c6: 0000;
29c7: 0000;
29c8: 0000;
29c9: 0000;
29ca: 0000;
29cb: 0000;
29cc: 0000;
29cd: 0000;
29ce: 0000;
29cf: 0000;
29d0: 0000;
29d1: 0000;
29d2: 0000;
29d3: 0000;
29d4: 0000;
29d5: 0000;
29d6: 0000;
29d7: 0000;
29d8: 0000;
29d9: 0000;
29da: 0000;
29db: 0000;
29dc: 0000;
29dd: 0000;
29de: 24a6;
29df: 24be;
29e0: 23bf;
29e1: 23af;
29e2: 23af;
29e3: 23af;
29e4: 23af;
29e5: 23af;
29e6: 23af;
29e7: 23af;
29e8: 23af;
29e9: 23af;
29ea: 23af;
29eb: 23af;
29ec: 23af;
29ed: 23af;
29ee: 23af;
29ef: 23af;
29f0: 23af;
29f1: 23af;
29f2: 23af;
29f3: 23af;
29f4: 23af;
29f5: 23bf;
29f6: 23bf;
29f7: 23a6;
29f8: 0000;
29f9: 0000;
29fa: 0000;
29fb: 0000;
29fc: 0000;
29fd: 0000;
29fe: 0000;
29ff: 0000;
2a00: 0000;
2a01: 0000;
2a02: 0000;
2a03: 0000;
2a04: 0000;
2a05: 0000;
2a06: 0000;
2a07: 0000;
2a08: 0000;
2a09: 0000;
2a0a: 0000;
2a0b: 0000;
2a0c: 0000;
2a0d: 0000;
2a0e: 0000;
2a0f: 0000;
2a10: 0000;
2a11: 0000;
2a12: 23a9;
2a13: 24bf;
2a14: 23bf;
2a15: 23af;
2a16: 23af;
2a17: 23af;
2a18: 23af;
2a19: 23af;
2a1a: 23af;
2a1b: 23af;
2a1c: 23af;
2a1d: 23af;
2a1e: 23af;
2a1f: 23af;
2a20: 23af;
2a21: 23af;
2a22: 23af;
2a23: 23af;
2a24: 23af;
2a25: 23af;
2a26: 23af;
2a27: 23af;
2a28: 24bf;
2a29: 23ac;
2a2a: 23a2;
2a2b: 0000;
2a2c: 0000;
2a2d: 0000;
2a2e: 0000;
2a2f: 0000;
2a30: 0000;
2a31: 0000;
2a32: 0000;
2a33: 0000;
2a34: 0000;
2a35: 0000;
2a36: 0000;
2a37: 0000;
2a38: 0000;
2a39: 0000;
2a3a: 0000;
2a3b: 0000;
2a3c: 0000;
2a3d: 0000;
2a3e: 0000;
2a3f: 0000;
2a40: 0000;
2a41: 0000;
2a42: 0000;
2a43: 0000;
2a44: 0000;
2a45: 0000;
2a46: 0000;
2a47: 24a3;
2a48: 23ad;
2a49: 24bf;
2a4a: 23af;
2a4b: 23af;
2a4c: 23af;
2a4d: 23af;
2a4e: 23af;
2a4f: 23af;
2a50: 23af;
2a51: 23af;
2a52: 23af;
2a53: 23af;
2a54: 23af;
2a55: 23af;
2a56: 23af;
2a57: 23af;
2a58: 23af;
2a59: 23af;
2a5a: 23af;
2a5b: 23af;
2a5c: 23af;
2a5d: 23af;
2a5e: 23bf;
2a5f: 24bf;
2a60: 23ab;
2a61: 33b1;
2a62: 0000;
2a63: 0000;
2a64: 0000;
2a65: 0000;
2a66: 0000;
2a67: 0000;
2a68: 0000;
2a69: 0000;
2a6a: 23a2;
2a6b: 23ad;
2a6c: 24bf;
2a6d: 23af;
2a6e: 23af;
2a6f: 23af;
2a70: 23af;
2a71: 23af;
2a72: 23af;
2a73: 23af;
2a74: 23af;
2a75: 23af;
2a76: 23af;
2a77: 23af;
2a78: 23af;
2a79: 23af;
2a7a: 23af;
2a7b: 23af;
2a7c: 23af;
2a7d: 23af;
2a7e: 23af;
2a7f: 24bf;
2a80: 23aa;
2a81: 0000;
2a82: 23a2;
2a83: 23ad;
2a84: 24bf;
2a85: 23af;
2a86: 23af;
2a87: 23af;
2a88: 23af;
2a89: 23af;
2a8a: 23af;
2a8b: 23af;
2a8c: 23af;
2a8d: 23af;
2a8e: 23af;
2a8f: 23af;
2a90: 23af;
2a91: 23af;
2a92: 23af;
2a93: 23af;
2a94: 23af;
2a95: 23af;
2a96: 23af;
2a97: 23bf;
2a98: 24bf;
2a99: 23ac;
2a9a: 23b2;
2a9b: 0000;
2a9c: 0000;
2a9d: 0000;
2a9e: 0000;
2a9f: 0000;
2aa0: 0000;
2aa1: 0000;
2aa2: 0000;
2aa3: 0000;
2aa4: 0000;
2aa5: 0000;
2aa6: 0000;
2aa7: 07f0;
2aa8: 23b9;
2aa9: 24bf;
2aaa: 23af;
2aab: 23af;
2aac: 23af;
2aad: 23af;
2aae: 23af;
2aaf: 23af;
2ab0: 23af;
2ab1: 23af;
2ab2: 23af;
2ab3: 23af;
2ab4: 23af;
2ab5: 23af;
2ab6: 23af;
2ab7: 23af;
2ab8: 23af;
2ab9: 23af;
2aba: 23af;
2abb: 23af;
2abc: 23af;
2abd: 23af;
2abe: 24bf;
2abf: 23ad;
2ac0: 24b1;
2ac1: 0000;
2ac2: 0000;
2ac3: 0000;
2ac4: 0000;
2ac5: 0000;
2ac6: 0000;
2ac7: 0000;
2ac8: 0000;
2ac9: 0000;
2aca: 0000;
2acb: 0000;
2acc: 0000;
2acd: 0000;
2ace: 0000;
2acf: 0000;
2ad0: 0000;
2ad1: 0000;
2ad2: 0000;
2ad3: 0000;
2ad4: 0000;
2ad5: 0000;
2ad6: 0000;
2ad7: 0000;
2ad8: 0000;
2ad9: 0000;
2ada: 0000;
2adb: 0000;
2adc: 0000;
2add: 24b2;
2ade: 23bd;
2adf: 24bf;
2ae0: 23af;
2ae1: 23af;
2ae2: 23af;
2ae3: 23af;
2ae4: 23af;
2ae5: 23af;
2ae6: 23af;
2ae7: 23af;
2ae8: 23af;
2ae9: 23af;
2aea: 23af;
2aeb: 23af;
2aec: 23af;
2aed: 23af;
2aee: 23af;
2aef: 23af;
2af0: 23af;
2af1: 23af;
2af2: 23af;
2af3: 23af;
2af4: 23af;
2af5: 24bf;
2af6: 23ab;
2af7: 13a1;
2af8: 0000;
2af9: 0000;
2afa: 0000;
2afb: 0000;
2afc: 0000;
2afd: 0000;
2afe: 0000;
2aff: 0000;
2b00: 0000;
2b01: 0000;
2b02: 0000;
2b03: 0000;
2b04: 0000;
2b05: 0000;
2b06: 0000;
2b07: 0000;
2b08: 0000;
2b09: 0000;
2b0a: 0000;
2b0b: 0000;
2b0c: 0000;
2b0d: 0000;
2b0e: 0000;
2b0f: 0000;
2b10: 0000;
2b11: 23a1;
2b12: 23ab;
2b13: 24bf;
2b14: 23af;
2b15: 23af;
2b16: 23af;
2b17: 23af;
2b18: 23af;
2b19: 23af;
2b1a: 23af;
2b1b: 23af;
2b1c: 23af;
2b1d: 23af;
2b1e: 23af;
2b1f: 23af;
2b20: 23af;
2b21: 23af;
2b22: 23af;
2b23: 23af;
2b24: 23af;
2b25: 23af;
2b26: 23af;
2b27: 23af;
2b28: 24bf;
2b29: 23aa;
2b2a: 00f0;
2b2b: 0000;
2b2c: 0000;
2b2d: 0000;
2b2e: 0000;
2b2f: 0000;
2b30: 0000;
2b31: 0000;
2b32: 0000;
2b33: 0000;
2b34: 0000;
2b35: 0000;
2b36: 0000;
2b37: 0000;
2b38: 0000;
2b39: 0000;
2b3a: 0000;
2b3b: 0000;
2b3c: 0000;
2b3d: 0000;
2b3e: 0000;
2b3f: 0000;
2b40: 0000;
2b41: 0000;
2b42: 0000;
2b43: 0000;
2b44: 0000;
2b45: 0000;
2b46: 23b1;
2b47: 23bb;
2b48: 24bf;
2b49: 23af;
2b4a: 23af;
2b4b: 23af;
2b4c: 23af;
2b4d: 23af;
2b4e: 23af;
2b4f: 23af;
2b50: 23af;
2b51: 23af;
2b52: 23af;
2b53: 23af;
2b54: 23af;
2b55: 23af;
2b56: 23af;
2b57: 23af;
2b58: 23af;
2b59: 23af;
2b5a: 23af;
2b5b: 23af;
2b5c: 23af;
2b5d: 23af;
2b5e: 24bf;
2b5f: 23ae;
2b60: 23a4;
2b61: 0000;
2b62: 0000;
2b63: 0000;
2b64: 0000;
2b65: 0000;
2b66: 0000;
2b67: 0000;
2b68: 0000;
2b69: 0000;
2b6a: 0000;
2b6b: 23a9;
2b6c: 24bf;
2b6d: 23af;
2b6e: 23af;
2b6f: 23af;
2b70: 23af;
2b71: 23af;
2b72: 23af;
2b73: 23af;
2b74: 23af;
2b75: 23af;
2b76: 23af;
2b77: 23af;
2b78: 23af;
2b79: 23af;
2b7a: 23af;
2b7b: 23af;
2b7c: 23af;
2b7d: 23af;
2b7e: 23af;
2b7f: 24bf;
2b80: 23ab;
2b81: 24b1;
2b82: 23a9;
2b83: 24bf;
2b84: 23bf;
2b85: 23af;
2b86: 23af;
2b87: 23af;
2b88: 23af;
2b89: 23af;
2b8a: 23af;
2b8b: 23af;
2b8c: 23af;
2b8d: 23af;
2b8e: 23af;
2b8f: 23af;
2b90: 23af;
2b91: 23af;
2b92: 23af;
2b93: 23af;
2b94: 23af;
2b95: 23af;
2b96: 23af;
2b97: 24bf;
2b98: 23bd;
2b99: 24a3;
2b9a: 0000;
2b9b: 0000;
2b9c: 0000;
2b9d: 0000;
2b9e: 0000;
2b9f: 0000;
2ba0: 0000;
2ba1: 0000;
2ba2: 0000;
2ba3: 0000;
2ba4: 0000;
2ba5: 0000;
2ba6: 0000;
2ba7: 24b1;
2ba8: 23ac;
2ba9: 23bf;
2baa: 23af;
2bab: 23af;
2bac: 23af;
2bad: 23af;
2bae: 23af;
2baf: 23af;
2bb0: 23af;
2bb1: 23af;
2bb2: 23af;
2bb3: 23af;
2bb4: 23af;
2bb5: 23af;
2bb6: 23af;
2bb7: 23af;
2bb8: 23af;
2bb9: 23af;
2bba: 23af;
2bbb: 23af;
2bbc: 23af;
2bbd: 23af;
2bbe: 24bf;
2bbf: 23aa;
2bc0: 44b0;
2bc1: 0000;
2bc2: 0000;
2bc3: 0000;
2bc4: 0000;
2bc5: 0000;
2bc6: 0000;
2bc7: 0000;
2bc8: 0000;
2bc9: 0000;
2bca: 0000;
2bcb: 0000;
2bcc: 0000;
2bcd: 0000;
2bce: 0000;
2bcf: 0000;
2bd0: 0000;
2bd1: 0000;
2bd2: 0000;
2bd3: 0000;
2bd4: 0000;
2bd5: 0000;
2bd6: 0000;
2bd7: 0000;
2bd8: 0000;
2bd9: 0000;
2bda: 0000;
2bdb: 0000;
2bdc: 13a1;
2bdd: 23ba;
2bde: 24bf;
2bdf: 23af;
2be0: 23af;
2be1: 23af;
2be2: 23af;
2be3: 23af;
2be4: 23af;
2be5: 23af;
2be6: 23af;
2be7: 23af;
2be8: 23af;
2be9: 23af;
2bea: 23af;
2beb: 23af;
2bec: 23af;
2bed: 23af;
2bee: 23af;
2bef: 23af;
2bf0: 23af;
2bf1: 23af;
2bf2: 23af;
2bf3: 23af;
2bf4: 24bf;
2bf5: 23ae;
2bf6: 23a5;
2bf7: 0000;
2bf8: 0000;
2bf9: 0000;
2bfa: 0000;
2bfb: 0000;
2bfc: 0000;
2bfd: 0000;
2bfe: 0000;
2bff: 0000;
2c00: 0000;
2c01: 0000;
2c02: 0000;
2c03: 0000;
2c04: 0000;
2c05: 0000;
2c06: 0000;
2c07: 0000;
2c08: 0000;
2c09: 0000;
2c0a: 0000;
2c0b: 0000;
2c0c: 0000;
2c0d: 0000;
2c0e: 0000;
2c0f: 0000;
2c10: 0000;
2c11: 24a3;
2c12: 23ad;
2c13: 24bf;
2c14: 23af;
2c15: 23af;
2c16: 23af;
2c17: 23af;
2c18: 23af;
2c19: 23af;
2c1a: 23af;
2c1b: 23af;
2c1c: 23af;
2c1d: 23af;
2c1e: 23af;
2c1f: 23af;
2c20: 23af;
2c21: 23af;
2c22: 23af;
2c23: 23af;
2c24: 23af;
2c25: 23af;
2c26: 23af;
2c27: 23bf;
2c28: 24bf;
2c29: 23a8;
2c2a: 0000;
2c2b: 0000;
2c2c: 0000;
2c2d: 0000;
2c2e: 0000;
2c2f: 0000;
2c30: 0000;
2c31: 0000;
2c32: 0000;
2c33: 0000;
2c34: 0000;
2c35: 0000;
2c36: 0000;
2c37: 0000;
2c38: 0000;
2c39: 0000;
2c3a: 0000;
2c3b: 0000;
2c3c: 0000;
2c3d: 0000;
2c3e: 0000;
2c3f: 0000;
2c40: 0000;
2c41: 0000;
2c42: 0000;
2c43: 0000;
2c44: 0000;
2c45: 23a1;
2c46: 23aa;
2c47: 24bf;
2c48: 24bf;
2c49: 23af;
2c4a: 23af;
2c4b: 23af;
2c4c: 23af;
2c4d: 23af;
2c4e: 23af;
2c4f: 23af;
2c50: 23af;
2c51: 23af;
2c52: 23af;
2c53: 23af;
2c54: 23af;
2c55: 23af;
2c56: 23af;
2c57: 23af;
2c58: 23af;
2c59: 23af;
2c5a: 23af;
2c5b: 23af;
2c5c: 23af;
2c5d: 23bf;
2c5e: 24bf;
2c5f: 23a8;
2c60: 0000;
2c61: 0000;
2c62: 0000;
2c63: 0000;
2c64: 0000;
2c65: 0000;
2c66: 0000;
2c67: 0000;
2c68: 0000;
2c69: 0000;
2c6a: 0000;
2c6b: 23b5;
2c6c: 23af;
2c6d: 24bf;
2c6e: 23af;
2c6f: 23af;
2c70: 23af;
2c71: 23af;
2c72: 23af;
2c73: 23af;
2c74: 23af;
2c75: 23af;
2c76: 23af;
2c77: 23af;
2c78: 23af;
2c79: 23af;
2c7a: 23af;
2c7b: 23af;
2c7c: 23af;
2c7d: 23af;
2c7e: 23af;
2c7f: 24bf;
2c80: 23ac;
2c81: 23a7;
2c82: 23be;
2c83: 24bf;
2c84: 23af;
2c85: 23af;
2c86: 23af;
2c87: 23af;
2c88: 23af;
2c89: 23af;
2c8a: 23af;
2c8b: 23af;
2c8c: 23af;
2c8d: 23af;
2c8e: 23af;
2c8f: 23af;
2c90: 23af;
2c91: 23af;
2c92: 23af;
2c93: 23af;
2c94: 23af;
2c95: 23af;
2c96: 24bf;
2c97: 23ae;
2c98: 23a4;
2c99: 0000;
2c9a: 0000;
2c9b: 0000;
2c9c: 0000;
2c9d: 0000;
2c9e: 0000;
2c9f: 0000;
2ca0: 0000;
2ca1: 0000;
2ca2: 0000;
2ca3: 0000;
2ca4: 0000;
2ca5: 0000;
2ca6: 0000;
2ca7: 23a2;
2ca8: 23ae;
2ca9: 24bf;
2caa: 23af;
2cab: 23af;
2cac: 23af;
2cad: 23af;
2cae: 23af;
2caf: 23af;
2cb0: 23af;
2cb1: 23af;
2cb2: 23af;
2cb3: 23af;
2cb4: 23af;
2cb5: 23af;
2cb6: 23af;
2cb7: 23af;
2cb8: 23af;
2cb9: 23af;
2cba: 23af;
2cbb: 23af;
2cbc: 23af;
2cbd: 23af;
2cbe: 24bf;
2cbf: 23a7;
2cc0: 0000;
2cc1: 0000;
2cc2: 0000;
2cc3: 0000;
2cc4: 0000;
2cc5: 0000;
2cc6: 0000;
2cc7: 0000;
2cc8: 0000;
2cc9: 0000;
2cca: 0000;
2ccb: 0000;
2ccc: 0000;
2ccd: 0000;
2cce: 0000;
2ccf: 0000;
2cd0: 0000;
2cd1: 0000;
2cd2: 0000;
2cd3: 0000;
2cd4: 0000;
2cd5: 0000;
2cd6: 0000;
2cd7: 0000;
2cd8: 0000;
2cd9: 0000;
2cda: 0000;
2cdb: 34b1;
2cdc: 23aa;
2cdd: 24bf;
2cde: 23bf;
2cdf: 23af;
2ce0: 23af;
2ce1: 23af;
2ce2: 23af;
2ce3: 23af;
2ce4: 23af;
2ce5: 23af;
2ce6: 23af;
2ce7: 23af;
2ce8: 23af;
2ce9: 23af;
2cea: 23af;
2ceb: 23af;
2cec: 23af;
2ced: 23af;
2cee: 23af;
2cef: 23af;
2cf0: 23af;
2cf1: 23af;
2cf2: 23af;
2cf3: 23bf;
2cf4: 24bf;
2cf5: 23a9;
2cf6: 7070;
2cf7: 0000;
2cf8: 0000;
2cf9: 0000;
2cfa: 0000;
2cfb: 0000;
2cfc: 0000;
2cfd: 0000;
2cfe: 0000;
2cff: 0000;
2d00: 0000;
2d01: 0000;
2d02: 0000;
2d03: 0000;
2d04: 0000;
2d05: 0000;
2d06: 0000;
2d07: 0000;
2d08: 0000;
2d09: 0000;
2d0a: 0000;
2d0b: 0000;
2d0c: 0000;
2d0d: 0000;
2d0e: 0000;
2d0f: 0000;
2d10: 0000;
2d11: 23b5;
2d12: 23bf;
2d13: 23bf;
2d14: 23af;
2d15: 23af;
2d16: 23af;
2d17: 23af;
2d18: 23af;
2d19: 23af;
2d1a: 23af;
2d1b: 23af;
2d1c: 23af;
2d1d: 23af;
2d1e: 23af;
2d1f: 23af;
2d20: 23af;
2d21: 23af;
2d22: 23af;
2d23: 23af;
2d24: 23af;
2d25: 23af;
2d26: 23af;
2d27: 24bf;
2d28: 23ae;
2d29: 23a5;
2d2a: 0000;
2d2b: 0000;
2d2c: 0000;
2d2d: 0000;
2d2e: 0000;
2d2f: 0000;
2d30: 0000;
2d31: 0000;
2d32: 0000;
2d33: 0000;
2d34: 0000;
2d35: 0000;
2d36: 0000;
2d37: 0000;
2d38: 0000;
2d39: 0000;
2d3a: 0000;
2d3b: 0000;
2d3c: 0000;
2d3d: 0000;
2d3e: 0000;
2d3f: 0000;
2d40: 0000;
2d41: 0000;
2d42: 0000;
2d43: 0000;
2d44: 24a2;
2d45: 23aa;
2d46: 24bf;
2d47: 23bf;
2d48: 23af;
2d49: 23af;
2d4a: 23af;
2d4b: 23af;
2d4c: 23af;
2d4d: 23af;
2d4e: 23af;
2d4f: 23af;
2d50: 23af;
2d51: 23af;
2d52: 23af;
2d53: 23af;
2d54: 23af;
2d55: 23af;
2d56: 23af;
2d57: 23af;
2d58: 23af;
2d59: 23af;
2d5a: 23af;
2d5b: 23af;
2d5c: 23af;
2d5d: 24bf;
2d5e: 23ab;
2d5f: 23a1;
2d60: 0000;
2d61: 0000;
2d62: 0000;
2d63: 0000;
2d64: 0000;
2d65: 0000;
2d66: 0000;
2d67: 0000;
2d68: 0000;
2d69: 0000;
2d6a: 0000;
2d6b: 24b1;
2d6c: 23ad;
2d6d: 24bf;
2d6e: 23af;
2d6f: 23af;
2d70: 23af;
2d71: 23af;
2d72: 23af;
2d73: 23af;
2d74: 23af;
2d75: 23af;
2d76: 23af;
2d77: 23af;
2d78: 23af;
2d79: 23af;
2d7a: 23af;
2d7b: 23af;
2d7c: 23af;
2d7d: 23af;
2d7e: 23af;
2d7f: 23bf;
2d80: 23ae;
2d81: 23ad;
2d82: 24bf;
2d83: 23af;
2d84: 23af;
2d85: 23af;
2d86: 23af;
2d87: 23af;
2d88: 23af;
2d89: 23af;
2d8a: 23af;
2d8b: 23af;
2d8c: 23af;
2d8d: 23af;
2d8e: 23af;
2d8f: 23af;
2d90: 23af;
2d91: 23af;
2d92: 23af;
2d93: 23af;
2d94: 23af;
2d95: 24bf;
2d96: 24be;
2d97: 23a6;
2d98: 0000;
2d99: 0000;
2d9a: 0000;
2d9b: 0000;
2d9c: 0000;
2d9d: 0000;
2d9e: 0000;
2d9f: 0000;
2da0: 0000;
2da1: 0000;
2da2: 0000;
2da3: 0000;
2da4: 0000;
2da5: 0000;
2da6: 0000;
2da7: 23b5;
2da8: 23af;
2da9: 24bf;
2daa: 23af;
2dab: 23af;
2dac: 23af;
2dad: 23af;
2dae: 23af;
2daf: 23af;
2db0: 23af;
2db1: 23af;
2db2: 23af;
2db3: 23af;
2db4: 23af;
2db5: 23af;
2db6: 23af;
2db7: 23af;
2db8: 23af;
2db9: 23af;
2dba: 23af;
2dbb: 23af;
2dbc: 23af;
2dbd: 23bf;
2dbe: 23bf;
2dbf: 23a4;
2dc0: 0000;
2dc1: 0000;
2dc2: 0000;
2dc3: 0000;
2dc4: 0000;
2dc5: 0000;
2dc6: 0000;
2dc7: 0000;
2dc8: 0000;
2dc9: 0000;
2dca: 0000;
2dcb: 0000;
2dcc: 0000;
2dcd: 0000;
2dce: 0000;
2dcf: 0000;
2dd0: 0000;
2dd1: 0000;
2dd2: 0000;
2dd3: 0000;
2dd4: 0000;
2dd5: 0000;
2dd6: 0000;
2dd7: 0000;
2dd8: 0000;
2dd9: 0000;
2dda: 23a2;
2ddb: 23aa;
2ddc: 23bf;
2ddd: 23bf;
2dde: 23af;
2ddf: 23af;
2de0: 23af;
2de1: 23af;
2de2: 23af;
2de3: 23af;
2de4: 23af;
2de5: 23af;
2de6: 23af;
2de7: 23af;
2de8: 23af;
2de9: 23af;
2dea: 23af;
2deb: 23af;
2dec: 23af;
2ded: 23af;
2dee: 23af;
2def: 23af;
2df0: 23af;
2df1: 23af;
2df2: 24af;
2df3: 24bf;
2df4: 23ac;
2df5: 23a2;
2df6: 0000;
2df7: 0000;
2df8: 0000;
2df9: 0000;
2dfa: 0000;
2dfb: 0000;
2dfc: 0000;
2dfd: 0000;
2dfe: 0000;
2dff: 0000;
2e00: 0000;
2e01: 0000;
2e02: 0000;
2e03: 0000;
2e04: 0000;
2e05: 0000;
2e06: 0000;
2e07: 0000;
2e08: 0000;
2e09: 0000;
2e0a: 0000;
2e0b: 0000;
2e0c: 0000;
2e0d: 0000;
2e0e: 0000;
2e0f: 0000;
2e10: 0000;
2e11: 23b8;
2e12: 24bf;
2e13: 23af;
2e14: 23af;
2e15: 23af;
2e16: 23af;
2e17: 23af;
2e18: 23af;
2e19: 23af;
2e1a: 23af;
2e1b: 23af;
2e1c: 23af;
2e1d: 23af;
2e1e: 23af;
2e1f: 23af;
2e20: 23af;
2e21: 23af;
2e22: 23af;
2e23: 23af;
2e24: 23af;
2e25: 23af;
2e26: 23af;
2e27: 24bf;
2e28: 23ad;
2e29: 23a2;
2e2a: 0000;
2e2b: 0000;
2e2c: 0000;
2e2d: 0000;
2e2e: 0000;
2e2f: 0000;
2e30: 0000;
2e31: 0000;
2e32: 0000;
2e33: 0000;
2e34: 0000;
2e35: 0000;
2e36: 0000;
2e37: 0000;
2e38: 0000;
2e39: 0000;
2e3a: 0000;
2e3b: 0000;
2e3c: 0000;
2e3d: 0000;
2e3e: 0000;
2e3f: 0000;
2e40: 0000;
2e41: 0000;
2e42: 0000;
2e43: 23b4;
2e44: 23ab;
2e45: 24bf;
2e46: 23bf;
2e47: 23af;
2e48: 23af;
2e49: 23af;
2e4a: 23af;
2e4b: 23af;
2e4c: 23af;
2e4d: 23af;
2e4e: 23af;
2e4f: 23af;
2e50: 23af;
2e51: 23af;
2e52: 23af;
2e53: 23af;
2e54: 23af;
2e55: 23af;
2e56: 23af;
2e57: 23af;
2e58: 23af;
2e59: 23af;
2e5a: 23af;
2e5b: 23af;
2e5c: 24bf;
2e5d: 23bd;
2e5e: 24b3;
2e5f: 0000;
2e60: 0000;
2e61: 0000;
2e62: 0000;
2e63: 0000;
2e64: 0000;
2e65: 0000;
2e66: 0000;
2e67: 0000;
2e68: 0000;
2e69: 0000;
2e6a: 0000;
2e6b: 0000;
2e6c: 23a8;
2e6d: 24bf;
2e6e: 23af;
2e6f: 23af;
2e70: 23af;
2e71: 23af;
2e72: 23af;
2e73: 23af;
2e74: 23af;
2e75: 23af;
2e76: 23af;
2e77: 23af;
2e78: 23af;
2e79: 23af;
2e7a: 23af;
2e7b: 23af;
2e7c: 23af;
2e7d: 23af;
2e7e: 23af;
2e7f: 23af;
2e80: 23bf;
2e81: 24bf;
2e82: 23af;
2e83: 23af;
2e84: 23af;
2e85: 23af;
2e86: 23af;
2e87: 23af;
2e88: 23af;
2e89: 23af;
2e8a: 23af;
2e8b: 23af;
2e8c: 23af;
2e8d: 23af;
2e8e: 23af;
2e8f: 23af;
2e90: 23af;
2e91: 23af;
2e92: 23af;
2e93: 23af;
2e94: 24bf;
2e95: 23bf;
2e96: 23a7;
2e97: 00f0;
2e98: 0000;
2e99: 0000;
2e9a: 0000;
2e9b: 0000;
2e9c: 0000;
2e9d: 0000;
2e9e: 0000;
2e9f: 0000;
2ea0: 0000;
2ea1: 0000;
2ea2: 0000;
2ea3: 0000;
2ea4: 0000;
2ea5: 0000;
2ea6: 0000;
2ea7: 23a9;
2ea8: 24bf;
2ea9: 23bf;
2eaa: 23af;
2eab: 23af;
2eac: 23af;
2ead: 23af;
2eae: 23af;
2eaf: 23af;
2eb0: 23af;
2eb1: 23af;
2eb2: 23af;
2eb3: 23af;
2eb4: 23af;
2eb5: 23af;
2eb6: 23af;
2eb7: 23af;
2eb8: 23af;
2eb9: 23af;
2eba: 23af;
2ebb: 23af;
2ebc: 23af;
2ebd: 24bf;
2ebe: 23ad;
2ebf: 23b2;
2ec0: 0000;
2ec1: 0000;
2ec2: 0000;
2ec3: 0000;
2ec4: 0000;
2ec5: 0000;
2ec6: 0000;
2ec7: 0000;
2ec8: 0000;
2ec9: 0000;
2eca: 0000;
2ecb: 0000;
2ecc: 0000;
2ecd: 0000;
2ece: 0000;
2ecf: 0000;
2ed0: 0000;
2ed1: 0000;
2ed2: 0000;
2ed3: 0000;
2ed4: 0000;
2ed5: 0000;
2ed6: 0000;
2ed7: 0000;
2ed8: 0000;
2ed9: 23a3;
2eda: 23ab;
2edb: 24bf;
2edc: 23bf;
2edd: 23af;
2ede: 23af;
2edf: 23af;
2ee0: 23af;
2ee1: 23af;
2ee2: 23af;
2ee3: 23af;
2ee4: 23af;
2ee5: 23af;
2ee6: 23af;
2ee7: 23af;
2ee8: 23af;
2ee9: 23af;
2eea: 23af;
2eeb: 23af;
2eec: 23af;
2eed: 23af;
2eee: 23af;
2eef: 23af;
2ef0: 23af;
2ef1: 23af;
2ef2: 24bf;
2ef3: 23ae;
2ef4: 23a4;
2ef5: 0000;
2ef6: 0000;
2ef7: 0000;
2ef8: 0000;
2ef9: 0000;
2efa: 0000;
2efb: 0000;
2efc: 0000;
2efd: 0000;
2efe: 0000;
2eff: 0000;
2f00: 0000;
2f01: 0000;
2f02: 0000;
2f03: 0000;
2f04: 0000;
2f05: 0000;
2f06: 0000;
2f07: 0000;
2f08: 0000;
2f09: 0000;
2f0a: 0000;
2f0b: 0000;
2f0c: 0000;
2f0d: 0000;
2f0e: 0000;
2f0f: 0000;
2f10: 2391;
2f11: 23ab;
2f12: 24bf;
2f13: 23af;
2f14: 23af;
2f15: 23af;
2f16: 23af;
2f17: 23af;
2f18: 23af;
2f19: 23af;
2f1a: 23af;
2f1b: 23af;
2f1c: 23af;
2f1d: 23af;
2f1e: 23af;
2f1f: 23af;
2f20: 23af;
2f21: 23af;
2f22: 23af;
2f23: 23af;
2f24: 23af;
2f25: 23af;
2f26: 23af;
2f27: 24bf;
2f28: 23ab;
2f29: 22a0;
2f2a: 0000;
2f2b: 0000;
2f2c: 0000;
2f2d: 0000;
2f2e: 0000;
2f2f: 0000;
2f30: 0000;
2f31: 0000;
2f32: 0000;
2f33: 0000;
2f34: 0000;
2f35: 0000;
2f36: 0000;
2f37: 0000;
2f38: 0000;
2f39: 0000;
2f3a: 0000;
2f3b: 0000;
2f3c: 0000;
2f3d: 0000;
2f3e: 0000;
2f3f: 0000;
2f40: 0000;
2f41: 23a1;
2f42: 23a7;
2f43: 23ae;
2f44: 24bf;
2f45: 23bf;
2f46: 23af;
2f47: 23af;
2f48: 23af;
2f49: 23af;
2f4a: 23af;
2f4b: 23af;
2f4c: 23af;
2f4d: 23af;
2f4e: 23af;
2f4f: 23af;
2f50: 23af;
2f51: 23af;
2f52: 23af;
2f53: 23af;
2f54: 23af;
2f55: 23af;
2f56: 23af;
2f57: 23af;
2f58: 23af;
2f59: 23af;
2f5a: 23af;
2f5b: 24bf;
2f5c: 23be;
2f5d: 23a5;
2f5e: 0000;
2f5f: 0000;
2f60: 0000;
2f61: 0000;
2f62: 0000;
2f63: 0000;
2f64: 0000;
2f65: 0000;
2f66: 0000;
2f67: 0000;
2f68: 0000;
2f69: 0000;
2f6a: 0000;
2f6b: 0000;
2f6c: 23a4;
2f6d: 23af;
2f6e: 24bf;
2f6f: 23af;
2f70: 23af;
2f71: 23af;
2f72: 23af;
2f73: 23af;
2f74: 23af;
2f75: 23af;
2f76: 23af;
2f77: 23af;
2f78: 23af;
2f79: 23af;
2f7a: 23af;
2f7b: 23af;
2f7c: 23af;
2f7d: 23af;
2f7e: 23af;
2f7f: 23af;
2f80: 23af;
2f81: 23af;
2f82: 23af;
2f83: 23af;
2f84: 23af;
2f85: 23af;
2f86: 23af;
2f87: 23af;
2f88: 23af;
2f89: 23af;
2f8a: 23af;
2f8b: 23af;
2f8c: 23af;
2f8d: 23af;
2f8e: 23af;
2f8f: 23af;
2f90: 23af;
2f91: 23af;
2f92: 23af;
2f93: 24bf;
2f94: 24bf;
2f95: 23a8;
2f96: 00f0;
2f97: 0000;
2f98: 0000;
2f99: 0000;
2f9a: 0000;
2f9b: 0000;
2f9c: 0000;
2f9d: 0000;
2f9e: 0000;
2f9f: 0000;
2fa0: 0000;
2fa1: 0000;
2fa2: 0000;
2fa3: 0000;
2fa4: 0000;
2fa5: 0000;
2fa6: 00f0;
2fa7: 23ab;
2fa8: 24bf;
2fa9: 23af;
2faa: 23af;
2fab: 23af;
2fac: 23af;
2fad: 23af;
2fae: 23af;
2faf: 23af;
2fb0: 23af;
2fb1: 23af;
2fb2: 23af;
2fb3: 23af;
2fb4: 23af;
2fb5: 23af;
2fb6: 23af;
2fb7: 23af;
2fb8: 23af;
2fb9: 23af;
2fba: 23af;
2fbb: 23af;
2fbc: 23af;
2fbd: 24bf;
2fbe: 23aa;
2fbf: 23a1;
2fc0: 0000;
2fc1: 0000;
2fc2: 0000;
2fc3: 0000;
2fc4: 0000;
2fc5: 0000;
2fc6: 0000;
2fc7: 0000;
2fc8: 0000;
2fc9: 0000;
2fca: 0000;
2fcb: 0000;
2fcc: 0000;
2fcd: 0000;
2fce: 0000;
2fcf: 0000;
2fd0: 0000;
2fd1: 0000;
2fd2: 0000;
2fd3: 0000;
2fd4: 0000;
2fd5: 0000;
2fd6: 0000;
2fd7: 23a1;
2fd8: 23a6;
2fd9: 23ad;
2fda: 24bf;
2fdb: 23bf;
2fdc: 23af;
2fdd: 23af;
2fde: 23af;
2fdf: 23af;
2fe0: 23af;
2fe1: 23af;
2fe2: 23af;
2fe3: 23af;
2fe4: 23af;
2fe5: 23af;
2fe6: 23af;
2fe7: 23af;
2fe8: 23af;
2fe9: 23af;
2fea: 23af;
2feb: 23af;
2fec: 23af;
2fed: 23af;
2fee: 23af;
2fef: 23af;
2ff0: 23af;
2ff1: 24bf;
2ff2: 23ae;
2ff3: 23a6;
2ff4: 0000;
2ff5: 0000;
2ff6: 0000;
2ff7: 0000;
2ff8: 0000;
2ff9: 0000;
2ffa: 0000;
2ffb: 0000;
2ffc: 0000;
2ffd: 0000;
2ffe: 0000;
2fff: 0000;
3000: 0000;
3001: 0000;
3002: 0000;
3003: 0000;
3004: 0000;
3005: 0000;
3006: 0000;
3007: 0000;
3008: 0000;
3009: 0000;
300a: 0000;
300b: 0000;
300c: 0000;
300d: 0000;
300e: 0000;
300f: 0000;
3010: 23a2;
3011: 23ae;
3012: 24bf;
3013: 23af;
3014: 23af;
3015: 23af;
3016: 23af;
3017: 23af;
3018: 23af;
3019: 23af;
301a: 23af;
301b: 23af;
301c: 23af;
301d: 23af;
301e: 23af;
301f: 23af;
3020: 23af;
3021: 23af;
3022: 23af;
3023: 23af;
3024: 23af;
3025: 23af;
3026: 23bf;
3027: 23bf;
3028: 23a8;
3029: 0000;
302a: 0000;
302b: 0000;
302c: 0000;
302d: 0000;
302e: 0000;
302f: 0000;
3030: 0000;
3031: 0000;
3032: 0000;
3033: 0000;
3034: 0000;
3035: 0000;
3036: 0000;
3037: 0000;
3038: 0000;
3039: 0000;
303a: 0000;
303b: 0000;
303c: 0000;
303d: 0000;
303e: 0000;
303f: 24a1;
3040: 24a5;
3041: 23bb;
3042: 23bf;
3043: 24bf;
3044: 23af;
3045: 23af;
3046: 23af;
3047: 23af;
3048: 23af;
3049: 23af;
304a: 23af;
304b: 23af;
304c: 23af;
304d: 23af;
304e: 23af;
304f: 23af;
3050: 23af;
3051: 23af;
3052: 23af;
3053: 23af;
3054: 23af;
3055: 23af;
3056: 23af;
3057: 23af;
3058: 23af;
3059: 23af;
305a: 24bf;
305b: 23ae;
305c: 23a6;
305d: 0000;
305e: 0000;
305f: 0000;
3060: 0000;
3061: 0000;
3062: 0000;
3063: 0000;
3064: 0000;
3065: 0000;
3066: 0000;
3067: 0000;
3068: 0000;
3069: 0000;
306a: 0000;
306b: 0000;
306c: 24b1;
306d: 23ac;
306e: 24bf;
306f: 23af;
3070: 23af;
3071: 23af;
3072: 23af;
3073: 23af;
3074: 23af;
3075: 23af;
3076: 23af;
3077: 23af;
3078: 23af;
3079: 23af;
307a: 23af;
307b: 23af;
307c: 23af;
307d: 23af;
307e: 23af;
307f: 23af;
3080: 23af;
3081: 23af;
3082: 23af;
3083: 23af;
3084: 23af;
3085: 23af;
3086: 23af;
3087: 23af;
3088: 23af;
3089: 23af;
308a: 23af;
308b: 23af;
308c: 23af;
308d: 23af;
308e: 23af;
308f: 23af;
3090: 23af;
3091: 23af;
3092: 23bf;
3093: 24bf;
3094: 23a9;
3095: 2490;
3096: 0000;
3097: 0000;
3098: 0000;
3099: 0000;
309a: 0000;
309b: 0000;
309c: 0000;
309d: 0000;
309e: 0000;
309f: 0000;
30a0: 0000;
30a1: 0000;
30a2: 0000;
30a3: 0000;
30a4: 0000;
30a5: 0000;
30a6: 23a2;
30a7: 23ad;
30a8: 24bf;
30a9: 23af;
30aa: 23af;
30ab: 23af;
30ac: 23af;
30ad: 23af;
30ae: 23af;
30af: 23af;
30b0: 23af;
30b1: 23af;
30b2: 23af;
30b3: 23af;
30b4: 23af;
30b5: 23af;
30b6: 23af;
30b7: 23af;
30b8: 23af;
30b9: 23af;
30ba: 23af;
30bb: 23af;
30bc: 23af;
30bd: 24bf;
30be: 23a8;
30bf: 0000;
30c0: 0000;
30c1: 0000;
30c2: 0000;
30c3: 0000;
30c4: 0000;
30c5: 0000;
30c6: 0000;
30c7: 0000;
30c8: 0000;
30c9: 0000;
30ca: 0000;
30cb: 0000;
30cc: 0000;
30cd: 0000;
30ce: 0000;
30cf: 0000;
30d0: 0000;
30d1: 0000;
30d2: 0000;
30d3: 0000;
30d4: 0000;
30d5: 13a1;
30d6: 24a4;
30d7: 24bb;
30d8: 23af;
30d9: 24bf;
30da: 23af;
30db: 23af;
30dc: 23af;
30dd: 23af;
30de: 23af;
30df: 23af;
30e0: 23af;
30e1: 23af;
30e2: 23af;
30e3: 23af;
30e4: 23af;
30e5: 23af;
30e6: 23af;
30e7: 23af;
30e8: 23af;
30e9: 23af;
30ea: 23af;
30eb: 23af;
30ec: 23af;
30ed: 23af;
30ee: 23af;
30ef: 23af;
30f0: 24bf;
30f1: 23bf;
30f2: 23a7;
30f3: 0000;
30f4: 0000;
30f5: 0000;
30f6: 0000;
30f7: 0000;
30f8: 0000;
30f9: 0000;
30fa: 0000;
30fb: 0000;
30fc: 0000;
30fd: 0000;
30fe: 0000;
30ff: 0000;
3100: 0000;
3101: 0000;
3102: 0000;
3103: 0000;
3104: 0000;
3105: 0000;
3106: 0000;
3107: 0000;
3108: 0000;
3109: 0000;
310a: 0000;
310b: 0000;
310c: 0000;
310d: 0000;
310e: 0000;
310f: 0000;
3110: 23a5;
3111: 23bf;
3112: 23bf;
3113: 23af;
3114: 23af;
3115: 23af;
3116: 23af;
3117: 23af;
3118: 23af;
3119: 23af;
311a: 23af;
311b: 23af;
311c: 23af;
311d: 23af;
311e: 23af;
311f: 23af;
3120: 23af;
3121: 23af;
3122: 23af;
3123: 23af;
3124: 23af;
3125: 23af;
3126: 24bf;
3127: 23af;
3128: 24a5;
3129: 0000;
312a: 0000;
312b: 0000;
312c: 0000;
312d: 0000;
312e: 0000;
312f: 0000;
3130: 0000;
3131: 0000;
3132: 0000;
3133: 0000;
3134: 0000;
3135: 0000;
3136: 0000;
3137: 0000;
3138: 0000;
3139: 0000;
313a: 0000;
313b: 0000;
313c: 0000;
313d: 23a1;
313e: 23a5;
313f: 23aa;
3140: 23af;
3141: 24bf;
3142: 23bf;
3143: 23af;
3144: 23af;
3145: 23af;
3146: 23af;
3147: 23af;
3148: 23af;
3149: 23af;
314a: 23af;
314b: 23af;
314c: 23af;
314d: 23af;
314e: 23af;
314f: 23af;
3150: 23af;
3151: 23af;
3152: 23af;
3153: 23af;
3154: 23af;
3155: 23af;
3156: 23af;
3157: 23af;
3158: 23af;
3159: 24bf;
315a: 24be;
315b: 23a6;
315c: 0000;
315d: 0000;
315e: 0000;
315f: 0000;
3160: 0000;
3161: 0000;
3162: 0000;
3163: 0000;
3164: 0000;
3165: 0000;
3166: 0000;
3167: 0000;
3168: 0000;
3169: 0000;
316a: 0000;
316b: 0000;
316c: 0000;
316d: 23a7;
316e: 24bf;
316f: 23bf;
3170: 23af;
3171: 23af;
3172: 23af;
3173: 23af;
3174: 23af;
3175: 23af;
3176: 23af;
3177: 23af;
3178: 23af;
3179: 23af;
317a: 23af;
317b: 23af;
317c: 23af;
317d: 23af;
317e: 23af;
317f: 23af;
3180: 23af;
3181: 23af;
3182: 23af;
3183: 23af;
3184: 23af;
3185: 23af;
3186: 23af;
3187: 23af;
3188: 23af;
3189: 23af;
318a: 23af;
318b: 23af;
318c: 23af;
318d: 23af;
318e: 23af;
318f: 23af;
3190: 23af;
3191: 24bf;
3192: 24bf;
3193: 23aa;
3194: 24b1;
3195: 0000;
3196: 0000;
3197: 0000;
3198: 0000;
3199: 0000;
319a: 0000;
319b: 0000;
319c: 0000;
319d: 0000;
319e: 0000;
319f: 0000;
31a0: 0000;
31a1: 0000;
31a2: 0000;
31a3: 0000;
31a4: 0000;
31a5: 0000;
31a6: 23a5;
31a7: 23ae;
31a8: 24bf;
31a9: 23af;
31aa: 23af;
31ab: 23af;
31ac: 23af;
31ad: 23af;
31ae: 23af;
31af: 23af;
31b0: 23af;
31b1: 23af;
31b2: 23af;
31b3: 23af;
31b4: 23af;
31b5: 23af;
31b6: 23af;
31b7: 23af;
31b8: 23af;
31b9: 23af;
31ba: 23af;
31bb: 23af;
31bc: 23bf;
31bd: 23af;
31be: 24a5;
31bf: 0000;
31c0: 0000;
31c1: 0000;
31c2: 0000;
31c3: 0000;
31c4: 0000;
31c5: 0000;
31c6: 0000;
31c7: 0000;
31c8: 0000;
31c9: 0000;
31ca: 0000;
31cb: 0000;
31cc: 0000;
31cd: 0000;
31ce: 0000;
31cf: 0000;
31d0: 0000;
31d1: 0000;
31d2: 0000;
31d3: 23a1;
31d4: 23a5;
31d5: 23aa;
31d6: 23af;
31d7: 24bf;
31d8: 24bf;
31d9: 23af;
31da: 23af;
31db: 23af;
31dc: 23af;
31dd: 23af;
31de: 23af;
31df: 23af;
31e0: 23af;
31e1: 23af;
31e2: 23af;
31e3: 23af;
31e4: 23af;
31e5: 23af;
31e6: 23af;
31e7: 23af;
31e8: 23af;
31e9: 23af;
31ea: 23af;
31eb: 23af;
31ec: 23af;
31ed: 23af;
31ee: 23af;
31ef: 24bf;
31f0: 24bf;
31f1: 23a7;
31f2: 04b0;
31f3: 0000;
31f4: 0000;
31f5: 0000;
31f6: 0000;
31f7: 0000;
31f8: 0000;
31f9: 0000;
31fa: 0000;
31fb: 0000;
31fc: 0000;
31fd: 0000;
31fe: 0000;
31ff: 0000;
3200: 0000;
3201: 0000;
3202: 0000;
3203: 0000;
3204: 0000;
3205: 0000;
3206: 0000;
3207: 0000;
3208: 0000;
3209: 0000;
320a: 0000;
320b: 0000;
320c: 0000;
320d: 0000;
320e: 0000;
320f: 0000;
3210: 23a7;
3211: 24bf;
3212: 23bf;
3213: 23af;
3214: 23af;
3215: 23af;
3216: 23af;
3217: 23af;
3218: 23af;
3219: 23af;
321a: 23af;
321b: 23af;
321c: 23af;
321d: 23af;
321e: 23af;
321f: 23af;
3220: 23af;
3221: 23af;
3222: 23af;
3223: 23af;
3224: 23af;
3225: 23af;
3226: 24bf;
3227: 23ae;
3228: 23a2;
3229: 0000;
322a: 0000;
322b: 0000;
322c: 0000;
322d: 0000;
322e: 0000;
322f: 0000;
3230: 0000;
3231: 0000;
3232: 0000;
3233: 0000;
3234: 0000;
3235: 0000;
3236: 0000;
3237: 0000;
3238: 0000;
3239: 0000;
323a: 3390;
323b: 24b3;
323c: 23a8;
323d: 23ac;
323e: 23af;
323f: 24bf;
3240: 24bf;
3241: 23af;
3242: 23af;
3243: 23af;
3244: 23af;
3245: 23af;
3246: 23af;
3247: 23af;
3248: 23af;
3249: 23af;
324a: 23af;
324b: 23af;
324c: 23af;
324d: 23af;
324e: 23af;
324f: 23af;
3250: 23af;
3251: 23af;
3252: 23af;
3253: 23af;
3254: 23af;
3255: 23af;
3256: 23af;
3257: 23af;
3258: 24bf;
3259: 23be;
325a: 23a6;
325b: 00f0;
325c: 0000;
325d: 0000;
325e: 0000;
325f: 0000;
3260: 0000;
3261: 0000;
3262: 0000;
3263: 0000;
3264: 0000;
3265: 0000;
3266: 0000;
3267: 0000;
3268: 0000;
3269: 0000;
326a: 0000;
326b: 0000;
326c: 0000;
326d: 23a4;
326e: 23ae;
326f: 24bf;
3270: 23af;
3271: 23af;
3272: 23af;
3273: 23af;
3274: 23af;
3275: 23af;
3276: 23af;
3277: 23af;
3278: 23af;
3279: 23af;
327a: 23af;
327b: 23af;
327c: 23af;
327d: 23af;
327e: 23af;
327f: 23af;
3280: 23af;
3281: 23af;
3282: 23af;
3283: 23af;
3284: 23af;
3285: 23af;
3286: 23af;
3287: 23af;
3288: 23af;
3289: 23af;
328a: 23af;
328b: 23af;
328c: 23af;
328d: 23af;
328e: 23af;
328f: 23af;
3290: 23bf;
3291: 24bf;
3292: 23ab;
3293: 23a2;
3294: 0000;
3295: 0000;
3296: 0000;
3297: 0000;
3298: 0000;
3299: 0000;
329a: 0000;
329b: 0000;
329c: 0000;
329d: 0000;
329e: 0000;
329f: 0000;
32a0: 0000;
32a1: 0000;
32a2: 0000;
32a3: 0000;
32a4: 0000;
32a5: 0000;
32a6: 23a8;
32a7: 24bf;
32a8: 23bf;
32a9: 23af;
32aa: 23af;
32ab: 23af;
32ac: 23af;
32ad: 23af;
32ae: 23af;
32af: 23af;
32b0: 23af;
32b1: 23af;
32b2: 23af;
32b3: 23af;
32b4: 23af;
32b5: 23af;
32b6: 23af;
32b7: 23af;
32b8: 23af;
32b9: 23af;
32ba: 23af;
32bb: 23af;
32bc: 24bf;
32bd: 23ad;
32be: 23b3;
32bf: 0000;
32c0: 0000;
32c1: 0000;
32c2: 0000;
32c3: 0000;
32c4: 0000;
32c5: 0000;
32c6: 0000;
32c7: 0000;
32c8: 0000;
32c9: 0000;
32ca: 0000;
32cb: 0000;
32cc: 0000;
32cd: 0000;
32ce: 0000;
32cf: 0000;
32d0: 44b0;
32d1: 23a3;
32d2: 23a8;
32d3: 23ab;
32d4: 23be;
32d5: 24bf;
32d6: 24bf;
32d7: 23af;
32d8: 23af;
32d9: 23af;
32da: 23af;
32db: 23af;
32dc: 23af;
32dd: 23af;
32de: 23af;
32df: 23af;
32e0: 23af;
32e1: 23af;
32e2: 23af;
32e3: 23af;
32e4: 23af;
32e5: 23af;
32e6: 23af;
32e7: 23af;
32e8: 23af;
32e9: 23af;
32ea: 23af;
32eb: 23af;
32ec: 23af;
32ed: 23af;
32ee: 24bf;
32ef: 24be;
32f0: 23a7;
32f1: 33c0;
32f2: 0000;
32f3: 0000;
32f4: 0000;
32f5: 0000;
32f6: 0000;
32f7: 0000;
32f8: 0000;
32f9: 0000;
32fa: 0000;
32fb: 0000;
32fc: 0000;
32fd: 0000;
32fe: 0000;
32ff: 0000;
3300: 0000;
3301: 0000;
3302: 0000;
3303: 0000;
3304: 0000;
3305: 0000;
3306: 0000;
3307: 0000;
3308: 0000;
3309: 0000;
330a: 0000;
330b: 0000;
330c: 0000;
330d: 0000;
330e: 0000;
330f: 24b0;
3310: 23ab;
3311: 24bf;
3312: 23af;
3313: 23af;
3314: 23af;
3315: 23af;
3316: 23af;
3317: 23af;
3318: 23af;
3319: 23af;
331a: 23af;
331b: 23af;
331c: 23af;
331d: 23af;
331e: 23af;
331f: 23af;
3320: 23af;
3321: 23af;
3322: 23af;
3323: 23af;
3324: 23af;
3325: 23af;
3326: 24bf;
3327: 24ab;
3328: 0000;
3329: 0000;
332a: 0000;
332b: 0000;
332c: 0000;
332d: 0000;
332e: 0000;
332f: 0000;
3330: 0000;
3331: 0000;
3332: 0000;
3333: 0000;
3334: 0000;
3335: 2490;
3336: 13a1;
3337: 24b2;
3338: 23a5;
3339: 23b8;
333a: 23ac;
333b: 23be;
333c: 24bf;
333d: 24bf;
333e: 23bf;
333f: 23af;
3340: 23af;
3341: 23af;
3342: 23af;
3343: 23af;
3344: 23af;
3345: 23af;
3346: 23af;
3347: 23af;
3348: 23af;
3349: 23af;
334a: 23af;
334b: 23af;
334c: 23af;
334d: 23af;
334e: 23af;
334f: 23af;
3350: 23af;
3351: 23af;
3352: 23af;
3353: 23af;
3354: 23af;
3355: 23af;
3356: 23bf;
3357: 24bf;
3358: 23ad;
3359: 23a5;
335a: 0000;
335b: 0000;
335c: 0000;
335d: 0000;
335e: 0000;
335f: 0000;
3360: 0000;
3361: 0000;
3362: 0000;
3363: 0000;
3364: 0000;
3365: 0000;
3366: 0000;
3367: 0000;
3368: 0000;
3369: 0000;
336a: 0000;
336b: 0000;
336c: 0000;
336d: 13a1;
336e: 23ab;
336f: 24bf;
3370: 23af;
3371: 23af;
3372: 23af;
3373: 23af;
3374: 23af;
3375: 23af;
3376: 23af;
3377: 23af;
3378: 23af;
3379: 23af;
337a: 23af;
337b: 23af;
337c: 23af;
337d: 23af;
337e: 23af;
337f: 23af;
3380: 23af;
3381: 23af;
3382: 23af;
3383: 23af;
3384: 23af;
3385: 23af;
3386: 23af;
3387: 23af;
3388: 23af;
3389: 23af;
338a: 23af;
338b: 23af;
338c: 23af;
338d: 23af;
338e: 23af;
338f: 23af;
3390: 24bf;
3391: 23ac;
3392: 23a2;
3393: 0000;
3394: 0000;
3395: 0000;
3396: 0000;
3397: 0000;
3398: 0000;
3399: 0000;
339a: 0000;
339b: 0000;
339c: 0000;
339d: 0000;
339e: 0000;
339f: 0000;
33a0: 0000;
33a1: 0000;
33a2: 0000;
33a3: 0000;
33a4: 0000;
33a5: 23a1;
33a6: 23aa;
33a7: 24bf;
33a8: 23af;
33a9: 23af;
33aa: 23af;
33ab: 23af;
33ac: 23af;
33ad: 23af;
33ae: 23af;
33af: 23af;
33b0: 23af;
33b1: 23af;
33b2: 23af;
33b3: 23af;
33b4: 23af;
33b5: 23af;
33b6: 23af;
33b7: 23af;
33b8: 23af;
33b9: 23af;
33ba: 23af;
33bb: 23af;
33bc: 24bf;
33bd: 23aa;
33be: 0070;
33bf: 0000;
33c0: 0000;
33c1: 0000;
33c2: 0000;
33c3: 0000;
33c4: 0000;
33c5: 0000;
33c6: 0000;
33c7: 0000;
33c8: 0000;
33c9: 0000;
33ca: 0000;
33cb: 24b0;
33cc: 23a1;
33cd: 24a2;
33ce: 23a5;
33cf: 23a8;
33d0: 23ac;
33d1: 23ae;
33d2: 23bf;
33d3: 24bf;
33d4: 23bf;
33d5: 23af;
33d6: 23af;
33d7: 23af;
33d8: 23af;
33d9: 23af;
33da: 23af;
33db: 23af;
33dc: 23af;
33dd: 23af;
33de: 23af;
33df: 23af;
33e0: 23af;
33e1: 23af;
33e2: 23af;
33e3: 23af;
33e4: 23af;
33e5: 23af;
33e6: 23af;
33e7: 23af;
33e8: 23af;
33e9: 23af;
33ea: 23af;
33eb: 23af;
33ec: 23bf;
33ed: 24bf;
33ee: 23ae;
33ef: 23a6;
33f0: 0770;
33f1: 0000;
33f2: 0000;
33f3: 0000;
33f4: 0000;
33f5: 0000;
33f6: 0000;
33f7: 0000;
33f8: 0000;
33f9: 0000;
33fa: 0000;
33fb: 0000;
33fc: 0000;
33fd: 0000;
33fe: 0000;
33ff: 0000;
3400: 0000;
3401: 0000;
3402: 0000;
3403: 0000;
3404: 0000;
3405: 0000;
3406: 0000;
3407: 0000;
3408: 0000;
3409: 0000;
340a: 0000;
340b: 0000;
340c: 0000;
340d: 0000;
340e: 0000;
340f: 24a2;
3410: 23ad;
3411: 24bf;
3412: 23af;
3413: 23af;
3414: 23af;
3415: 23af;
3416: 23af;
3417: 23af;
3418: 23af;
3419: 23af;
341a: 23af;
341b: 23af;
341c: 23af;
341d: 23af;
341e: 23af;
341f: 23af;
3420: 23af;
3421: 23af;
3422: 23af;
3423: 23af;
3424: 23af;
3425: 23bf;
3426: 24bf;
3427: 23aa;
3428: 23a2;
3429: 24a2;
342a: 23a2;
342b: 23a2;
342c: 23a2;
342d: 24b2;
342e: 23b2;
342f: 23a3;
3430: 23a3;
3431: 23a4;
3432: 23a5;
3433: 23a6;
3434: 23a7;
3435: 23aa;
3436: 23ac;
3437: 23ae;
3438: 23af;
3439: 24bf;
343a: 24bf;
343b: 24bf;
343c: 23bf;
343d: 23af;
343e: 23af;
343f: 23af;
3440: 23af;
3441: 23af;
3442: 23af;
3443: 23af;
3444: 23af;
3445: 23af;
3446: 23af;
3447: 23af;
3448: 23af;
3449: 23af;
344a: 23af;
344b: 23af;
344c: 23af;
344d: 23af;
344e: 23af;
344f: 23af;
3450: 23af;
3451: 23af;
3452: 23af;
3453: 23af;
3454: 23af;
3455: 23bf;
3456: 24bf;
3457: 23ac;
3458: 23a4;
3459: 0000;
345a: 0000;
345b: 0000;
345c: 0000;
345d: 0000;
345e: 0000;
345f: 0000;
3460: 0000;
3461: 0000;
3462: 0000;
3463: 0000;
3464: 0000;
3465: 0000;
3466: 0000;
3467: 0000;
3468: 0000;
3469: 0000;
346a: 0000;
346b: 0000;
346c: 0000;
346d: 0000;
346e: 23a7;
346f: 24bf;
3470: 24bf;
3471: 23af;
3472: 23af;
3473: 23af;
3474: 23af;
3475: 23af;
3476: 23af;
3477: 23af;
3478: 23af;
3479: 23af;
347a: 23af;
347b: 23af;
347c: 23af;
347d: 23af;
347e: 23af;
347f: 23af;
3480: 23af;
3481: 23af;
3482: 23af;
3483: 23af;
3484: 23af;
3485: 23af;
3486: 23af;
3487: 23af;
3488: 23af;
3489: 23af;
348a: 23af;
348b: 23af;
348c: 23af;
348d: 23af;
348e: 23af;
348f: 24bf;
3490: 23ad;
3491: 23a3;
3492: 0000;
3493: 0000;
3494: 0000;
3495: 0000;
3496: 0000;
3497: 0000;
3498: 0000;
3499: 0000;
349a: 0000;
349b: 0000;
349c: 0000;
349d: 0000;
349e: 0000;
349f: 0000;
34a0: 0000;
34a1: 0000;
34a2: 0000;
34a3: 0000;
34a4: 0000;
34a5: 23a2;
34a6: 23ac;
34a7: 24bf;
34a8: 23af;
34a9: 23af;
34aa: 23af;
34ab: 23af;
34ac: 23af;
34ad: 23af;
34ae: 23af;
34af: 23af;
34b0: 23af;
34b1: 23af;
34b2: 23af;
34b3: 23af;
34b4: 23af;
34b5: 23af;
34b6: 23af;
34b7: 23af;
34b8: 23af;
34b9: 23af;
34ba: 23af;
34bb: 23af;
34bc: 24bf;
34bd: 23aa;
34be: 23a2;
34bf: 23a2;
34c0: 23a2;
34c1: 23a2;
34c2: 23a2;
34c3: 24b2;
34c4: 23a2;
34c5: 23a3;
34c6: 24b3;
34c7: 23a4;
34c8: 23a5;
34c9: 23a6;
34ca: 23a7;
34cb: 23a9;
34cc: 23ac;
34cd: 23ae;
34ce: 23af;
34cf: 23bf;
34d0: 24bf;
34d1: 24bf;
34d2: 23bf;
34d3: 23af;
34d4: 23af;
34d5: 23af;
34d6: 23af;
34d7: 23af;
34d8: 23af;
34d9: 23af;
34da: 23af;
34db: 23af;
34dc: 23af;
34dd: 23af;
34de: 23af;
34df: 23af;
34e0: 23af;
34e1: 23af;
34e2: 23af;
34e3: 23af;
34e4: 23af;
34e5: 23af;
34e6: 23af;
34e7: 23af;
34e8: 23af;
34e9: 23af;
34ea: 23af;
34eb: 24bf;
34ec: 24bf;
34ed: 23ad;
34ee: 23a5;
34ef: 0000;
34f0: 0000;
34f1: 0000;
34f2: 0000;
34f3: 0000;
34f4: 0000;
34f5: 0000;
34f6: 0000;
34f7: 0000;
34f8: 0000;
34f9: 0000;
34fa: 0000;
34fb: 0000;
34fc: 0000;
34fd: 0000;
34fe: 0000;
34ff: 0000;
3500: 0000;
3501: 0000;
3502: 0000;
3503: 0000;
3504: 0000;
3505: 0000;
3506: 0000;
3507: 0000;
3508: 0000;
3509: 0000;
350a: 0000;
350b: 0000;
350c: 0000;
350d: 0000;
350e: 0000;
350f: 23a4;
3510: 23ae;
3511: 24bf;
3512: 23af;
3513: 23af;
3514: 23af;
3515: 23af;
3516: 23af;
3517: 23af;
3518: 23af;
3519: 23af;
351a: 23af;
351b: 23af;
351c: 23af;
351d: 23af;
351e: 23af;
351f: 23af;
3520: 23af;
3521: 23af;
3522: 23af;
3523: 23af;
3524: 23af;
3525: 23af;
3526: 23bf;
3527: 23ad;
3528: 23ac;
3529: 23ac;
352a: 23ac;
352b: 23ac;
352c: 23ac;
352d: 23ad;
352e: 23ad;
352f: 23ad;
3530: 23ae;
3531: 23af;
3532: 23af;
3533: 24bf;
3534: 24bf;
3535: 24bf;
3536: 24bf;
3537: 24bf;
3538: 24bf;
3539: 23af;
353a: 23af;
353b: 23af;
353c: 23af;
353d: 23af;
353e: 23af;
353f: 23af;
3540: 23af;
3541: 23af;
3542: 23af;
3543: 23af;
3544: 23af;
3545: 23af;
3546: 23af;
3547: 23af;
3548: 23af;
3549: 23af;
354a: 23af;
354b: 23af;
354c: 23af;
354d: 23af;
354e: 23af;
354f: 23af;
3550: 23af;
3551: 23af;
3552: 23af;
3553: 23af;
3554: 24bf;
3555: 24bf;
3556: 23aa;
3557: 23a2;
3558: 0000;
3559: 0000;
355a: 0000;
355b: 0000;
355c: 0000;
355d: 0000;
355e: 0000;
355f: 0000;
3560: 0000;
3561: 0000;
3562: 0000;
3563: 0000;
3564: 0000;
3565: 0000;
3566: 0000;
3567: 0000;
3568: 0000;
3569: 0000;
356a: 0000;
356b: 0000;
356c: 0000;
356d: 0000;
356e: 23b3;
356f: 23ad;
3570: 24bf;
3571: 23af;
3572: 23af;
3573: 23af;
3574: 23af;
3575: 23af;
3576: 23af;
3577: 23af;
3578: 23af;
3579: 23af;
357a: 23af;
357b: 23af;
357c: 23af;
357d: 23af;
357e: 23af;
357f: 23af;
3580: 23af;
3581: 23af;
3582: 23af;
3583: 23af;
3584: 23af;
3585: 23af;
3586: 23af;
3587: 23af;
3588: 23af;
3589: 23af;
358a: 23af;
358b: 23af;
358c: 23af;
358d: 23af;
358e: 24bf;
358f: 23ae;
3590: 23b4;
3591: 0000;
3592: 0000;
3593: 0000;
3594: 0000;
3595: 0000;
3596: 0000;
3597: 0000;
3598: 0000;
3599: 0000;
359a: 0000;
359b: 0000;
359c: 0000;
359d: 0000;
359e: 0000;
359f: 0000;
35a0: 0000;
35a1: 0000;
35a2: 0000;
35a3: 0000;
35a4: 0000;
35a5: 23a5;
35a6: 23ae;
35a7: 24bf;
35a8: 23af;
35a9: 23af;
35aa: 23af;
35ab: 23af;
35ac: 23af;
35ad: 23af;
35ae: 23af;
35af: 23af;
35b0: 23af;
35b1: 23af;
35b2: 23af;
35b3: 23af;
35b4: 23af;
35b5: 23af;
35b6: 23af;
35b7: 23af;
35b8: 23af;
35b9: 23af;
35ba: 23af;
35bb: 23af;
35bc: 23af;
35bd: 23ae;
35be: 23ac;
35bf: 23ac;
35c0: 23ac;
35c1: 23ac;
35c2: 23ac;
35c3: 23ad;
35c4: 23ad;
35c5: 23ad;
35c6: 23ae;
35c7: 23af;
35c8: 23af;
35c9: 24bf;
35ca: 24bf;
35cb: 24bf;
35cc: 24bf;
35cd: 24bf;
35ce: 24bf;
35cf: 23bf;
35d0: 23af;
35d1: 23af;
35d2: 23af;
35d3: 23af;
35d4: 23af;
35d5: 23af;
35d6: 23af;
35d7: 23af;
35d8: 23af;
35d9: 23af;
35da: 23af;
35db: 23af;
35dc: 23af;
35dd: 23af;
35de: 23af;
35df: 23af;
35e0: 23af;
35e1: 23af;
35e2: 23af;
35e3: 23af;
35e4: 23af;
35e5: 23af;
35e6: 23af;
35e7: 23af;
35e8: 23af;
35e9: 23af;
35ea: 24bf;
35eb: 24bf;
35ec: 23ab;
35ed: 23a3;
35ee: 0000;
35ef: 0000;
35f0: 0000;
35f1: 0000;
35f2: 0000;
35f3: 0000;
35f4: 0000;
35f5: 0000;
35f6: 0000;
35f7: 0000;
35f8: 0000;
35f9: 0000;
35fa: 0000;
35fb: 0000;
35fc: 0000;
35fd: 0000;
35fe: 0000;
35ff: 0000;
3600: 0000;
3601: 0000;
3602: 0000;
3603: 0000;
3604: 0000;
3605: 0000;
3606: 0000;
3607: 0000;
3608: 0000;
3609: 0000;
360a: 0000;
360b: 0000;
360c: 0000;
360d: 0000;
360e: 0000;
360f: 23a7;
3610: 23bf;
3611: 23bf;
3612: 23af;
3613: 23af;
3614: 23af;
3615: 23af;
3616: 23af;
3617: 23af;
3618: 23af;
3619: 23af;
361a: 23af;
361b: 23af;
361c: 23af;
361d: 23af;
361e: 23af;
361f: 23af;
3620: 23af;
3621: 23af;
3622: 23af;
3623: 23af;
3624: 23af;
3625: 23af;
3626: 23af;
3627: 23bf;
3628: 24bf;
3629: 24bf;
362a: 24bf;
362b: 24bf;
362c: 24bf;
362d: 24bf;
362e: 24bf;
362f: 24bf;
3630: 24bf;
3631: 23bf;
3632: 23bf;
3633: 23bf;
3634: 23bf;
3635: 23af;
3636: 23af;
3637: 23af;
3638: 23af;
3639: 23af;
363a: 23af;
363b: 23af;
363c: 23af;
363d: 23af;
363e: 23af;
363f: 23af;
3640: 23af;
3641: 23af;
3642: 23af;
3643: 23af;
3644: 23af;
3645: 23af;
3646: 23af;
3647: 23af;
3648: 23af;
3649: 23af;
364a: 23af;
364b: 23af;
364c: 23af;
364d: 23af;
364e: 23af;
364f: 23af;
3650: 23af;
3651: 23af;
3652: 24bf;
3653: 24bf;
3654: 23be;
3655: 23b7;
3656: 23a1;
3657: 0000;
3658: 0000;
3659: 0000;
365a: 0000;
365b: 0000;
365c: 0000;
365d: 0000;
365e: 0000;
365f: 0000;
3660: 0000;
3661: 0000;
3662: 0000;
3663: 0000;
3664: 0000;
3665: 0000;
3666: 0000;
3667: 0000;
3668: 0000;
3669: 0000;
366a: 0000;
366b: 0000;
366c: 0000;
366d: 0000;
366e: 0070;
366f: 23ab;
3670: 24bf;
3671: 23bf;
3672: 23af;
3673: 23af;
3674: 23af;
3675: 23af;
3676: 23af;
3677: 23af;
3678: 23af;
3679: 23af;
367a: 23af;
367b: 23af;
367c: 23af;
367d: 23af;
367e: 23af;
367f: 23af;
3680: 23af;
3681: 23af;
3682: 23af;
3683: 23af;
3684: 23af;
3685: 23af;
3686: 23af;
3687: 23af;
3688: 23af;
3689: 23af;
368a: 23af;
368b: 23af;
368c: 23af;
368d: 24bf;
368e: 23be;
368f: 23b5;
3690: 0000;
3691: 0000;
3692: 0000;
3693: 0000;
3694: 0000;
3695: 0000;
3696: 0000;
3697: 0000;
3698: 0000;
3699: 0000;
369a: 0000;
369b: 0000;
369c: 0000;
369d: 0000;
369e: 0000;
369f: 0000;
36a0: 0000;
36a1: 0000;
36a2: 0000;
36a3: 0000;
36a4: 0000;
36a5: 23a7;
36a6: 24bf;
36a7: 23af;
36a8: 23af;
36a9: 23af;
36aa: 23af;
36ab: 23af;
36ac: 23af;
36ad: 23af;
36ae: 23af;
36af: 23af;
36b0: 23af;
36b1: 23af;
36b2: 23af;
36b3: 23af;
36b4: 23af;
36b5: 23af;
36b6: 23af;
36b7: 23af;
36b8: 23af;
36b9: 23af;
36ba: 23af;
36bb: 23af;
36bc: 23af;
36bd: 24bf;
36be: 24bf;
36bf: 24bf;
36c0: 24bf;
36c1: 24bf;
36c2: 24bf;
36c3: 24bf;
36c4: 24bf;
36c5: 24bf;
36c6: 23bf;
36c7: 24bf;
36c8: 23bf;
36c9: 23bf;
36ca: 23af;
36cb: 23af;
36cc: 23af;
36cd: 23af;
36ce: 23af;
36cf: 23af;
36d0: 23af;
36d1: 23af;
36d2: 23af;
36d3: 23af;
36d4: 23af;
36d5: 23af;
36d6: 23af;
36d7: 23af;
36d8: 23af;
36d9: 23af;
36da: 23af;
36db: 23af;
36dc: 23af;
36dd: 23af;
36de: 23af;
36df: 23af;
36e0: 23af;
36e1: 23af;
36e2: 23af;
36e3: 23af;
36e4: 23af;
36e5: 23af;
36e6: 23af;
36e7: 23af;
36e8: 23bf;
36e9: 24bf;
36ea: 23be;
36eb: 23a8;
36ec: 23b1;
36ed: 0000;
36ee: 0000;
36ef: 0000;
36f0: 0000;
36f1: 0000;
36f2: 0000;
36f3: 0000;
36f4: 0000;
36f5: 0000;
36f6: 0000;
36f7: 0000;
36f8: 0000;
36f9: 0000;
36fa: 0000;
36fb: 0000;
36fc: 0000;
36fd: 0000;
36fe: 0000;
36ff: 0000;
3700: 0000;
3701: 0000;
3702: 0000;
3703: 0000;
3704: 0000;
3705: 0000;
3706: 0000;
3707: 0000;
3708: 0000;
3709: 0000;
370a: 0000;
370b: 0000;
370c: 0000;
370d: 0000;
370e: 0000;
370f: 23aa;
3710: 24bf;
3711: 23af;
3712: 23af;
3713: 23af;
3714: 23af;
3715: 23af;
3716: 23af;
3717: 23af;
3718: 23af;
3719: 23af;
371a: 23af;
371b: 23af;
371c: 23af;
371d: 23af;
371e: 23af;
371f: 23af;
3720: 23af;
3721: 23af;
3722: 23af;
3723: 23af;
3724: 23af;
3725: 23af;
3726: 23af;
3727: 23af;
3728: 23af;
3729: 23af;
372a: 23af;
372b: 23af;
372c: 23af;
372d: 23af;
372e: 23af;
372f: 23af;
3730: 23af;
3731: 23af;
3732: 23af;
3733: 23af;
3734: 23af;
3735: 23af;
3736: 23af;
3737: 23af;
3738: 23af;
3739: 23af;
373a: 23af;
373b: 23af;
373c: 23af;
373d: 23af;
373e: 23af;
373f: 23af;
3740: 23af;
3741: 23af;
3742: 23af;
3743: 23af;
3744: 23af;
3745: 23af;
3746: 23af;
3747: 23af;
3748: 23af;
3749: 23af;
374a: 23af;
374b: 23af;
374c: 23af;
374d: 23af;
374e: 23af;
374f: 23af;
3750: 23af;
3751: 24bf;
3752: 23bf;
3753: 23ab;
3754: 23a4;
3755: 0000;
3756: 0000;
3757: 0000;
3758: 0000;
3759: 0000;
375a: 0000;
375b: 0000;
375c: 0000;
375d: 0000;
375e: 0000;
375f: 0000;
3760: 0000;
3761: 0000;
3762: 0000;
3763: 0000;
3764: 0000;
3765: 0000;
3766: 0000;
3767: 0000;
3768: 0000;
3769: 0000;
376a: 0000;
376b: 0000;
376c: 0000;
376d: 0000;
376e: 0000;
376f: 23a6;
3770: 23af;
3771: 24bf;
3772: 23af;
3773: 23af;
3774: 23af;
3775: 23af;
3776: 23af;
3777: 23af;
3778: 23af;
3779: 23af;
377a: 23af;
377b: 23af;
377c: 23af;
377d: 23af;
377e: 23af;
377f: 23af;
3780: 23af;
3781: 23af;
3782: 23af;
3783: 23af;
3784: 23af;
3785: 23af;
3786: 23af;
3787: 23af;
3788: 23af;
3789: 23af;
378a: 23af;
378b: 23af;
378c: 24bf;
378d: 23bf;
378e: 23a7;
378f: 0000;
3790: 0000;
3791: 0000;
3792: 0000;
3793: 0000;
3794: 0000;
3795: 0000;
3796: 0000;
3797: 0000;
3798: 0000;
3799: 0000;
379a: 0000;
379b: 0000;
379c: 0000;
379d: 0000;
379e: 0000;
379f: 0000;
37a0: 0000;
37a1: 0000;
37a2: 0000;
37a3: 0000;
37a4: 24b0;
37a5: 23aa;
37a6: 24bf;
37a7: 23af;
37a8: 23af;
37a9: 23af;
37aa: 23af;
37ab: 23af;
37ac: 23af;
37ad: 23af;
37ae: 23af;
37af: 23af;
37b0: 23af;
37b1: 23af;
37b2: 23af;
37b3: 23af;
37b4: 23af;
37b5: 23af;
37b6: 23af;
37b7: 23af;
37b8: 23af;
37b9: 23af;
37ba: 23af;
37bb: 23af;
37bc: 23af;
37bd: 23af;
37be: 23af;
37bf: 23af;
37c0: 23af;
37c1: 23af;
37c2: 23af;
37c3: 23af;
37c4: 23af;
37c5: 23af;
37c6: 23af;
37c7: 23af;
37c8: 23af;
37c9: 23af;
37ca: 23af;
37cb: 23af;
37cc: 23af;
37cd: 23af;
37ce: 23af;
37cf: 23af;
37d0: 23af;
37d1: 23af;
37d2: 23af;
37d3: 23af;
37d4: 23af;
37d5: 23af;
37d6: 23af;
37d7: 23af;
37d8: 23af;
37d9: 23af;
37da: 23af;
37db: 23af;
37dc: 23af;
37dd: 23af;
37de: 23af;
37df: 23af;
37e0: 23af;
37e1: 23af;
37e2: 23af;
37e3: 23af;
37e4: 23af;
37e5: 23af;
37e6: 23af;
37e7: 24bf;
37e8: 24bf;
37e9: 23ac;
37ea: 24a4;
37eb: 0070;
37ec: 0000;
37ed: 0000;
37ee: 0000;
37ef: 0000;
37f0: 0000;
37f1: 0000;
37f2: 0000;
37f3: 0000;
37f4: 0000;
37f5: 0000;
37f6: 0000;
37f7: 0000;
37f8: 0000;
37f9: 0000;
37fa: 0000;
37fb: 0000;
37fc: 0000;
37fd: 0000;
37fe: 0000;
37ff: 0000;
3800: 0000;
3801: 0000;
3802: 0000;
3803: 0000;
3804: 0000;
3805: 0000;
3806: 0000;
3807: 0000;
3808: 0000;
3809: 0000;
380a: 0000;
380b: 0000;
380c: 0000;
380d: 0000;
380e: 13a1;
380f: 23ad;
3810: 24bf;
3811: 23af;
3812: 23af;
3813: 23af;
3814: 23af;
3815: 23af;
3816: 23af;
3817: 23af;
3818: 23af;
3819: 23af;
381a: 23af;
381b: 23af;
381c: 23af;
381d: 23af;
381e: 23af;
381f: 23af;
3820: 23af;
3821: 23af;
3822: 23af;
3823: 23af;
3824: 23af;
3825: 23af;
3826: 23af;
3827: 23af;
3828: 23af;
3829: 23af;
382a: 23af;
382b: 23af;
382c: 23af;
382d: 23af;
382e: 23af;
382f: 23af;
3830: 23af;
3831: 23af;
3832: 23af;
3833: 23af;
3834: 23af;
3835: 23af;
3836: 23af;
3837: 23af;
3838: 23af;
3839: 23af;
383a: 23af;
383b: 23af;
383c: 23af;
383d: 23af;
383e: 23af;
383f: 23af;
3840: 23af;
3841: 23af;
3842: 23af;
3843: 23af;
3844: 23af;
3845: 23af;
3846: 23af;
3847: 23af;
3848: 23af;
3849: 23af;
384a: 23af;
384b: 23af;
384c: 23af;
384d: 23af;
384e: 23af;
384f: 24bf;
3850: 24bf;
3851: 23ad;
3852: 23a7;
3853: 23b1;
3854: 0000;
3855: 0000;
3856: 0000;
3857: 0000;
3858: 0000;
3859: 0000;
385a: 0000;
385b: 0000;
385c: 0000;
385d: 0000;
385e: 0000;
385f: 0000;
3860: 0000;
3861: 0000;
3862: 0000;
3863: 0000;
3864: 0000;
3865: 0000;
3866: 0000;
3867: 0000;
3868: 0000;
3869: 0000;
386a: 0000;
386b: 0000;
386c: 0000;
386d: 0000;
386e: 0000;
386f: 23a2;
3870: 23ad;
3871: 24bf;
3872: 23af;
3873: 23af;
3874: 23af;
3875: 23af;
3876: 23af;
3877: 23af;
3878: 23af;
3879: 23af;
387a: 23af;
387b: 23af;
387c: 23af;
387d: 23af;
387e: 23af;
387f: 23af;
3880: 23af;
3881: 23af;
3882: 23af;
3883: 23af;
3884: 23af;
3885: 23af;
3886: 23af;
3887: 23af;
3888: 23af;
3889: 23af;
388a: 23af;
388b: 24bf;
388c: 24bf;
388d: 23a8;
388e: 0ff0;
388f: 0000;
3890: 0000;
3891: 0000;
3892: 0000;
3893: 0000;
3894: 0000;
3895: 0000;
3896: 0000;
3897: 0000;
3898: 0000;
3899: 0000;
389a: 0000;
389b: 0000;
389c: 0000;
389d: 0000;
389e: 0000;
389f: 0000;
38a0: 0000;
38a1: 0000;
38a2: 0000;
38a3: 0000;
38a4: 13a2;
38a5: 23ad;
38a6: 24bf;
38a7: 23af;
38a8: 23af;
38a9: 23af;
38aa: 23af;
38ab: 23af;
38ac: 23af;
38ad: 23af;
38ae: 23af;
38af: 23af;
38b0: 23af;
38b1: 23af;
38b2: 23af;
38b3: 23af;
38b4: 23af;
38b5: 23af;
38b6: 23af;
38b7: 23af;
38b8: 23af;
38b9: 23af;
38ba: 23af;
38bb: 23af;
38bc: 23af;
38bd: 23af;
38be: 23af;
38bf: 23af;
38c0: 23af;
38c1: 23af;
38c2: 23af;
38c3: 23af;
38c4: 23af;
38c5: 23af;
38c6: 23af;
38c7: 23af;
38c8: 23af;
38c9: 23af;
38ca: 23af;
38cb: 23af;
38cc: 23af;
38cd: 23af;
38ce: 23af;
38cf: 23af;
38d0: 23af;
38d1: 23af;
38d2: 23af;
38d3: 23af;
38d4: 23af;
38d5: 23af;
38d6: 23af;
38d7: 23af;
38d8: 23af;
38d9: 23af;
38da: 23af;
38db: 23af;
38dc: 23af;
38dd: 23af;
38de: 23af;
38df: 23af;
38e0: 23af;
38e1: 23af;
38e2: 23af;
38e3: 23af;
38e4: 23af;
38e5: 24bf;
38e6: 24bf;
38e7: 23ad;
38e8: 23a8;
38e9: 13a1;
38ea: 0000;
38eb: 0000;
38ec: 0000;
38ed: 0000;
38ee: 0000;
38ef: 0000;
38f0: 0000;
38f1: 0000;
38f2: 0000;
38f3: 0000;
38f4: 0000;
38f5: 0000;
38f6: 0000;
38f7: 0000;
38f8: 0000;
38f9: 0000;
38fa: 0000;
38fb: 0000;
38fc: 0000;
38fd: 0000;
38fe: 0000;
38ff: 0000;
3900: 0000;
3901: 0000;
3902: 0000;
3903: 0000;
3904: 0000;
3905: 0000;
3906: 0000;
3907: 0000;
3908: 0000;
3909: 0000;
390a: 0000;
390b: 0000;
390c: 0000;
390d: 0000;
390e: 23a4;
390f: 23ae;
3910: 24bf;
3911: 23af;
3912: 23af;
3913: 23af;
3914: 23af;
3915: 23af;
3916: 23af;
3917: 23af;
3918: 23af;
3919: 23af;
391a: 23af;
391b: 23af;
391c: 23af;
391d: 23af;
391e: 23af;
391f: 23af;
3920: 23af;
3921: 23af;
3922: 23af;
3923: 23af;
3924: 23af;
3925: 23af;
3926: 23af;
3927: 23af;
3928: 23af;
3929: 23af;
392a: 23af;
392b: 23af;
392c: 23af;
392d: 23af;
392e: 23af;
392f: 23af;
3930: 23af;
3931: 23af;
3932: 23af;
3933: 23af;
3934: 23af;
3935: 23af;
3936: 23af;
3937: 23af;
3938: 23af;
3939: 23af;
393a: 23af;
393b: 23af;
393c: 23af;
393d: 23af;
393e: 23af;
393f: 23af;
3940: 23af;
3941: 23af;
3942: 23af;
3943: 23af;
3944: 23af;
3945: 23af;
3946: 23af;
3947: 23af;
3948: 23af;
3949: 23af;
394a: 23af;
394b: 23af;
394c: 23bf;
394d: 24bf;
394e: 24bf;
394f: 23be;
3950: 23a9;
3951: 23a3;
3952: 0000;
3953: 0000;
3954: 0000;
3955: 0000;
3956: 0000;
3957: 0000;
3958: 0000;
3959: 0000;
395a: 0000;
395b: 0000;
395c: 0000;
395d: 0000;
395e: 0000;
395f: 0000;
3960: 0000;
3961: 0000;
3962: 0000;
3963: 0000;
3964: 0000;
3965: 0000;
3966: 0000;
3967: 0000;
3968: 0000;
3969: 0000;
396a: 0000;
396b: 0000;
396c: 0000;
396d: 0000;
396e: 0000;
396f: 44b0;
3970: 23aa;
3971: 24bf;
3972: 23af;
3973: 23af;
3974: 23af;
3975: 23af;
3976: 23af;
3977: 23af;
3978: 23af;
3979: 23af;
397a: 23af;
397b: 23af;
397c: 23af;
397d: 23af;
397e: 23af;
397f: 23af;
3980: 23af;
3981: 23af;
3982: 23af;
3983: 23af;
3984: 23af;
3985: 23af;
3986: 23af;
3987: 23af;
3988: 23af;
3989: 23af;
398a: 23bf;
398b: 24bf;
398c: 23a9;
398d: 14b1;
398e: 0000;
398f: 0000;
3990: 0000;
3991: 0000;
3992: 0000;
3993: 0000;
3994: 0000;
3995: 0000;
3996: 0000;
3997: 0000;
3998: 0000;
3999: 0000;
399a: 0000;
399b: 0000;
399c: 0000;
399d: 0000;
399e: 0000;
399f: 0000;
39a0: 0000;
39a1: 0000;
39a2: 0000;
39a3: 0000;
39a4: 23a3;
39a5: 23bf;
39a6: 23bf;
39a7: 23af;
39a8: 23af;
39a9: 23af;
39aa: 23af;
39ab: 23af;
39ac: 23af;
39ad: 23af;
39ae: 23af;
39af: 23af;
39b0: 23af;
39b1: 23af;
39b2: 23af;
39b3: 23af;
39b4: 23af;
39b5: 23af;
39b6: 23af;
39b7: 23af;
39b8: 23af;
39b9: 23af;
39ba: 23af;
39bb: 23af;
39bc: 23af;
39bd: 23af;
39be: 23af;
39bf: 23af;
39c0: 23af;
39c1: 23af;
39c2: 23af;
39c3: 23af;
39c4: 23af;
39c5: 23af;
39c6: 23af;
39c7: 23af;
39c8: 23af;
39c9: 23af;
39ca: 23af;
39cb: 23af;
39cc: 23af;
39cd: 23af;
39ce: 23af;
39cf: 23af;
39d0: 23af;
39d1: 23af;
39d2: 23af;
39d3: 23af;
39d4: 23af;
39d5: 23af;
39d6: 23af;
39d7: 23af;
39d8: 23af;
39d9: 23af;
39da: 23af;
39db: 23af;
39dc: 23af;
39dd: 23af;
39de: 23af;
39df: 23af;
39e0: 23af;
39e1: 23af;
39e2: 23bf;
39e3: 24bf;
39e4: 24bf;
39e5: 23af;
39e6: 23a9;
39e7: 23a3;
39e8: 0000;
39e9: 0000;
39ea: 0000;
39eb: 0000;
39ec: 0000;
39ed: 0000;
39ee: 0000;
39ef: 0000;
39f0: 0000;
39f1: 0000;
39f2: 0000;
39f3: 0000;
39f4: 0000;
39f5: 0000;
39f6: 0000;
39f7: 0000;
39f8: 0000;
39f9: 0000;
39fa: 0000;
39fb: 0000;
39fc: 0000;
39fd: 0000;
39fe: 0000;
39ff: 0000;
3a00: 0000;
3a01: 0000;
3a02: 0000;
3a03: 0000;
3a04: 0000;
3a05: 0000;
3a06: 0000;
3a07: 0000;
3a08: 0000;
3a09: 0000;
3a0a: 0000;
3a0b: 0000;
3a0c: 0000;
3a0d: 0000;
3a0e: 24a7;
3a0f: 24bf;
3a10: 23bf;
3a11: 23af;
3a12: 23af;
3a13: 23af;
3a14: 23af;
3a15: 23af;
3a16: 23af;
3a17: 23af;
3a18: 23af;
3a19: 23af;
3a1a: 23af;
3a1b: 23af;
3a1c: 23af;
3a1d: 23af;
3a1e: 23af;
3a1f: 23af;
3a20: 23af;
3a21: 23af;
3a22: 23af;
3a23: 23af;
3a24: 23af;
3a25: 23af;
3a26: 23af;
3a27: 23af;
3a28: 23af;
3a29: 23af;
3a2a: 23af;
3a2b: 23af;
3a2c: 23af;
3a2d: 23af;
3a2e: 23af;
3a2f: 23af;
3a30: 23af;
3a31: 23af;
3a32: 23af;
3a33: 23af;
3a34: 23af;
3a35: 23af;
3a36: 23af;
3a37: 23af;
3a38: 23af;
3a39: 23af;
3a3a: 23af;
3a3b: 23af;
3a3c: 23af;
3a3d: 23af;
3a3e: 23af;
3a3f: 23af;
3a40: 23af;
3a41: 23af;
3a42: 23af;
3a43: 23af;
3a44: 23af;
3a45: 23af;
3a46: 23af;
3a47: 23af;
3a48: 23af;
3a49: 23af;
3a4a: 24bf;
3a4b: 24bf;
3a4c: 24bf;
3a4d: 23ae;
3a4e: 23ba;
3a4f: 24b4;
3a50: 0070;
3a51: 0000;
3a52: 0000;
3a53: 0000;
3a54: 0000;
3a55: 0000;
3a56: 0000;
3a57: 0000;
3a58: 0000;
3a59: 0000;
3a5a: 0000;
3a5b: 0000;
3a5c: 0000;
3a5d: 0000;
3a5e: 0000;
3a5f: 0000;
3a60: 0000;
3a61: 0000;
3a62: 0000;
3a63: 0000;
3a64: 0000;
3a65: 0000;
3a66: 0000;
3a67: 0000;
3a68: 0000;
3a69: 0000;
3a6a: 0000;
3a6b: 0000;
3a6c: 0000;
3a6d: 0000;
3a6e: 0000;
3a6f: 0000;
3a70: 23a5;
3a71: 23bf;
3a72: 24bf;
3a73: 23af;
3a74: 23af;
3a75: 23af;
3a76: 23af;
3a77: 23af;
3a78: 23af;
3a79: 23af;
3a7a: 23af;
3a7b: 23af;
3a7c: 23af;
3a7d: 23af;
3a7e: 23af;
3a7f: 23af;
3a80: 23af;
3a81: 23af;
3a82: 23af;
3a83: 23af;
3a84: 23af;
3a85: 23af;
3a86: 23af;
3a87: 23af;
3a88: 23af;
3a89: 23bf;
3a8a: 24bf;
3a8b: 23aa;
3a8c: 24a1;
3a8d: 0000;
3a8e: 0000;
3a8f: 0000;
3a90: 0000;
3a91: 0000;
3a92: 0000;
3a93: 0000;
3a94: 0000;
3a95: 0000;
3a96: 0000;
3a97: 0000;
3a98: 0000;
3a99: 0000;
3a9a: 0000;
3a9b: 0000;
3a9c: 0000;
3a9d: 0000;
3a9e: 0000;
3a9f: 0000;
3aa0: 0000;
3aa1: 0000;
3aa2: 0000;
3aa3: 0000;
3aa4: 23a6;
3aa5: 24bf;
3aa6: 23bf;
3aa7: 23af;
3aa8: 23af;
3aa9: 23af;
3aaa: 23af;
3aab: 23af;
3aac: 23af;
3aad: 23af;
3aae: 23af;
3aaf: 23af;
3ab0: 23af;
3ab1: 23af;
3ab2: 23af;
3ab3: 23af;
3ab4: 23af;
3ab5: 23af;
3ab6: 23af;
3ab7: 23af;
3ab8: 23af;
3ab9: 23af;
3aba: 23af;
3abb: 23af;
3abc: 23af;
3abd: 23af;
3abe: 23af;
3abf: 23af;
3ac0: 23af;
3ac1: 23af;
3ac2: 23af;
3ac3: 23af;
3ac4: 23af;
3ac5: 23af;
3ac6: 23af;
3ac7: 23af;
3ac8: 23af;
3ac9: 23af;
3aca: 23af;
3acb: 23af;
3acc: 23af;
3acd: 23af;
3ace: 23af;
3acf: 23af;
3ad0: 23af;
3ad1: 23af;
3ad2: 23af;
3ad3: 23af;
3ad4: 23af;
3ad5: 23af;
3ad6: 23af;
3ad7: 23af;
3ad8: 23af;
3ad9: 23af;
3ada: 23af;
3adb: 23af;
3adc: 23af;
3add: 23af;
3ade: 23af;
3adf: 23af;
3ae0: 23bf;
3ae1: 24bf;
3ae2: 24bf;
3ae3: 23ae;
3ae4: 23ba;
3ae5: 23a4;
3ae6: 25a0;
3ae7: 0000;
3ae8: 0000;
3ae9: 0000;
3aea: 0000;
3aeb: 0000;
3aec: 0000;
3aed: 0000;
3aee: 0000;
3aef: 0000;
3af0: 0000;
3af1: 0000;
3af2: 0000;
3af3: 0000;
3af4: 0000;
3af5: 0000;
3af6: 0000;
3af7: 0000;
3af8: 0000;
3af9: 0000;
3afa: 0000;
3afb: 0000;
3afc: 0000;
3afd: 0000;
3afe: 0000;
3aff: 0000;
3b00: 0000;
3b01: 0000;
3b02: 0000;
3b03: 0000;
3b04: 0000;
3b05: 0000;
3b06: 0000;
3b07: 0000;
3b08: 0000;
3b09: 0000;
3b0a: 0000;
3b0b: 0000;
3b0c: 0000;
3b0d: 00f0;
3b0e: 23a9;
3b0f: 24bf;
3b10: 23af;
3b11: 23af;
3b12: 23af;
3b13: 23af;
3b14: 23af;
3b15: 23af;
3b16: 23af;
3b17: 23af;
3b18: 23af;
3b19: 23af;
3b1a: 23af;
3b1b: 23af;
3b1c: 23af;
3b1d: 23af;
3b1e: 23af;
3b1f: 23af;
3b20: 23af;
3b21: 23af;
3b22: 23af;
3b23: 23af;
3b24: 23af;
3b25: 23af;
3b26: 23af;
3b27: 23af;
3b28: 23af;
3b29: 23af;
3b2a: 23af;
3b2b: 23af;
3b2c: 23af;
3b2d: 23af;
3b2e: 23af;
3b2f: 23af;
3b30: 23af;
3b31: 23af;
3b32: 23af;
3b33: 23af;
3b34: 23af;
3b35: 23af;
3b36: 23af;
3b37: 23af;
3b38: 23af;
3b39: 23af;
3b3a: 23af;
3b3b: 23af;
3b3c: 23af;
3b3d: 23af;
3b3e: 23af;
3b3f: 23af;
3b40: 23af;
3b41: 23af;
3b42: 23af;
3b43: 23af;
3b44: 23af;
3b45: 23af;
3b46: 23af;
3b47: 23af;
3b48: 24bf;
3b49: 24bf;
3b4a: 24bf;
3b4b: 23ae;
3b4c: 23aa;
3b4d: 23a4;
3b4e: 2490;
3b4f: 0000;
3b50: 0000;
3b51: 0000;
3b52: 0000;
3b53: 0000;
3b54: 0000;
3b55: 0000;
3b56: 0000;
3b57: 0000;
3b58: 0000;
3b59: 0000;
3b5a: 0000;
3b5b: 0000;
3b5c: 0000;
3b5d: 0000;
3b5e: 0000;
3b5f: 0000;
3b60: 0000;
3b61: 0000;
3b62: 0000;
3b63: 0000;
3b64: 0000;
3b65: 0000;
3b66: 0000;
3b67: 0000;
3b68: 0000;
3b69: 0000;
3b6a: 0000;
3b6b: 0000;
3b6c: 0000;
3b6d: 0000;
3b6e: 0000;
3b6f: 0000;
3b70: 23a2;
3b71: 23ad;
3b72: 24bf;
3b73: 23af;
3b74: 23af;
3b75: 23af;
3b76: 23af;
3b77: 23af;
3b78: 23af;
3b79: 23af;
3b7a: 23af;
3b7b: 23af;
3b7c: 23af;
3b7d: 23af;
3b7e: 23af;
3b7f: 23af;
3b80: 23af;
3b81: 23af;
3b82: 23af;
3b83: 23af;
3b84: 23af;
3b85: 23af;
3b86: 23af;
3b87: 23af;
3b88: 23bf;
3b89: 24bf;
3b8a: 23ab;
3b8b: 24a2;
3b8c: 0000;
3b8d: 0000;
3b8e: 0000;
3b8f: 0000;
3b90: 0000;
3b91: 0000;
3b92: 0000;
3b93: 0000;
3b94: 0000;
3b95: 0000;
3b96: 0000;
3b97: 0000;
3b98: 0000;
3b99: 0000;
3b9a: 0000;
3b9b: 0000;
3b9c: 0000;
3b9d: 0000;
3b9e: 0000;
3b9f: 0000;
3ba0: 0000;
3ba1: 0000;
3ba2: 0000;
3ba3: 55a0;
3ba4: 23aa;
3ba5: 24bf;
3ba6: 23af;
3ba7: 23af;
3ba8: 23af;
3ba9: 23af;
3baa: 23af;
3bab: 23af;
3bac: 23af;
3bad: 23af;
3bae: 23af;
3baf: 23af;
3bb0: 23af;
3bb1: 23af;
3bb2: 23af;
3bb3: 23af;
3bb4: 23af;
3bb5: 23af;
3bb6: 23af;
3bb7: 23af;
3bb8: 23af;
3bb9: 23af;
3bba: 23af;
3bbb: 23af;
3bbc: 23af;
3bbd: 23af;
3bbe: 23af;
3bbf: 23af;
3bc0: 23af;
3bc1: 23af;
3bc2: 23af;
3bc3: 23af;
3bc4: 23af;
3bc5: 23af;
3bc6: 23af;
3bc7: 23af;
3bc8: 23af;
3bc9: 23af;
3bca: 23af;
3bcb: 23af;
3bcc: 23af;
3bcd: 23af;
3bce: 23af;
3bcf: 23af;
3bd0: 23af;
3bd1: 23af;
3bd2: 23af;
3bd3: 23af;
3bd4: 23af;
3bd5: 23af;
3bd6: 23af;
3bd7: 23af;
3bd8: 23af;
3bd9: 23af;
3bda: 23af;
3bdb: 23af;
3bdc: 23af;
3bdd: 23af;
3bde: 23bf;
3bdf: 24bf;
3be0: 24bf;
3be1: 23ae;
3be2: 23aa;
3be3: 24a4;
3be4: 13a1;
3be5: 0000;
3be6: 0000;
3be7: 0000;
3be8: 0000;
3be9: 0000;
3bea: 0000;
3beb: 0000;
3bec: 0000;
3bed: 0000;
3bee: 0000;
3bef: 0000;
3bf0: 0000;
3bf1: 0000;
3bf2: 0000;
3bf3: 0000;
3bf4: 0000;
3bf5: 0000;
3bf6: 0000;
3bf7: 0000;
3bf8: 0000;
3bf9: 0000;
3bfa: 0000;
3bfb: 0000;
3bfc: 0000;
3bfd: 0000;
3bfe: 0000;
3bff: 0000;
3c00: 0000;
3c01: 0000;
3c02: 0000;
3c03: 0000;
3c04: 0000;
3c05: 0000;
3c06: 0000;
3c07: 0000;
3c08: 0000;
3c09: 0000;
3c0a: 0000;
3c0b: 0000;
3c0c: 0000;
3c0d: 23a2;
3c0e: 23ac;
3c0f: 24bf;
3c10: 23af;
3c11: 23af;
3c12: 23af;
3c13: 23af;
3c14: 23af;
3c15: 23af;
3c16: 23af;
3c17: 23af;
3c18: 23af;
3c19: 23af;
3c1a: 23af;
3c1b: 23af;
3c1c: 23af;
3c1d: 23af;
3c1e: 23af;
3c1f: 23af;
3c20: 23af;
3c21: 23af;
3c22: 23af;
3c23: 23af;
3c24: 23af;
3c25: 23af;
3c26: 23af;
3c27: 23af;
3c28: 23af;
3c29: 23af;
3c2a: 23af;
3c2b: 23af;
3c2c: 23af;
3c2d: 23af;
3c2e: 23af;
3c2f: 23af;
3c30: 23af;
3c31: 23af;
3c32: 23af;
3c33: 23af;
3c34: 23af;
3c35: 23af;
3c36: 23af;
3c37: 23af;
3c38: 23af;
3c39: 23af;
3c3a: 23af;
3c3b: 23af;
3c3c: 23af;
3c3d: 23af;
3c3e: 23af;
3c3f: 23af;
3c40: 23af;
3c41: 23af;
3c42: 23af;
3c43: 23af;
3c44: 23af;
3c45: 23af;
3c46: 24bf;
3c47: 24bf;
3c48: 23bf;
3c49: 23bc;
3c4a: 23a9;
3c4b: 23a3;
3c4c: 0070;
3c4d: 0000;
3c4e: 0000;
3c4f: 0000;
3c50: 0000;
3c51: 0000;
3c52: 0000;
3c53: 0000;
3c54: 0000;
3c55: 0000;
3c56: 0000;
3c57: 0000;
3c58: 0000;
3c59: 0000;
3c5a: 0000;
3c5b: 0000;
3c5c: 0000;
3c5d: 0000;
3c5e: 0000;
3c5f: 0000;
3c60: 0000;
3c61: 0000;
3c62: 0000;
3c63: 0000;
3c64: 0000;
3c65: 0000;
3c66: 0000;
3c67: 0000;
3c68: 0000;
3c69: 0000;
3c6a: 0000;
3c6b: 0000;
3c6c: 0000;
3c6d: 0000;
3c6e: 0000;
3c6f: 0000;
3c70: 50a0;
3c71: 23a8;
3c72: 24bf;
3c73: 23af;
3c74: 23af;
3c75: 23af;
3c76: 23af;
3c77: 23af;
3c78: 23af;
3c79: 23af;
3c7a: 23af;
3c7b: 23af;
3c7c: 23af;
3c7d: 23af;
3c7e: 23af;
3c7f: 23af;
3c80: 23af;
3c81: 23af;
3c82: 23af;
3c83: 23af;
3c84: 23af;
3c85: 23af;
3c86: 23af;
3c87: 23af;
3c88: 24bf;
3c89: 23ac;
3c8a: 23b3;
3c8b: 0000;
3c8c: 0000;
3c8d: 0000;
3c8e: 0000;
3c8f: 0000;
3c90: 0000;
3c91: 0000;
3c92: 0000;
3c93: 0000;
3c94: 0000;
3c95: 0000;
3c96: 0000;
3c97: 0000;
3c98: 0000;
3c99: 0000;
3c9a: 0000;
3c9b: 0000;
3c9c: 0000;
3c9d: 0000;
3c9e: 0000;
3c9f: 0000;
3ca0: 0000;
3ca1: 0000;
3ca2: 0000;
3ca3: 23a1;
3ca4: 23ac;
3ca5: 24bf;
3ca6: 23af;
3ca7: 23af;
3ca8: 23af;
3ca9: 23af;
3caa: 23af;
3cab: 23af;
3cac: 23af;
3cad: 23af;
3cae: 23af;
3caf: 23af;
3cb0: 23af;
3cb1: 23af;
3cb2: 23af;
3cb3: 23af;
3cb4: 23af;
3cb5: 23af;
3cb6: 23af;
3cb7: 23af;
3cb8: 23af;
3cb9: 23af;
3cba: 23af;
3cbb: 23af;
3cbc: 23af;
3cbd: 23af;
3cbe: 23af;
3cbf: 23af;
3cc0: 23af;
3cc1: 23af;
3cc2: 23af;
3cc3: 23af;
3cc4: 23af;
3cc5: 23af;
3cc6: 23af;
3cc7: 23af;
3cc8: 23af;
3cc9: 23af;
3cca: 23af;
3ccb: 23af;
3ccc: 23af;
3ccd: 23af;
3cce: 23af;
3ccf: 23af;
3cd0: 23af;
3cd1: 23af;
3cd2: 23af;
3cd3: 23af;
3cd4: 23af;
3cd5: 23af;
3cd6: 23af;
3cd7: 23af;
3cd8: 23af;
3cd9: 23af;
3cda: 23af;
3cdb: 23af;
3cdc: 24bf;
3cdd: 24bf;
3cde: 24bf;
3cdf: 24bd;
3ce0: 23a9;
3ce1: 23a4;
3ce2: 44b0;
3ce3: 0000;
3ce4: 0000;
3ce5: 0000;
3ce6: 0000;
3ce7: 0000;
3ce8: 0000;
3ce9: 0000;
3cea: 0000;
3ceb: 0000;
3cec: 0000;
3ced: 0000;
3cee: 0000;
3cef: 0000;
3cf0: 0000;
3cf1: 0000;
3cf2: 0000;
3cf3: 0000;
3cf4: 0000;
3cf5: 0000;
3cf6: 0000;
3cf7: 0000;
3cf8: 0000;
3cf9: 0000;
3cfa: 0000;
3cfb: 0000;
3cfc: 0000;
3cfd: 0000;
3cfe: 0000;
3cff: 0000;
3d00: 0000;
3d01: 0000;
3d02: 0000;
3d03: 0000;
3d04: 0000;
3d05: 0000;
3d06: 0000;
3d07: 0000;
3d08: 0000;
3d09: 0000;
3d0a: 0000;
3d0b: 0000;
3d0c: 0000;
3d0d: 23a4;
3d0e: 23ae;
3d0f: 24bf;
3d10: 23af;
3d11: 23af;
3d12: 23af;
3d13: 23af;
3d14: 23af;
3d15: 23af;
3d16: 23af;
3d17: 23af;
3d18: 23af;
3d19: 23af;
3d1a: 23af;
3d1b: 23af;
3d1c: 23af;
3d1d: 23af;
3d1e: 23af;
3d1f: 23af;
3d20: 23af;
3d21: 23af;
3d22: 23af;
3d23: 23af;
3d24: 23af;
3d25: 23af;
3d26: 23af;
3d27: 23af;
3d28: 23af;
3d29: 23af;
3d2a: 23af;
3d2b: 23af;
3d2c: 23af;
3d2d: 23af;
3d2e: 23af;
3d2f: 23af;
3d30: 23af;
3d31: 23af;
3d32: 23af;
3d33: 23af;
3d34: 23af;
3d35: 23af;
3d36: 23af;
3d37: 23af;
3d38: 23af;
3d39: 23af;
3d3a: 23af;
3d3b: 23af;
3d3c: 23af;
3d3d: 23af;
3d3e: 23af;
3d3f: 23af;
3d40: 23af;
3d41: 23af;
3d42: 23bf;
3d43: 24bf;
3d44: 24bf;
3d45: 24bf;
3d46: 23be;
3d47: 24aa;
3d48: 23a6;
3d49: 24a2;
3d4a: 0000;
3d4b: 0000;
3d4c: 0000;
3d4d: 0000;
3d4e: 0000;
3d4f: 0000;
3d50: 0000;
3d51: 0000;
3d52: 0000;
3d53: 0000;
3d54: 0000;
3d55: 0000;
3d56: 0000;
3d57: 0000;
3d58: 0000;
3d59: 0000;
3d5a: 0000;
3d5b: 0000;
3d5c: 0000;
3d5d: 0000;
3d5e: 0000;
3d5f: 0000;
3d60: 0000;
3d61: 0000;
3d62: 0000;
3d63: 0000;
3d64: 0000;
3d65: 0000;
3d66: 0000;
3d67: 0000;
3d68: 0000;
3d69: 0000;
3d6a: 0000;
3d6b: 0000;
3d6c: 0000;
3d6d: 0000;
3d6e: 0000;
3d6f: 0000;
3d70: 0000;
3d71: 23a5;
3d72: 23be;
3d73: 24bf;
3d74: 23af;
3d75: 23af;
3d76: 23af;
3d77: 23af;
3d78: 23af;
3d79: 23af;
3d7a: 23af;
3d7b: 23af;
3d7c: 23af;
3d7d: 23af;
3d7e: 23af;
3d7f: 23af;
3d80: 23af;
3d81: 23af;
3d82: 23af;
3d83: 23af;
3d84: 23af;
3d85: 23af;
3d86: 23bf;
3d87: 24bf;
3d88: 23ad;
3d89: 23a3;
3d8a: 0000;
3d8b: 0000;
3d8c: 0000;
3d8d: 0000;
3d8e: 0000;
3d8f: 0000;
3d90: 0000;
3d91: 0000;
3d92: 0000;
3d93: 0000;
3d94: 0000;
3d95: 0000;
3d96: 0000;
3d97: 0000;
3d98: 0000;
3d99: 0000;
3d9a: 0000;
3d9b: 0000;
3d9c: 0000;
3d9d: 0000;
3d9e: 0000;
3d9f: 0000;
3da0: 0000;
3da1: 0000;
3da2: 0000;
3da3: 23a3;
3da4: 23ae;
3da5: 24bf;
3da6: 23af;
3da7: 23af;
3da8: 23af;
3da9: 23af;
3daa: 23af;
3dab: 23af;
3dac: 23af;
3dad: 23af;
3dae: 23af;
3daf: 23af;
3db0: 23af;
3db1: 23af;
3db2: 23af;
3db3: 23af;
3db4: 23af;
3db5: 23af;
3db6: 23af;
3db7: 23af;
3db8: 23af;
3db9: 23af;
3dba: 23af;
3dbb: 23af;
3dbc: 23af;
3dbd: 23af;
3dbe: 23af;
3dbf: 23af;
3dc0: 23af;
3dc1: 23af;
3dc2: 23af;
3dc3: 23af;
3dc4: 23af;
3dc5: 23af;
3dc6: 23af;
3dc7: 23af;
3dc8: 23af;
3dc9: 23af;
3dca: 23af;
3dcb: 23af;
3dcc: 23af;
3dcd: 23af;
3dce: 23af;
3dcf: 23af;
3dd0: 23af;
3dd1: 23af;
3dd2: 23af;
3dd3: 23af;
3dd4: 23af;
3dd5: 23af;
3dd6: 23af;
3dd7: 23af;
3dd8: 23bf;
3dd9: 24bf;
3dda: 24bf;
3ddb: 24bf;
3ddc: 23ae;
3ddd: 23ab;
3dde: 23a6;
3ddf: 23a2;
3de0: 0000;
3de1: 0000;
3de2: 0000;
3de3: 0000;
3de4: 0000;
3de5: 0000;
3de6: 0000;
3de7: 0000;
3de8: 0000;
3de9: 0000;
3dea: 0000;
3deb: 0000;
3dec: 0000;
3ded: 0000;
3dee: 0000;
3def: 0000;
3df0: 0000;
3df1: 0000;
3df2: 0000;
3df3: 0000;
3df4: 0000;
3df5: 0000;
3df6: 0000;
3df7: 0000;
3df8: 0000;
3df9: 0000;
3dfa: 0000;
3dfb: 0000;
3dfc: 0000;
3dfd: 0000;
3dfe: 0000;
3dff: 0000;
3e00: 0000;
3e01: 0000;
3e02: 0000;
3e03: 0000;
3e04: 0000;
3e05: 0000;
3e06: 0000;
3e07: 0000;
3e08: 0000;
3e09: 0000;
3e0a: 0000;
3e0b: 0000;
3e0c: 0000;
3e0d: 23a6;
3e0e: 24bf;
3e0f: 23bf;
3e10: 23af;
3e11: 23af;
3e12: 23af;
3e13: 23af;
3e14: 23af;
3e15: 23af;
3e16: 23af;
3e17: 23af;
3e18: 23af;
3e19: 23af;
3e1a: 23af;
3e1b: 23af;
3e1c: 23af;
3e1d: 23af;
3e1e: 23af;
3e1f: 23af;
3e20: 23af;
3e21: 23af;
3e22: 23af;
3e23: 23af;
3e24: 23af;
3e25: 23af;
3e26: 23af;
3e27: 23af;
3e28: 23af;
3e29: 23af;
3e2a: 23af;
3e2b: 23af;
3e2c: 23af;
3e2d: 23af;
3e2e: 23af;
3e2f: 23af;
3e30: 23af;
3e31: 23af;
3e32: 23af;
3e33: 23af;
3e34: 23af;
3e35: 23af;
3e36: 23af;
3e37: 23af;
3e38: 23af;
3e39: 23af;
3e3a: 23af;
3e3b: 23af;
3e3c: 23af;
3e3d: 23bf;
3e3e: 24bf;
3e3f: 24bf;
3e40: 24bf;
3e41: 24bf;
3e42: 24bf;
3e43: 23ae;
3e44: 24ab;
3e45: 23a7;
3e46: 23a3;
3e47: 14a1;
3e48: 0000;
3e49: 0000;
3e4a: 0000;
3e4b: 0000;
3e4c: 0000;
3e4d: 0000;
3e4e: 0000;
3e4f: 0000;
3e50: 0000;
3e51: 0000;
3e52: 0000;
3e53: 0000;
3e54: 0000;
3e55: 0000;
3e56: 0000;
3e57: 0000;
3e58: 0000;
3e59: 0000;
3e5a: 0000;
3e5b: 0000;
3e5c: 0000;
3e5d: 0000;
3e5e: 0000;
3e5f: 0000;
3e60: 0000;
3e61: 0000;
3e62: 0000;
3e63: 0000;
3e64: 0000;
3e65: 0000;
3e66: 0000;
3e67: 0000;
3e68: 0000;
3e69: 0000;
3e6a: 0000;
3e6b: 0000;
3e6c: 0000;
3e6d: 0000;
3e6e: 0000;
3e6f: 0000;
3e70: 0000;
3e71: 24a1;
3e72: 23ac;
3e73: 24bf;
3e74: 23af;
3e75: 23af;
3e76: 23af;
3e77: 23af;
3e78: 23af;
3e79: 23af;
3e7a: 23af;
3e7b: 23af;
3e7c: 23af;
3e7d: 23af;
3e7e: 23af;
3e7f: 23af;
3e80: 23af;
3e81: 23af;
3e82: 23af;
3e83: 23af;
3e84: 23af;
3e85: 23af;
3e86: 24bf;
3e87: 23be;
3e88: 23b4;
3e89: 0000;
3e8a: 0000;
3e8b: 0000;
3e8c: 0000;
3e8d: 0000;
3e8e: 0000;
3e8f: 0000;
3e90: 0000;
3e91: 0000;
3e92: 0000;
3e93: 0000;
3e94: 0000;
3e95: 0000;
3e96: 0000;
3e97: 0000;
3e98: 0000;
3e99: 0000;
3e9a: 0000;
3e9b: 0000;
3e9c: 0000;
3e9d: 0000;
3e9e: 0000;
3e9f: 0000;
3ea0: 0000;
3ea1: 0000;
3ea2: 0000;
3ea3: 23a6;
3ea4: 23af;
3ea5: 24bf;
3ea6: 23af;
3ea7: 23af;
3ea8: 23af;
3ea9: 23af;
3eaa: 23af;
3eab: 23af;
3eac: 23af;
3ead: 23af;
3eae: 23af;
3eaf: 23af;
3eb0: 23af;
3eb1: 23af;
3eb2: 23af;
3eb3: 23af;
3eb4: 23af;
3eb5: 23af;
3eb6: 23af;
3eb7: 23af;
3eb8: 23af;
3eb9: 23af;
3eba: 23af;
3ebb: 23af;
3ebc: 23af;
3ebd: 23af;
3ebe: 23af;
3ebf: 23af;
3ec0: 23af;
3ec1: 23af;
3ec2: 23af;
3ec3: 23af;
3ec4: 23af;
3ec5: 23af;
3ec6: 23af;
3ec7: 23af;
3ec8: 23af;
3ec9: 23af;
3eca: 23af;
3ecb: 23af;
3ecc: 23af;
3ecd: 23af;
3ece: 23af;
3ecf: 23af;
3ed0: 23af;
3ed1: 23af;
3ed2: 23af;
3ed3: 23bf;
3ed4: 24bf;
3ed5: 24bf;
3ed6: 24bf;
3ed7: 24bf;
3ed8: 24bf;
3ed9: 23ae;
3eda: 23ab;
3edb: 23a7;
3edc: 23a4;
3edd: 23a1;
3ede: 0000;
3edf: 0000;
3ee0: 0000;
3ee1: 0000;
3ee2: 0000;
3ee3: 0000;
3ee4: 0000;
3ee5: 0000;
3ee6: 0000;
3ee7: 0000;
3ee8: 0000;
3ee9: 0000;
3eea: 0000;
3eeb: 0000;
3eec: 0000;
3eed: 0000;
3eee: 0000;
3eef: 0000;
3ef0: 0000;
3ef1: 0000;
3ef2: 0000;
3ef3: 0000;
3ef4: 0000;
3ef5: 0000;
3ef6: 0000;
3ef7: 0000;
3ef8: 0000;
3ef9: 0000;
3efa: 0000;
3efb: 0000;
3efc: 0000;
3efd: 0000;
3efe: 0000;
3eff: 0000;
3f00: 0000;
3f01: 0000;
3f02: 0000;
3f03: 0000;
3f04: 0000;
3f05: 0000;
3f06: 0000;
3f07: 0000;
3f08: 0000;
3f09: 0000;
3f0a: 0000;
3f0b: 0000;
3f0c: 0070;
3f0d: 23a9;
3f0e: 24bf;
3f0f: 23af;
3f10: 23af;
3f11: 23af;
3f12: 23af;
3f13: 23af;
3f14: 23af;
3f15: 23af;
3f16: 23af;
3f17: 23af;
3f18: 23af;
3f19: 23af;
3f1a: 23af;
3f1b: 23af;
3f1c: 23af;
3f1d: 23af;
3f1e: 23af;
3f1f: 23af;
3f20: 23af;
3f21: 23af;
3f22: 23af;
3f23: 23af;
3f24: 23af;
3f25: 23af;
3f26: 23af;
3f27: 23af;
3f28: 23af;
3f29: 23af;
3f2a: 23af;
3f2b: 23af;
3f2c: 23af;
3f2d: 23af;
3f2e: 23af;
3f2f: 23af;
3f30: 23af;
3f31: 23af;
3f32: 23af;
3f33: 23af;
3f34: 23af;
3f35: 23af;
3f36: 23af;
3f37: 23af;
3f38: 23af;
3f39: 23bf;
3f3a: 24bf;
3f3b: 24bf;
3f3c: 24bf;
3f3d: 24bf;
3f3e: 23af;
3f3f: 23ae;
3f40: 23ad;
3f41: 23aa;
3f42: 23b6;
3f43: 24a2;
3f44: 23b1;
3f45: 0000;
3f46: 0000;
3f47: 0000;
3f48: 0000;
3f49: 0000;
3f4a: 0000;
3f4b: 0000;
3f4c: 0000;
3f4d: 0000;
3f4e: 0000;
3f4f: 0000;
3f50: 0000;
3f51: 0000;
3f52: 0000;
3f53: 0000;
3f54: 0000;
3f55: 0000;
3f56: 0000;
3f57: 0000;
3f58: 0000;
3f59: 0000;
3f5a: 0000;
3f5b: 0000;
3f5c: 0000;
3f5d: 0000;
3f5e: 0000;
3f5f: 0000;
3f60: 0000;
3f61: 0000;
3f62: 0000;
3f63: 0000;
3f64: 0000;
3f65: 0000;
3f66: 0000;
3f67: 0000;
3f68: 0000;
3f69: 0000;
3f6a: 0000;
3f6b: 0000;
3f6c: 0000;
3f6d: 0000;
3f6e: 0000;
3f6f: 0000;
3f70: 0000;
3f71: 0000;
3f72: 23a8;
3f73: 24bf;
3f74: 24bf;
3f75: 23af;
3f76: 23af;
3f77: 23af;
3f78: 23af;
3f79: 23af;
3f7a: 23af;
3f7b: 23af;
3f7c: 23af;
3f7d: 23af;
3f7e: 23af;
3f7f: 23af;
3f80: 23af;
3f81: 23af;
3f82: 23af;
3f83: 23af;
3f84: 23af;
3f85: 24bf;
3f86: 23ae;
3f87: 23a5;
3f88: 0000;
3f89: 0000;
3f8a: 0000;
3f8b: 0000;
3f8c: 0000;
3f8d: 0000;
3f8e: 0000;
3f8f: 0000;
3f90: 0000;
3f91: 0000;
3f92: 0000;
3f93: 0000;
3f94: 0000;
3f95: 0000;
3f96: 0000;
3f97: 0000;
3f98: 0000;
3f99: 0000;
3f9a: 0000;
3f9b: 0000;
3f9c: 0000;
3f9d: 0000;
3f9e: 0000;
3f9f: 0000;
3fa0: 0000;
3fa1: 0000;
3fa2: 0000;
3fa3: 23a9;
3fa4: 24bf;
3fa5: 23bf;
3fa6: 23af;
3fa7: 23af;
3fa8: 23af;
3fa9: 23af;
3faa: 23af;
3fab: 23af;
3fac: 23af;
3fad: 23af;
3fae: 23af;
3faf: 23af;
3fb0: 23af;
3fb1: 23af;
3fb2: 23af;
3fb3: 23af;
3fb4: 23af;
3fb5: 23af;
3fb6: 23af;
3fb7: 23af;
3fb8: 23af;
3fb9: 23af;
3fba: 23af;
3fbb: 23af;
3fbc: 23af;
3fbd: 23af;
3fbe: 23af;
3fbf: 23af;
3fc0: 23af;
3fc1: 23af;
3fc2: 23af;
3fc3: 23af;
3fc4: 23af;
3fc5: 23af;
3fc6: 23af;
3fc7: 23af;
3fc8: 23af;
3fc9: 23af;
3fca: 23af;
3fcb: 23af;
3fcc: 23af;
3fcd: 23af;
3fce: 23af;
3fcf: 23af;
3fd0: 24bf;
3fd1: 24bf;
3fd2: 24bf;
3fd3: 24bf;
3fd4: 23af;
3fd5: 23ae;
3fd6: 23ad;
3fd7: 23aa;
3fd8: 23a6;
3fd9: 23a3;
3fda: 24a1;
3fdb: 0000;
3fdc: 0000;
3fdd: 0000;
3fde: 0000;
3fdf: 0000;
3fe0: 0000;
3fe1: 0000;
3fe2: 0000;
3fe3: 0000;
3fe4: 0000;
3fe5: 0000;
3fe6: 0000;
3fe7: 0000;
3fe8: 0000;
3fe9: 0000;
3fea: 0000;
3feb: 0000;
3fec: 0000;
3fed: 0000;
3fee: 0000;
3fef: 0000;
3ff0: 0000;
3ff1: 0000;
3ff2: 0000;
3ff3: 0000;
3ff4: 0000;
3ff5: 0000;
3ff6: 0000;
3ff7: 0000;
3ff8: 0000;
3ff9: 0000;
3ffa: 0000;
3ffb: 0000;
3ffc: 0000;
3ffd: 0000;
3ffe: 0000;
3fff: 0000;
4000: 0000;
4001: 0000;
4002: 0000;
4003: 0000;
4004: 0000;
4005: 0000;
4006: 0000;
4007: 0000;
4008: 0000;
4009: 0000;
400a: 0000;
400b: 0000;
400c: 13a1;
400d: 23ac;
400e: 24bf;
400f: 23bf;
4010: 23bf;
4011: 23bf;
4012: 23bf;
4013: 24bf;
4014: 24bf;
4015: 23bf;
4016: 24bf;
4017: 24bf;
4018: 23bf;
4019: 23bf;
401a: 23bf;
401b: 23bf;
401c: 23bf;
401d: 24bf;
401e: 24bf;
401f: 23bf;
4020: 24bf;
4021: 23bf;
4022: 24bf;
4023: 24bf;
4024: 24bf;
4025: 24bf;
4026: 23bf;
4027: 24bf;
4028: 23bf;
4029: 23bf;
402a: 24bf;
402b: 23bf;
402c: 24bf;
402d: 23bf;
402e: 23bf;
402f: 23bf;
4030: 24bf;
4031: 24bf;
4032: 24bf;
4033: 24bf;
4034: 24bf;
4035: 24bf;
4036: 24bf;
4037: 24bf;
4038: 24bf;
4039: 24bf;
403a: 23ae;
403b: 23ad;
403c: 23bc;
403d: 23ba;
403e: 23a7;
403f: 23a4;
4040: 24a1;
4041: 0000;
4042: 0000;
4043: 0000;
4044: 0000;
4045: 0000;
4046: 0000;
4047: 0000;
4048: 0000;
4049: 0000;
404a: 0000;
404b: 0000;
404c: 0000;
404d: 0000;
404e: 0000;
404f: 0000;
4050: 0000;
4051: 0000;
4052: 0000;
4053: 0000;
4054: 0000;
4055: 0000;
4056: 0000;
4057: 0000;
4058: 0000;
4059: 0000;
405a: 0000;
405b: 0000;
405c: 0000;
405d: 0000;
405e: 0000;
405f: 0000;
4060: 0000;
4061: 0000;
4062: 0000;
4063: 0000;
4064: 0000;
4065: 0000;
4066: 0000;
4067: 0000;
4068: 0000;
4069: 0000;
406a: 0000;
406b: 0000;
406c: 0000;
406d: 0000;
406e: 0000;
406f: 0000;
4070: 0000;
4071: 0000;
4072: 23a4;
4073: 23ae;
4074: 24bf;
4075: 23af;
4076: 23af;
4077: 23af;
4078: 23af;
4079: 23af;
407a: 23af;
407b: 23af;
407c: 23af;
407d: 23af;
407e: 23af;
407f: 23af;
4080: 23af;
4081: 23af;
4082: 23af;
4083: 23af;
4084: 24bf;
4085: 23bf;
4086: 24a6;
4087: 0000;
4088: 0000;
4089: 0000;
408a: 0000;
408b: 0000;
408c: 0000;
408d: 0000;
408e: 0000;
408f: 0000;
4090: 0000;
4091: 0000;
4092: 0000;
4093: 0000;
4094: 0000;
4095: 0000;
4096: 0000;
4097: 0000;
4098: 0000;
4099: 0000;
409a: 0000;
409b: 0000;
409c: 0000;
409d: 0000;
409e: 0000;
409f: 0000;
40a0: 0000;
40a1: 0000;
40a2: 24a1;
40a3: 23ac;
40a4: 24bf;
40a5: 24bf;
40a6: 24bf;
40a7: 23bf;
40a8: 23bf;
40a9: 24bf;
40aa: 23bf;
40ab: 23bf;
40ac: 24bf;
40ad: 23bf;
40ae: 23bf;
40af: 23bf;
40b0: 23bf;
40b1: 23bf;
40b2: 23bf;
40b3: 23bf;
40b4: 24bf;
40b5: 23bf;
40b6: 24bf;
40b7: 24bf;
40b8: 24bf;
40b9: 23bf;
40ba: 23bf;
40bb: 23bf;
40bc: 24bf;
40bd: 23bf;
40be: 23bf;
40bf: 23bf;
40c0: 23bf;
40c1: 23bf;
40c2: 23bf;
40c3: 23bf;
40c4: 23bf;
40c5: 23bf;
40c6: 24bf;
40c7: 23bf;
40c8: 24bf;
40c9: 24bf;
40ca: 24bf;
40cb: 24bf;
40cc: 24bf;
40cd: 24bf;
40ce: 24bf;
40cf: 24bf;
40d0: 23ae;
40d1: 23ad;
40d2: 23ac;
40d3: 23aa;
40d4: 23a7;
40d5: 24b4;
40d6: 23a2;
40d7: 0000;
40d8: 0000;
40d9: 0000;
40da: 0000;
40db: 0000;
40dc: 0000;
40dd: 0000;
40de: 0000;
40df: 0000;
40e0: 0000;
40e1: 0000;
40e2: 0000;
40e3: 0000;
40e4: 0000;
40e5: 0000;
40e6: 0000;
40e7: 0000;
40e8: 0000;
40e9: 0000;
40ea: 0000;
40eb: 0000;
40ec: 0000;
40ed: 0000;
40ee: 0000;
40ef: 0000;
40f0: 0000;
40f1: 0000;
40f2: 0000;
40f3: 0000;
40f4: 0000;
40f5: 0000;
40f6: 0000;
40f7: 0000;
40f8: 0000;
40f9: 0000;
40fa: 0000;
40fb: 0000;
40fc: 0000;
40fd: 0000;
40fe: 0000;
40ff: 0000;
4100: 0000;
4101: 0000;
4102: 0000;
4103: 0000;
4104: 0000;
4105: 0000;
4106: 0000;
4107: 0000;
4108: 0000;
4109: 0000;
410a: 0000;
410b: 0000;
410c: 24a3;
410d: 23ae;
410e: 24bf;
410f: 23af;
4110: 23af;
4111: 23af;
4112: 23af;
4113: 23af;
4114: 23af;
4115: 23af;
4116: 23af;
4117: 23af;
4118: 23af;
4119: 23af;
411a: 23af;
411b: 23af;
411c: 23af;
411d: 23af;
411e: 23af;
411f: 23af;
4120: 23af;
4121: 23af;
4122: 23af;
4123: 23af;
4124: 23af;
4125: 23af;
4126: 23af;
4127: 23af;
4128: 23af;
4129: 23af;
412a: 23af;
412b: 23af;
412c: 23af;
412d: 23af;
412e: 23af;
412f: 23af;
4130: 23af;
4131: 23af;
4132: 23af;
4133: 23ae;
4134: 23ad;
4135: 23ac;
4136: 23ab;
4137: 23b9;
4138: 24a8;
4139: 23a6;
413a: 23a5;
413b: 23b3;
413c: 23b1;
413d: 0000;
413e: 0000;
413f: 0000;
4140: 0000;
4141: 0000;
4142: 0000;
4143: 0000;
4144: 0000;
4145: 0000;
4146: 0000;
4147: 0000;
4148: 0000;
4149: 0000;
414a: 0000;
414b: 0000;
414c: 0000;
414d: 0000;
414e: 0000;
414f: 0000;
4150: 0000;
4151: 0000;
4152: 0000;
4153: 0000;
4154: 0000;
4155: 0000;
4156: 0000;
4157: 0000;
4158: 0000;
4159: 0000;
415a: 0000;
415b: 0000;
415c: 0000;
415d: 0000;
415e: 0000;
415f: 0000;
4160: 0000;
4161: 0000;
4162: 0000;
4163: 0000;
4164: 0000;
4165: 0000;
4166: 0000;
4167: 0000;
4168: 0000;
4169: 0000;
416a: 0000;
416b: 0000;
416c: 0000;
416d: 0000;
416e: 0000;
416f: 0000;
4170: 0000;
4171: 0000;
4172: 13b1;
4173: 23ab;
4174: 24bf;
4175: 23af;
4176: 23af;
4177: 23af;
4178: 23af;
4179: 23af;
417a: 23af;
417b: 23af;
417c: 23af;
417d: 23af;
417e: 23af;
417f: 23af;
4180: 23af;
4181: 23af;
4182: 23af;
4183: 23bf;
4184: 23bf;
4185: 23a8;
4186: 33c0;
4187: 0000;
4188: 0000;
4189: 0000;
418a: 0000;
418b: 0000;
418c: 0000;
418d: 0000;
418e: 0000;
418f: 0000;
4190: 0000;
4191: 0000;
4192: 0000;
4193: 0000;
4194: 0000;
4195: 0000;
4196: 0000;
4197: 0000;
4198: 0000;
4199: 0000;
419a: 0000;
419b: 0000;
419c: 0000;
419d: 0000;
419e: 0000;
419f: 0000;
41a0: 0000;
41a1: 0000;
41a2: 24a3;
41a3: 23ae;
41a4: 24bf;
41a5: 23af;
41a6: 23af;
41a7: 23af;
41a8: 23af;
41a9: 23af;
41aa: 23af;
41ab: 23af;
41ac: 23af;
41ad: 23af;
41ae: 23af;
41af: 23af;
41b0: 23af;
41b1: 23af;
41b2: 23af;
41b3: 23af;
41b4: 23af;
41b5: 23af;
41b6: 23af;
41b7: 23af;
41b8: 23af;
41b9: 23af;
41ba: 23af;
41bb: 23af;
41bc: 23af;
41bd: 23af;
41be: 23af;
41bf: 23af;
41c0: 23af;
41c1: 23af;
41c2: 23af;
41c3: 23af;
41c4: 23af;
41c5: 23af;
41c6: 23af;
41c7: 23af;
41c8: 23af;
41c9: 23ae;
41ca: 23ad;
41cb: 23ac;
41cc: 23ab;
41cd: 23a9;
41ce: 24a8;
41cf: 23a6;
41d0: 23a5;
41d1: 23a3;
41d2: 24a1;
41d3: 0000;
41d4: 0000;
41d5: 0000;
41d6: 0000;
41d7: 0000;
41d8: 0000;
41d9: 0000;
41da: 0000;
41db: 0000;
41dc: 0000;
41dd: 0000;
41de: 0000;
41df: 0000;
41e0: 0000;
41e1: 0000;
41e2: 0000;
41e3: 0000;
41e4: 0000;
41e5: 0000;
41e6: 0000;
41e7: 0000;
41e8: 0000;
41e9: 0000;
41ea: 0000;
41eb: 0000;
41ec: 0000;
41ed: 0000;
41ee: 0000;
41ef: 0000;
41f0: 0000;
41f1: 0000;
41f2: 0000;
41f3: 0000;
41f4: 0000;
41f5: 0000;
41f6: 0000;
41f7: 0000;
41f8: 0000;
41f9: 0000;
41fa: 0000;
41fb: 0000;
41fc: 0000;
41fd: 0000;
41fe: 0000;
41ff: 0000;
4200: 0000;
4201: 0000;
4202: 0000;
4203: 0000;
4204: 0000;
4205: 0000;
4206: 0000;
4207: 0000;
4208: 0000;
4209: 0000;
420a: 0000;
420b: 0000;
420c: 23b1;
420d: 23a5;
420e: 24a5;
420f: 23a5;
4210: 24a5;
4211: 24a5;
4212: 24a5;
4213: 23a5;
4214: 23a5;
4215: 23a5;
4216: 23a5;
4217: 23a5;
4218: 23a5;
4219: 23a5;
421a: 24a5;
421b: 23a5;
421c: 23a5;
421d: 23a5;
421e: 23a5;
421f: 24a5;
4220: 23a5;
4221: 24a5;
4222: 23a5;
4223: 23a5;
4224: 23a5;
4225: 23a5;
4226: 23a5;
4227: 23a5;
4228: 23a5;
4229: 24a5;
422a: 23a5;
422b: 23a5;
422c: 23a5;
422d: 23a5;
422e: 23a5;
422f: 23a5;
4230: 23b4;
4231: 23a4;
4232: 24a3;
4233: 24a3;
4234: 24b2;
4235: 23a2;
4236: 24a1;
4237: 07f0;
4238: 0000;
4239: 0000;
423a: 0000;
423b: 0000;
423c: 0000;
423d: 0000;
423e: 0000;
423f: 0000;
4240: 0000;
4241: 0000;
4242: 0000;
4243: 0000;
4244: 0000;
4245: 0000;
4246: 0000;
4247: 0000;
4248: 0000;
4249: 0000;
424a: 0000;
424b: 0000;
424c: 0000;
424d: 0000;
424e: 0000;
424f: 0000;
4250: 0000;
4251: 0000;
4252: 0000;
4253: 0000;
4254: 0000;
4255: 0000;
4256: 0000;
4257: 0000;
4258: 0000;
4259: 0000;
425a: 0000;
425b: 0000;
425c: 0000;
425d: 0000;
425e: 0000;
425f: 0000;
4260: 0000;
4261: 0000;
4262: 0000;
4263: 0000;
4264: 0000;
4265: 0000;
4266: 0000;
4267: 0000;
4268: 0000;
4269: 0000;
426a: 0000;
426b: 0000;
426c: 0000;
426d: 0000;
426e: 0000;
426f: 0000;
4270: 0000;
4271: 0000;
4272: 0000;
4273: 23a7;
4274: 24bf;
4275: 23bf;
4276: 23af;
4277: 23af;
4278: 23af;
4279: 23af;
427a: 23af;
427b: 23af;
427c: 23af;
427d: 23af;
427e: 23af;
427f: 23af;
4280: 23af;
4281: 23af;
4282: 24bf;
4283: 24bf;
4284: 23a9;
4285: 2490;
4286: 0000;
4287: 0000;
4288: 0000;
4289: 0000;
428a: 0000;
428b: 0000;
428c: 0000;
428d: 0000;
428e: 0000;
428f: 0000;
4290: 0000;
4291: 0000;
4292: 0000;
4293: 0000;
4294: 0000;
4295: 0000;
4296: 0000;
4297: 0000;
4298: 0000;
4299: 0000;
429a: 0000;
429b: 0000;
429c: 0000;
429d: 0000;
429e: 0000;
429f: 0000;
42a0: 0000;
42a1: 0000;
42a2: 23a2;
42a3: 24a5;
42a4: 23a5;
42a5: 23a5;
42a6: 23a5;
42a7: 23a5;
42a8: 23a5;
42a9: 23a5;
42aa: 23a5;
42ab: 24a5;
42ac: 23a5;
42ad: 24a5;
42ae: 23a5;
42af: 23a5;
42b0: 24a5;
42b1: 24a5;
42b2: 23a5;
42b3: 24a5;
42b4: 23a5;
42b5: 24a5;
42b6: 23a5;
42b7: 23a5;
42b8: 23a5;
42b9: 24a5;
42ba: 23a5;
42bb: 24a5;
42bc: 23a5;
42bd: 24a5;
42be: 24a5;
42bf: 24a5;
42c0: 24a5;
42c1: 24a5;
42c2: 23a5;
42c3: 23a5;
42c4: 24b5;
42c5: 23a5;
42c6: 23a4;
42c7: 23b4;
42c8: 24a3;
42c9: 24a3;
42ca: 24b2;
42cb: 23a2;
42cc: 24a1;
42cd: 00f0;
42ce: 0000;
42cf: 0000;
42d0: 0000;
42d1: 0000;
42d2: 0000;
42d3: 0000;
42d4: 0000;
42d5: 0000;
42d6: 0000;
42d7: 0000;
42d8: 0000;
42d9: 0000;
42da: 0000;
42db: 0000;
42dc: 0000;
42dd: 0000;
42de: 0000;
42df: 0000;
42e0: 0000;
42e1: 0000;
42e2: 0000;
42e3: 0000;
42e4: 0000;
42e5: 0000;
42e6: 0000;
42e7: 0000;
42e8: 0000;
42e9: 0000;
42ea: 0000;
42eb: 0000;
42ec: 0000;
42ed: 0000;
42ee: 0000;
42ef: 0000;
42f0: 0000;
42f1: 0000;
42f2: 0000;
42f3: 0000;
42f4: 0000;
42f5: 0000;
42f6: 0000;
42f7: 0000;
42f8: 0000;
42f9: 0000;
42fa: 0000;
42fb: 0000;
42fc: 0000;
42fd: 0000;
42fe: 0000;
42ff: 0000;
4300: 0000;
4301: 0000;
4302: 0000;
4303: 0000;
4304: 0000;
4305: 0000;
4306: 0000;
4307: 0000;
4308: 0000;
4309: 0000;
430a: 0000;
430b: 0000;
430c: 0000;
430d: 0000;
430e: 0000;
430f: 0000;
4310: 0000;
4311: 0000;
4312: 0000;
4313: 0000;
4314: 0000;
4315: 0000;
4316: 0000;
4317: 0000;
4318: 0000;
4319: 0000;
431a: 0000;
431b: 0000;
431c: 0000;
431d: 0000;
431e: 0000;
431f: 0000;
4320: 0000;
4321: 0000;
4322: 0000;
4323: 0000;
4324: 0000;
4325: 0000;
4326: 0000;
4327: 0000;
4328: 0000;
4329: 0000;
432a: 0000;
432b: 0000;
432c: 0000;
432d: 0000;
432e: 0000;
432f: 0000;
4330: 0000;
4331: 0000;
4332: 0000;
4333: 0000;
4334: 0000;
4335: 0000;
4336: 0000;
4337: 0000;
4338: 0000;
4339: 0000;
433a: 0000;
433b: 0000;
433c: 0000;
433d: 0000;
433e: 0000;
433f: 0000;
4340: 0000;
4341: 0000;
4342: 0000;
4343: 0000;
4344: 0000;
4345: 0000;
4346: 0000;
4347: 0000;
4348: 0000;
4349: 0000;
434a: 0000;
434b: 0000;
434c: 0000;
434d: 0000;
434e: 0000;
434f: 0000;
4350: 0000;
4351: 0000;
4352: 0000;
4353: 0000;
4354: 0000;
4355: 0000;
4356: 0000;
4357: 0000;
4358: 0000;
4359: 0000;
435a: 0000;
435b: 0000;
435c: 0000;
435d: 0000;
435e: 0000;
435f: 0000;
4360: 0000;
4361: 0000;
4362: 0000;
4363: 0000;
4364: 0000;
4365: 0000;
4366: 0000;
4367: 0000;
4368: 0000;
4369: 0000;
436a: 0000;
436b: 0000;
436c: 0000;
436d: 0000;
436e: 0000;
436f: 0000;
4370: 0000;
4371: 0000;
4372: 0000;
4373: 24a3;
4374: 23ae;
4375: 24bf;
4376: 23af;
4377: 23af;
4378: 23af;
4379: 23af;
437a: 23af;
437b: 23af;
437c: 23af;
437d: 23af;
437e: 23af;
437f: 23af;
4380: 23af;
4381: 23bf;
4382: 24bf;
4383: 23aa;
4384: 24a1;
4385: 0000;
4386: 0000;
4387: 0000;
4388: 0000;
4389: 0000;
438a: 0000;
438b: 0000;
438c: 0000;
438d: 0000;
438e: 0000;
438f: 0000;
4390: 0000;
4391: 0000;
4392: 0000;
4393: 0000;
4394: 0000;
4395: 0000;
4396: 0000;
4397: 0000;
4398: 0000;
4399: 0000;
439a: 0000;
439b: 0000;
439c: 0000;
439d: 0000;
439e: 0000;
439f: 0000;
43a0: 0000;
43a1: 0000;
43a2: 0000;
43a3: 0000;
43a4: 0000;
43a5: 0000;
43a6: 0000;
43a7: 0000;
43a8: 0000;
43a9: 0000;
43aa: 0000;
43ab: 0000;
43ac: 0000;
43ad: 0000;
43ae: 0000;
43af: 0000;
43b0: 0000;
43b1: 0000;
43b2: 0000;
43b3: 0000;
43b4: 0000;
43b5: 0000;
43b6: 0000;
43b7: 0000;
43b8: 0000;
43b9: 0000;
43ba: 0000;
43bb: 0000;
43bc: 0000;
43bd: 0000;
43be: 0000;
43bf: 0000;
43c0: 0000;
43c1: 0000;
43c2: 0000;
43c3: 0000;
43c4: 0000;
43c5: 0000;
43c6: 0000;
43c7: 0000;
43c8: 0000;
43c9: 0000;
43ca: 0000;
43cb: 0000;
43cc: 0000;
43cd: 0000;
43ce: 0000;
43cf: 0000;
43d0: 0000;
43d1: 0000;
43d2: 0000;
43d3: 0000;
43d4: 0000;
43d5: 0000;
43d6: 0000;
43d7: 0000;
43d8: 0000;
43d9: 0000;
43da: 0000;
43db: 0000;
43dc: 0000;
43dd: 0000;
43de: 0000;
43df: 0000;
43e0: 0000;
43e1: 0000;
43e2: 0000;
43e3: 0000;
43e4: 0000;
43e5: 0000;
43e6: 0000;
43e7: 0000;
43e8: 0000;
43e9: 0000;
43ea: 0000;
43eb: 0000;
43ec: 0000;
43ed: 0000;
43ee: 0000;
43ef: 0000;
43f0: 0000;
43f1: 0000;
43f2: 0000;
43f3: 0000;
43f4: 0000;
43f5: 0000;
43f6: 0000;
43f7: 0000;
43f8: 0000;
43f9: 0000;
43fa: 0000;
43fb: 0000;
43fc: 0000;
43fd: 0000;
43fe: 0000;
43ff: 0000;
4400: 0000;
4401: 0000;
4402: 0000;
4403: 0000;
4404: 0000;
4405: 0000;
4406: 0000;
4407: 0000;
4408: 0000;
4409: 0000;
440a: 0000;
440b: 0000;
440c: 0000;
440d: 0000;
440e: 0000;
440f: 0000;
4410: 0000;
4411: 0000;
4412: 0000;
4413: 0000;
4414: 0000;
4415: 0000;
4416: 0000;
4417: 0000;
4418: 0000;
4419: 0000;
441a: 0000;
441b: 0000;
441c: 0000;
441d: 0000;
441e: 0000;
441f: 0000;
4420: 0000;
4421: 0000;
4422: 0000;
4423: 0000;
4424: 0000;
4425: 0000;
4426: 0000;
4427: 0000;
4428: 0000;
4429: 0000;
442a: 0000;
442b: 0000;
442c: 0000;
442d: 0000;
442e: 0000;
442f: 0000;
4430: 0000;
4431: 0000;
4432: 0000;
4433: 0000;
4434: 0000;
4435: 0000;
4436: 0000;
4437: 0000;
4438: 0000;
4439: 0000;
443a: 0000;
443b: 0000;
443c: 0000;
443d: 0000;
443e: 0000;
443f: 0000;
4440: 0000;
4441: 0000;
4442: 0000;
4443: 0000;
4444: 0000;
4445: 0000;
4446: 0000;
4447: 0000;
4448: 0000;
4449: 0000;
444a: 0000;
444b: 0000;
444c: 0000;
444d: 0000;
444e: 0000;
444f: 0000;
4450: 0000;
4451: 0000;
4452: 0000;
4453: 0000;
4454: 0000;
4455: 0000;
4456: 0000;
4457: 0000;
4458: 0000;
4459: 0000;
445a: 0000;
445b: 0000;
445c: 0000;
445d: 0000;
445e: 0000;
445f: 0000;
4460: 0000;
4461: 0000;
4462: 0000;
4463: 0000;
4464: 0000;
4465: 0000;
4466: 0000;
4467: 0000;
4468: 0000;
4469: 0000;
446a: 0000;
446b: 0000;
446c: 0000;
446d: 0000;
446e: 0000;
446f: 0000;
4470: 0000;
4471: 0000;
4472: 0000;
4473: 2490;
4474: 23ab;
4475: 24bf;
4476: 23af;
4477: 23af;
4478: 23af;
4479: 23af;
447a: 23af;
447b: 23af;
447c: 23af;
447d: 23af;
447e: 23af;
447f: 23af;
4480: 23af;
4481: 24bf;
4482: 23ab;
4483: 23a2;
4484: 0000;
4485: 0000;
4486: 0000;
4487: 0000;
4488: 0000;
4489: 0000;
448a: 0000;
448b: 0000;
448c: 0000;
448d: 0000;
448e: 0000;
448f: 0000;
4490: 0000;
4491: 0000;
4492: 0000;
4493: 0000;
4494: 0000;
4495: 0000;
4496: 0000;
4497: 0000;
4498: 0000;
4499: 0000;
449a: 0000;
449b: 0000;
449c: 0000;
449d: 0000;
449e: 0000;
449f: 0000;
44a0: 0000;
44a1: 0000;
44a2: 0000;
44a3: 0000;
44a4: 0000;
44a5: 0000;
44a6: 0000;
44a7: 0000;
44a8: 0000;
44a9: 0000;
44aa: 0000;
44ab: 0000;
44ac: 0000;
44ad: 0000;
44ae: 0000;
44af: 0000;
44b0: 0000;
44b1: 0000;
44b2: 0000;
44b3: 0000;
44b4: 0000;
44b5: 0000;
44b6: 0000;
44b7: 0000;
44b8: 0000;
44b9: 0000;
44ba: 0000;
44bb: 0000;
44bc: 0000;
44bd: 0000;
44be: 0000;
44bf: 0000;
44c0: 0000;
44c1: 0000;
44c2: 0000;
44c3: 0000;
44c4: 0000;
44c5: 0000;
44c6: 0000;
44c7: 0000;
44c8: 0000;
44c9: 0000;
44ca: 0000;
44cb: 0000;
44cc: 0000;
44cd: 0000;
44ce: 0000;
44cf: 0000;
44d0: 0000;
44d1: 0000;
44d2: 0000;
44d3: 0000;
44d4: 0000;
44d5: 0000;
44d6: 0000;
44d7: 0000;
44d8: 0000;
44d9: 0000;
44da: 0000;
44db: 0000;
44dc: 0000;
44dd: 0000;
44de: 0000;
44df: 0000;
44e0: 0000;
44e1: 0000;
44e2: 0000;
44e3: 0000;
44e4: 0000;
44e5: 0000;
44e6: 0000;
44e7: 0000;
44e8: 0000;
44e9: 0000;
44ea: 0000;
44eb: 0000;
44ec: 0000;
44ed: 0000;
44ee: 0000;
44ef: 0000;
44f0: 0000;
44f1: 0000;
44f2: 0000;
44f3: 0000;
44f4: 0000;
44f5: 0000;
44f6: 0000;
44f7: 0000;
44f8: 0000;
44f9: 0000;
44fa: 0000;
44fb: 0000;
44fc: 0000;
44fd: 0000;
44fe: 0000;
44ff: 0000;
4500: 0000;
4501: 0000;
4502: 0000;
4503: 0000;
4504: 0000;
4505: 0000;
4506: 0000;
4507: 0000;
4508: 0000;
4509: 0000;
450a: 0000;
450b: 0000;
450c: 0000;
450d: 0000;
450e: 0000;
450f: 0000;
4510: 0000;
4511: 0000;
4512: 0000;
4513: 0000;
4514: 0000;
4515: 0000;
4516: 0000;
4517: 0000;
4518: 0000;
4519: 0000;
451a: 0000;
451b: 0000;
451c: 0000;
451d: 0000;
451e: 0000;
451f: 0000;
4520: 0000;
4521: 0000;
4522: 0000;
4523: 0000;
4524: 0000;
4525: 0000;
4526: 0000;
4527: 0000;
4528: 0000;
4529: 0000;
452a: 0000;
452b: 0000;
452c: 0000;
452d: 0000;
452e: 0000;
452f: 0000;
4530: 0000;
4531: 0000;
4532: 0000;
4533: 0000;
4534: 0000;
4535: 0000;
4536: 0000;
4537: 0000;
4538: 0000;
4539: 0000;
453a: 0000;
453b: 0000;
453c: 0000;
453d: 0000;
453e: 0000;
453f: 0000;
4540: 0000;
4541: 0000;
4542: 0000;
4543: 0000;
4544: 0000;
4545: 0000;
4546: 0000;
4547: 0000;
4548: 0000;
4549: 0000;
454a: 0000;
454b: 0000;
454c: 0000;
454d: 0000;
454e: 0000;
454f: 0000;
4550: 0000;
4551: 0000;
4552: 0000;
4553: 0000;
4554: 0000;
4555: 0000;
4556: 0000;
4557: 0000;
4558: 0000;
4559: 0000;
455a: 0000;
455b: 0000;
455c: 0000;
455d: 0000;
455e: 0000;
455f: 0000;
4560: 0000;
4561: 0000;
4562: 0000;
4563: 0000;
4564: 0000;
4565: 0000;
4566: 0000;
4567: 0000;
4568: 0000;
4569: 0000;
456a: 0000;
456b: 0000;
456c: 0000;
456d: 0000;
456e: 0000;
456f: 0000;
4570: 0000;
4571: 0000;
4572: 0000;
4573: 0000;
4574: 23a6;
4575: 24bf;
4576: 23af;
4577: 23af;
4578: 23af;
4579: 23af;
457a: 23af;
457b: 23af;
457c: 23af;
457d: 23af;
457e: 23af;
457f: 23bf;
4580: 24bf;
4581: 23ac;
4582: 23a2;
4583: 0000;
4584: 0000;
4585: 0000;
4586: 0000;
4587: 0000;
4588: 0000;
4589: 0000;
458a: 0000;
458b: 0000;
458c: 0000;
458d: 0000;
458e: 0000;
458f: 0000;
4590: 0000;
4591: 0000;
4592: 0000;
4593: 0000;
4594: 0000;
4595: 0000;
4596: 0000;
4597: 0000;
4598: 0000;
4599: 0000;
459a: 0000;
459b: 0000;
459c: 0000;
459d: 0000;
459e: 0000;
459f: 0000;
45a0: 0000;
45a1: 0000;
45a2: 0000;
45a3: 0000;
45a4: 0000;
45a5: 0000;
45a6: 0000;
45a7: 0000;
45a8: 0000;
45a9: 0000;
45aa: 0000;
45ab: 0000;
45ac: 0000;
45ad: 0000;
45ae: 0000;
45af: 0000;
45b0: 0000;
45b1: 0000;
45b2: 0000;
45b3: 0000;
45b4: 0000;
45b5: 0000;
45b6: 0000;
45b7: 0000;
45b8: 0000;
45b9: 0000;
45ba: 0000;
45bb: 0000;
45bc: 0000;
45bd: 0000;
45be: 0000;
45bf: 0000;
45c0: 0000;
45c1: 0000;
45c2: 0000;
45c3: 0000;
45c4: 0000;
45c5: 0000;
45c6: 0000;
45c7: 0000;
45c8: 0000;
45c9: 0000;
45ca: 0000;
45cb: 0000;
45cc: 0000;
45cd: 0000;
45ce: 0000;
45cf: 0000;
45d0: 0000;
45d1: 0000;
45d2: 0000;
45d3: 0000;
45d4: 0000;
45d5: 0000;
45d6: 0000;
45d7: 0000;
45d8: 0000;
45d9: 0000;
45da: 0000;
45db: 0000;
45dc: 0000;
45dd: 0000;
45de: 0000;
45df: 0000;
45e0: 0000;
45e1: 0000;
45e2: 0000;
45e3: 0000;
45e4: 0000;
45e5: 0000;
45e6: 0000;
45e7: 0000;
45e8: 0000;
45e9: 0000;
45ea: 0000;
45eb: 0000;
45ec: 0000;
45ed: 0000;
45ee: 0000;
45ef: 0000;
45f0: 0000;
45f1: 0000;
45f2: 0000;
45f3: 0000;
45f4: 0000;
45f5: 0000;
45f6: 0000;
45f7: 0000;
45f8: 0000;
45f9: 0000;
45fa: 0000;
45fb: 0000;
45fc: 0000;
45fd: 0000;
45fe: 0000;
45ff: 0000;
4600: 0000;
4601: 0000;
4602: 0000;
4603: 0000;
4604: 0000;
4605: 0000;
4606: 0000;
4607: 0000;
4608: 0000;
4609: 0000;
460a: 0000;
460b: 0000;
460c: 0000;
460d: 0000;
460e: 0000;
460f: 0000;
4610: 0000;
4611: 0000;
4612: 0000;
4613: 0000;
4614: 0000;
4615: 0000;
4616: 0000;
4617: 0000;
4618: 0000;
4619: 0000;
461a: 0000;
461b: 0000;
461c: 0000;
461d: 0000;
461e: 0000;
461f: 0000;
4620: 0000;
4621: 0000;
4622: 0000;
4623: 0000;
4624: 0000;
4625: 0000;
4626: 0000;
4627: 0000;
4628: 0000;
4629: 0000;
462a: 0000;
462b: 0000;
462c: 0000;
462d: 0000;
462e: 0000;
462f: 0000;
4630: 0000;
4631: 0000;
4632: 0000;
4633: 0000;
4634: 0000;
4635: 0000;
4636: 0000;
4637: 0000;
4638: 0000;
4639: 0000;
463a: 0000;
463b: 0000;
463c: 0000;
463d: 0000;
463e: 0000;
463f: 0000;
4640: 0000;
4641: 0000;
4642: 0000;
4643: 0000;
4644: 0000;
4645: 0000;
4646: 0000;
4647: 0000;
4648: 0000;
4649: 0000;
464a: 0000;
464b: 0000;
464c: 0000;
464d: 0000;
464e: 0000;
464f: 0000;
4650: 0000;
4651: 0000;
4652: 0000;
4653: 0000;
4654: 0000;
4655: 0000;
4656: 0000;
4657: 0000;
4658: 0000;
4659: 0000;
465a: 0000;
465b: 0000;
465c: 0000;
465d: 0000;
465e: 0000;
465f: 0000;
4660: 0000;
4661: 0000;
4662: 0000;
4663: 0000;
4664: 0000;
4665: 0000;
4666: 0000;
4667: 0000;
4668: 0000;
4669: 0000;
466a: 0000;
466b: 0000;
466c: 0000;
466d: 0000;
466e: 0000;
466f: 0000;
4670: 0000;
4671: 0000;
4672: 0000;
4673: 0000;
4674: 23a3;
4675: 23ad;
4676: 24bf;
4677: 23af;
4678: 23af;
4679: 23af;
467a: 23af;
467b: 23af;
467c: 23af;
467d: 23af;
467e: 23bf;
467f: 24bf;
4680: 23ad;
4681: 23b3;
4682: 0000;
4683: 0000;
4684: 0000;
4685: 0000;
4686: 0000;
4687: 0000;
4688: 0000;
4689: 0000;
468a: 0000;
468b: 0000;
468c: 0000;
468d: 0000;
468e: 0000;
468f: 0000;
4690: 0000;
4691: 0000;
4692: 0000;
4693: 0000;
4694: 0000;
4695: 0000;
4696: 0000;
4697: 0000;
4698: 0000;
4699: 0000;
469a: 0000;
469b: 0000;
469c: 0000;
469d: 0000;
469e: 0000;
469f: 0000;
46a0: 0000;
46a1: 0000;
46a2: 0000;
46a3: 0000;
46a4: 0000;
46a5: 0000;
46a6: 0000;
46a7: 0000;
46a8: 0000;
46a9: 0000;
46aa: 0000;
46ab: 0000;
46ac: 0000;
46ad: 0000;
46ae: 0000;
46af: 0000;
46b0: 0000;
46b1: 0000;
46b2: 0000;
46b3: 0000;
46b4: 0000;
46b5: 0000;
46b6: 0000;
46b7: 0000;
46b8: 0000;
46b9: 0000;
46ba: 0000;
46bb: 0000;
46bc: 0000;
46bd: 0000;
46be: 0000;
46bf: 0000;
46c0: 0000;
46c1: 0000;
46c2: 0000;
46c3: 0000;
46c4: 0000;
46c5: 0000;
46c6: 0000;
46c7: 0000;
46c8: 0000;
46c9: 0000;
46ca: 0000;
46cb: 0000;
46cc: 0000;
46cd: 0000;
46ce: 0000;
46cf: 0000;
46d0: 0000;
46d1: 0000;
46d2: 0000;
46d3: 0000;
46d4: 0000;
46d5: 0000;
46d6: 0000;
46d7: 0000;
46d8: 0000;
46d9: 0000;
46da: 0000;
46db: 0000;
46dc: 0000;
46dd: 0000;
46de: 0000;
46df: 0000;
46e0: 0000;
46e1: 0000;
46e2: 0000;
46e3: 0000;
46e4: 0000;
46e5: 0000;
46e6: 0000;
46e7: 0000;
46e8: 0000;
46e9: 0000;
46ea: 0000;
46eb: 0000;
46ec: 0000;
46ed: 0000;
46ee: 0000;
46ef: 0000;
46f0: 0000;
46f1: 0000;
46f2: 0000;
46f3: 0000;
46f4: 0000;
46f5: 0000;
46f6: 0000;
46f7: 0000;
46f8: 0000;
46f9: 0000;
46fa: 0000;
46fb: 0000;
46fc: 0000;
46fd: 0000;
46fe: 0000;
46ff: 0000;
4700: 0000;
4701: 0000;
4702: 0000;
4703: 0000;
4704: 0000;
4705: 0000;
4706: 0000;
4707: 0000;
4708: 0000;
4709: 0000;
470a: 0000;
470b: 0000;
470c: 0000;
470d: 0000;
470e: 0000;
470f: 0000;
4710: 0000;
4711: 0000;
4712: 0000;
4713: 0000;
4714: 0000;
4715: 0000;
4716: 0000;
4717: 0000;
4718: 0000;
4719: 0000;
471a: 0000;
471b: 0000;
471c: 0000;
471d: 0000;
471e: 0000;
471f: 0000;
4720: 0000;
4721: 0000;
4722: 0000;
4723: 0000;
4724: 0000;
4725: 0000;
4726: 0000;
4727: 0000;
4728: 0000;
4729: 0000;
472a: 0000;
472b: 0000;
472c: 0000;
472d: 0000;
472e: 0000;
472f: 0000;
4730: 0000;
4731: 0000;
4732: 0000;
4733: 0000;
4734: 0000;
4735: 0000;
4736: 0000;
4737: 0000;
4738: 0000;
4739: 0000;
473a: 0000;
473b: 0000;
473c: 0000;
473d: 0000;
473e: 0000;
473f: 0000;
4740: 0000;
4741: 0000;
4742: 0000;
4743: 0000;
4744: 0000;
4745: 0000;
4746: 0000;
4747: 0000;
4748: 0000;
4749: 0000;
474a: 0000;
474b: 0000;
474c: 0000;
474d: 0000;
474e: 0000;
474f: 0000;
4750: 0000;
4751: 0000;
4752: 0000;
4753: 0000;
4754: 0000;
4755: 0000;
4756: 0000;
4757: 0000;
4758: 0000;
4759: 0000;
475a: 0000;
475b: 0000;
475c: 0000;
475d: 0000;
475e: 0000;
475f: 0000;
4760: 0000;
4761: 0000;
4762: 0000;
4763: 0000;
4764: 0000;
4765: 0000;
4766: 0000;
4767: 0000;
4768: 0000;
4769: 0000;
476a: 0000;
476b: 0000;
476c: 0000;
476d: 0000;
476e: 0000;
476f: 0000;
4770: 0000;
4771: 0000;
4772: 0000;
4773: 0000;
4774: 24b0;
4775: 23aa;
4776: 24bf;
4777: 23af;
4778: 23af;
4779: 23af;
477a: 23af;
477b: 23af;
477c: 23af;
477d: 23af;
477e: 24bf;
477f: 23ae;
4780: 23a4;
4781: 0000;
4782: 0000;
4783: 0000;
4784: 0000;
4785: 0000;
4786: 0000;
4787: 0000;
4788: 0000;
4789: 0000;
478a: 0000;
478b: 0000;
478c: 0000;
478d: 0000;
478e: 0000;
478f: 0000;
4790: 0000;
4791: 0000;
4792: 0000;
4793: 0000;
4794: 0000;
4795: 0000;
4796: 0000;
4797: 0000;
4798: 0000;
4799: 0000;
479a: 0000;
479b: 0000;
479c: 0000;
479d: 0000;
479e: 0000;
479f: 0000;
47a0: 0000;
47a1: 0000;
47a2: 0000;
47a3: 0000;
47a4: 0000;
47a5: 0000;
47a6: 0000;
47a7: 0000;
47a8: 0000;
47a9: 0000;
47aa: 0000;
47ab: 0000;
47ac: 0000;
47ad: 0000;
47ae: 0000;
47af: 0000;
47b0: 0000;
47b1: 0000;
47b2: 0000;
47b3: 0000;
47b4: 0000;
47b5: 0000;
47b6: 0000;
47b7: 0000;
47b8: 0000;
47b9: 0000;
47ba: 0000;
47bb: 0000;
47bc: 0000;
47bd: 0000;
47be: 0000;
47bf: 0000;
47c0: 0000;
47c1: 0000;
47c2: 0000;
47c3: 0000;
47c4: 0000;
47c5: 0000;
47c6: 0000;
47c7: 0000;
47c8: 0000;
47c9: 0000;
47ca: 0000;
47cb: 0000;
47cc: 0000;
47cd: 0000;
47ce: 0000;
47cf: 0000;
47d0: 0000;
47d1: 0000;
47d2: 0000;
47d3: 0000;
47d4: 0000;
47d5: 0000;
47d6: 0000;
47d7: 0000;
47d8: 0000;
47d9: 0000;
47da: 0000;
47db: 0000;
47dc: 0000;
47dd: 0000;
47de: 0000;
47df: 0000;
47e0: 0000;
47e1: 0000;
47e2: 0000;
47e3: 0000;
47e4: 0000;
47e5: 0000;
47e6: 0000;
47e7: 0000;
47e8: 0000;
47e9: 0000;
47ea: 0000;
47eb: 0000;
47ec: 0000;
47ed: 0000;
47ee: 0000;
47ef: 0000;
47f0: 0000;
47f1: 0000;
47f2: 0000;
47f3: 0000;
47f4: 0000;
47f5: 0000;
47f6: 0000;
47f7: 0000;
47f8: 0000;
47f9: 0000;
47fa: 0000;
47fb: 0000;
47fc: 0000;
47fd: 0000;
47fe: 0000;
47ff: 0000;
4800: 0000;
4801: 0000;
4802: 0000;
4803: 0000;
4804: 0000;
4805: 0000;
4806: 0000;
4807: 0000;
4808: 0000;
4809: 0000;
480a: 0000;
480b: 0000;
480c: 0000;
480d: 0000;
480e: 0000;
480f: 0000;
4810: 0000;
4811: 0000;
4812: 0000;
4813: 0000;
4814: 0000;
4815: 0000;
4816: 0000;
4817: 0000;
4818: 0000;
4819: 0000;
481a: 0000;
481b: 0000;
481c: 0000;
481d: 0000;
481e: 0000;
481f: 0000;
4820: 0000;
4821: 0000;
4822: 0000;
4823: 0000;
4824: 0000;
4825: 0000;
4826: 0000;
4827: 0000;
4828: 0000;
4829: 0000;
482a: 0000;
482b: 0000;
482c: 0000;
482d: 0000;
482e: 0000;
482f: 0000;
4830: 0000;
4831: 0000;
4832: 0000;
4833: 0000;
4834: 0000;
4835: 0000;
4836: 0000;
4837: 0000;
4838: 0000;
4839: 0000;
483a: 0000;
483b: 0000;
483c: 0000;
483d: 0000;
483e: 0000;
483f: 0000;
4840: 0000;
4841: 0000;
4842: 0000;
4843: 0000;
4844: 0000;
4845: 0000;
4846: 0000;
4847: 0000;
4848: 0000;
4849: 0000;
484a: 0000;
484b: 0000;
484c: 0000;
484d: 0000;
484e: 0000;
484f: 0000;
4850: 0000;
4851: 0000;
4852: 0000;
4853: 0000;
4854: 0000;
4855: 0000;
4856: 0000;
4857: 0000;
4858: 0000;
4859: 0000;
485a: 0000;
485b: 0000;
485c: 0000;
485d: 0000;
485e: 0000;
485f: 0000;
4860: 0000;
4861: 0000;
4862: 0000;
4863: 0000;
4864: 0000;
4865: 0000;
4866: 0000;
4867: 0000;
4868: 0000;
4869: 0000;
486a: 0000;
486b: 0000;
486c: 0000;
486d: 0000;
486e: 0000;
486f: 0000;
4870: 0000;
4871: 0000;
4872: 0000;
4873: 0000;
4874: 0000;
4875: 23a6;
4876: 23bf;
4877: 23bf;
4878: 23af;
4879: 23af;
487a: 23af;
487b: 23af;
487c: 23af;
487d: 24bf;
487e: 23be;
487f: 23b5;
4880: 0000;
4881: 0000;
4882: 0000;
4883: 0000;
4884: 0000;
4885: 0000;
4886: 0000;
4887: 0000;
4888: 0000;
4889: 0000;
488a: 0000;
488b: 0000;
488c: 0000;
488d: 0000;
488e: 0000;
488f: 0000;
4890: 0000;
4891: 0000;
4892: 0000;
4893: 0000;
4894: 0000;
4895: 0000;
4896: 0000;
4897: 0000;
4898: 0000;
4899: 0000;
489a: 0000;
489b: 0000;
489c: 0000;
489d: 0000;
489e: 0000;
489f: 0000;
48a0: 0000;
48a1: 0000;
48a2: 0000;
48a3: 0000;
48a4: 0000;
48a5: 0000;
48a6: 0000;
48a7: 0000;
48a8: 0000;
48a9: 0000;
48aa: 0000;
48ab: 0000;
48ac: 0000;
48ad: 0000;
48ae: 0000;
48af: 0000;
48b0: 0000;
48b1: 0000;
48b2: 0000;
48b3: 0000;
48b4: 0000;
48b5: 0000;
48b6: 0000;
48b7: 0000;
48b8: 0000;
48b9: 0000;
48ba: 0000;
48bb: 0000;
48bc: 0000;
48bd: 0000;
48be: 0000;
48bf: 0000;
48c0: 0000;
48c1: 0000;
48c2: 0000;
48c3: 0000;
48c4: 0000;
48c5: 0000;
48c6: 0000;
48c7: 0000;
48c8: 0000;
48c9: 0000;
48ca: 0000;
48cb: 0000;
48cc: 0000;
48cd: 0000;
48ce: 0000;
48cf: 0000;
48d0: 0000;
48d1: 0000;
48d2: 0000;
48d3: 0000;
48d4: 0000;
48d5: 0000;
48d6: 0000;
48d7: 0000;
48d8: 0000;
48d9: 0000;
48da: 0000;
48db: 0000;
48dc: 0000;
48dd: 0000;
48de: 0000;
48df: 0000;
48e0: 0000;
48e1: 0000;
48e2: 0000;
48e3: 0000;
48e4: 0000;
48e5: 0000;
48e6: 0000;
48e7: 0000;
48e8: 0000;
48e9: 0000;
48ea: 0000;
48eb: 0000;
48ec: 0000;
48ed: 0000;
48ee: 0000;
48ef: 0000;
48f0: 0000;
48f1: 0000;
48f2: 0000;
48f3: 0000;
48f4: 0000;
48f5: 0000;
48f6: 0000;
48f7: 0000;
48f8: 0000;
48f9: 0000;
48fa: 0000;
48fb: 0000;
48fc: 0000;
48fd: 0000;
48fe: 0000;
48ff: 0000;
4900: 0000;
4901: 0000;
4902: 0000;
4903: 0000;
4904: 0000;
4905: 0000;
4906: 0000;
4907: 0000;
4908: 0000;
4909: 0000;
490a: 0000;
490b: 0000;
490c: 0000;
490d: 0000;
490e: 0000;
490f: 0000;
4910: 0000;
4911: 0000;
4912: 0000;
4913: 0000;
4914: 0000;
4915: 0000;
4916: 0000;
4917: 0000;
4918: 0000;
4919: 0000;
491a: 0000;
491b: 0000;
491c: 0000;
491d: 0000;
491e: 0000;
491f: 0000;
4920: 0000;
4921: 0000;
4922: 0000;
4923: 0000;
4924: 0000;
4925: 0000;
4926: 0000;
4927: 0000;
4928: 0000;
4929: 0000;
492a: 0000;
492b: 0000;
492c: 0000;
492d: 0000;
492e: 0000;
492f: 0000;
4930: 0000;
4931: 0000;
4932: 0000;
4933: 0000;
4934: 0000;
4935: 0000;
4936: 0000;
4937: 0000;
4938: 0000;
4939: 0000;
493a: 0000;
493b: 0000;
493c: 0000;
493d: 0000;
493e: 0000;
493f: 0000;
4940: 0000;
4941: 0000;
4942: 0000;
4943: 0000;
4944: 0000;
4945: 0000;
4946: 0000;
4947: 0000;
4948: 0000;
4949: 0000;
494a: 0000;
494b: 0000;
494c: 0000;
494d: 0000;
494e: 0000;
494f: 0000;
4950: 0000;
4951: 0000;
4952: 0000;
4953: 0000;
4954: 0000;
4955: 0000;
4956: 0000;
4957: 0000;
4958: 0000;
4959: 0000;
495a: 0000;
495b: 0000;
495c: 0000;
495d: 0000;
495e: 0000;
495f: 0000;
4960: 0000;
4961: 0000;
4962: 0000;
4963: 0000;
4964: 0000;
4965: 0000;
4966: 0000;
4967: 0000;
4968: 0000;
4969: 0000;
496a: 0000;
496b: 0000;
496c: 0000;
496d: 0000;
496e: 0000;
496f: 0000;
4970: 0000;
4971: 0000;
4972: 0000;
4973: 0000;
4974: 0000;
4975: 24b2;
4976: 23ac;
4977: 24bf;
4978: 23af;
4979: 23af;
497a: 23af;
497b: 23af;
497c: 24bf;
497d: 24be;
497e: 23a7;
497f: 0000;
4980: 0000;
4981: 0000;
4982: 0000;
4983: 0000;
4984: 0000;
4985: 0000;
4986: 0000;
4987: 0000;
4988: 0000;
4989: 0000;
498a: 0000;
498b: 0000;
498c: 0000;
498d: 0000;
498e: 0000;
498f: 0000;
4990: 0000;
4991: 0000;
4992: 0000;
4993: 0000;
4994: 0000;
4995: 0000;
4996: 0000;
4997: 0000;
4998: 0000;
4999: 0000;
499a: 0000;
499b: 0000;
499c: 0000;
499d: 0000;
499e: 0000;
499f: 0000;
49a0: 0000;
49a1: 0000;
49a2: 0000;
49a3: 0000;
49a4: 0000;
49a5: 0000;
49a6: 0000;
49a7: 0000;
49a8: 0000;
49a9: 0000;
49aa: 0000;
49ab: 0000;
49ac: 0000;
49ad: 0000;
49ae: 0000;
49af: 0000;
49b0: 0000;
49b1: 0000;
49b2: 0000;
49b3: 0000;
49b4: 0000;
49b5: 0000;
49b6: 0000;
49b7: 0000;
49b8: 0000;
49b9: 0000;
49ba: 0000;
49bb: 0000;
49bc: 0000;
49bd: 0000;
49be: 0000;
49bf: 0000;
49c0: 0000;
49c1: 0000;
49c2: 0000;
49c3: 0000;
49c4: 0000;
49c5: 0000;
49c6: 0000;
49c7: 0000;
49c8: 0000;
49c9: 0000;
49ca: 0000;
49cb: 0000;
49cc: 0000;
49cd: 0000;
49ce: 0000;
49cf: 0000;
49d0: 0000;
49d1: 0000;
49d2: 0000;
49d3: 0000;
49d4: 0000;
49d5: 0000;
49d6: 0000;
49d7: 0000;
49d8: 0000;
49d9: 0000;
49da: 0000;
49db: 0000;
49dc: 0000;
49dd: 0000;
49de: 0000;
49df: 0000;
49e0: 0000;
49e1: 0000;
49e2: 0000;
49e3: 0000;
49e4: 0000;
49e5: 0000;
49e6: 0000;
49e7: 0000;
49e8: 0000;
49e9: 0000;
49ea: 0000;
49eb: 0000;
49ec: 0000;
49ed: 0000;
49ee: 0000;
49ef: 0000;
49f0: 0000;
49f1: 0000;
49f2: 0000;
49f3: 0000;
49f4: 0000;
49f5: 0000;
49f6: 0000;
49f7: 0000;
49f8: 0000;
49f9: 0000;
49fa: 0000;
49fb: 0000;
49fc: 0000;
49fd: 0000;
49fe: 0000;
49ff: 0000;
4a00: 0000;
4a01: 0000;
4a02: 0000;
4a03: 0000;
4a04: 0000;
4a05: 0000;
4a06: 0000;
4a07: 0000;
4a08: 0000;
4a09: 0000;
4a0a: 0000;
4a0b: 0000;
4a0c: 0000;
4a0d: 0000;
4a0e: 0000;
4a0f: 0000;
4a10: 0000;
4a11: 0000;
4a12: 0000;
4a13: 0000;
4a14: 0000;
4a15: 0000;
4a16: 0000;
4a17: 0000;
4a18: 0000;
4a19: 0000;
4a1a: 0000;
4a1b: 0000;
4a1c: 0000;
4a1d: 0000;
4a1e: 0000;
4a1f: 0000;
4a20: 0000;
4a21: 0000;
4a22: 0000;
4a23: 0000;
4a24: 0000;
4a25: 0000;
4a26: 0000;
4a27: 0000;
4a28: 0000;
4a29: 0000;
4a2a: 0000;
4a2b: 0000;
4a2c: 0000;
4a2d: 0000;
4a2e: 0000;
4a2f: 0000;
4a30: 0000;
4a31: 0000;
4a32: 0000;
4a33: 0000;
4a34: 0000;
4a35: 0000;
4a36: 0000;
4a37: 0000;
4a38: 0000;
4a39: 0000;
4a3a: 0000;
4a3b: 0000;
4a3c: 0000;
4a3d: 0000;
4a3e: 0000;
4a3f: 0000;
4a40: 0000;
4a41: 0000;
4a42: 0000;
4a43: 0000;
4a44: 0000;
4a45: 0000;
4a46: 0000;
4a47: 0000;
4a48: 0000;
4a49: 0000;
4a4a: 0000;
4a4b: 0000;
4a4c: 0000;
4a4d: 0000;
4a4e: 0000;
4a4f: 0000;
4a50: 0000;
4a51: 0000;
4a52: 0000;
4a53: 0000;
4a54: 0000;
4a55: 0000;
4a56: 0000;
4a57: 0000;
4a58: 0000;
4a59: 0000;
4a5a: 0000;
4a5b: 0000;
4a5c: 0000;
4a5d: 0000;
4a5e: 0000;
4a5f: 0000;
4a60: 0000;
4a61: 0000;
4a62: 0000;
4a63: 0000;
4a64: 0000;
4a65: 0000;
4a66: 0000;
4a67: 0000;
4a68: 0000;
4a69: 0000;
4a6a: 0000;
4a6b: 0000;
4a6c: 0000;
4a6d: 0000;
4a6e: 0000;
4a6f: 0000;
4a70: 0000;
4a71: 0000;
4a72: 0000;
4a73: 0000;
4a74: 0000;
4a75: 00f0;
4a76: 23a9;
4a77: 24bf;
4a78: 23bf;
4a79: 23af;
4a7a: 23af;
4a7b: 24bf;
4a7c: 24bf;
4a7d: 23a8;
4a7e: 33c0;
4a7f: 0000;
4a80: 0000;
4a81: 0000;
4a82: 0000;
4a83: 0000;
4a84: 0000;
4a85: 0000;
4a86: 0000;
4a87: 0000;
4a88: 0000;
4a89: 0000;
4a8a: 0000;
4a8b: 0000;
4a8c: 0000;
4a8d: 0000;
4a8e: 0000;
4a8f: 0000;
4a90: 0000;
4a91: 0000;
4a92: 0000;
4a93: 0000;
4a94: 0000;
4a95: 0000;
4a96: 0000;
4a97: 0000;
4a98: 0000;
4a99: 0000;
4a9a: 0000;
4a9b: 0000;
4a9c: 0000;
4a9d: 0000;
4a9e: 0000;
4a9f: 0000;
4aa0: 0000;
4aa1: 0000;
4aa2: 0000;
4aa3: 0000;
4aa4: 0000;
4aa5: 0000;
4aa6: 0000;
4aa7: 0000;
4aa8: 0000;
4aa9: 0000;
4aaa: 0000;
4aab: 0000;
4aac: 0000;
4aad: 0000;
4aae: 0000;
4aaf: 0000;
4ab0: 0000;
4ab1: 0000;
4ab2: 0000;
4ab3: 0000;
4ab4: 0000;
4ab5: 0000;
4ab6: 0000;
4ab7: 0000;
4ab8: 0000;
4ab9: 0000;
4aba: 0000;
4abb: 0000;
4abc: 0000;
4abd: 0000;
4abe: 0000;
4abf: 0000;
4ac0: 0000;
4ac1: 0000;
4ac2: 0000;
4ac3: 0000;
4ac4: 0000;
4ac5: 0000;
4ac6: 0000;
4ac7: 0000;
4ac8: 0000;
4ac9: 0000;
4aca: 0000;
4acb: 0000;
4acc: 0000;
4acd: 0000;
4ace: 0000;
4acf: 0000;
4ad0: 0000;
4ad1: 0000;
4ad2: 0000;
4ad3: 0000;
4ad4: 0000;
4ad5: 0000;
4ad6: 0000;
4ad7: 0000;
4ad8: 0000;
4ad9: 0000;
4ada: 0000;
4adb: 0000;
4adc: 0000;
4add: 0000;
4ade: 0000;
4adf: 0000;
4ae0: 0000;
4ae1: 0000;
4ae2: 0000;
4ae3: 0000;
4ae4: 0000;
4ae5: 0000;
4ae6: 0000;
4ae7: 0000;
4ae8: 0000;
4ae9: 0000;
4aea: 0000;
4aeb: 0000;
4aec: 0000;
4aed: 0000;
4aee: 0000;
4aef: 0000;
4af0: 0000;
4af1: 0000;
4af2: 0000;
4af3: 0000;
4af4: 0000;
4af5: 0000;
4af6: 0000;
4af7: 0000;
4af8: 0000;
4af9: 0000;
4afa: 0000;
4afb: 0000;
4afc: 0000;
4afd: 0000;
4afe: 0000;
4aff: 0000;
4b00: 0000;
4b01: 0000;
4b02: 0000;
4b03: 0000;
4b04: 0000;
4b05: 0000;
4b06: 0000;
4b07: 0000;
4b08: 0000;
4b09: 0000;
4b0a: 0000;
4b0b: 0000;
4b0c: 0000;
4b0d: 0000;
4b0e: 0000;
4b0f: 0000;
4b10: 0000;
4b11: 0000;
4b12: 0000;
4b13: 0000;
4b14: 0000;
4b15: 0000;
4b16: 0000;
4b17: 0000;
4b18: 0000;
4b19: 0000;
4b1a: 0000;
4b1b: 0000;
4b1c: 0000;
4b1d: 0000;
4b1e: 0000;
4b1f: 0000;
4b20: 0000;
4b21: 0000;
4b22: 0000;
4b23: 0000;
4b24: 0000;
4b25: 0000;
4b26: 0000;
4b27: 0000;
4b28: 0000;
4b29: 0000;
4b2a: 0000;
4b2b: 0000;
4b2c: 0000;
4b2d: 0000;
4b2e: 0000;
4b2f: 0000;
4b30: 0000;
4b31: 0000;
4b32: 0000;
4b33: 0000;
4b34: 0000;
4b35: 0000;
4b36: 0000;
4b37: 0000;
4b38: 0000;
4b39: 0000;
4b3a: 0000;
4b3b: 0000;
4b3c: 0000;
4b3d: 0000;
4b3e: 0000;
4b3f: 0000;
4b40: 0000;
4b41: 0000;
4b42: 0000;
4b43: 0000;
4b44: 0000;
4b45: 0000;
4b46: 0000;
4b47: 0000;
4b48: 0000;
4b49: 0000;
4b4a: 0000;
4b4b: 0000;
4b4c: 0000;
4b4d: 0000;
4b4e: 0000;
4b4f: 0000;
4b50: 0000;
4b51: 0000;
4b52: 0000;
4b53: 0000;
4b54: 0000;
4b55: 0000;
4b56: 0000;
4b57: 0000;
4b58: 0000;
4b59: 0000;
4b5a: 0000;
4b5b: 0000;
4b5c: 0000;
4b5d: 0000;
4b5e: 0000;
4b5f: 0000;
4b60: 0000;
4b61: 0000;
4b62: 0000;
4b63: 0000;
4b64: 0000;
4b65: 0000;
4b66: 0000;
4b67: 0000;
4b68: 0000;
4b69: 0000;
4b6a: 0000;
4b6b: 0000;
4b6c: 0000;
4b6d: 0000;
4b6e: 0000;
4b6f: 0000;
4b70: 0000;
4b71: 0000;
4b72: 0000;
4b73: 0000;
4b74: 0000;
4b75: 0000;
4b76: 23a5;
4b77: 23ae;
4b78: 24bf;
4b79: 23af;
4b7a: 23bf;
4b7b: 24bf;
4b7c: 23a9;
4b7d: 25c0;
4b7e: 0000;
4b7f: 0000;
4b80: 0000;
4b81: 0000;
4b82: 0000;
4b83: 0000;
4b84: 0000;
4b85: 0000;
4b86: 0000;
4b87: 0000;
4b88: 0000;
4b89: 0000;
4b8a: 0000;
4b8b: 0000;
4b8c: 0000;
4b8d: 0000;
4b8e: 0000;
4b8f: 0000;
4b90: 0000;
4b91: 0000;
4b92: 0000;
4b93: 0000;
4b94: 0000;
4b95: 0000;
4b96: 0000;
4b97: 0000;
4b98: 0000;
4b99: 0000;
4b9a: 0000;
4b9b: 0000;
4b9c: 0000;
4b9d: 0000;
4b9e: 0000;
4b9f: 0000;
4ba0: 0000;
4ba1: 0000;
4ba2: 0000;
4ba3: 0000;
4ba4: 0000;
4ba5: 0000;
4ba6: 0000;
4ba7: 0000;
4ba8: 0000;
4ba9: 0000;
4baa: 0000;
4bab: 0000;
4bac: 0000;
4bad: 0000;
4bae: 0000;
4baf: 0000;
4bb0: 0000;
4bb1: 0000;
4bb2: 0000;
4bb3: 0000;
4bb4: 0000;
4bb5: 0000;
4bb6: 0000;
4bb7: 0000;
4bb8: 0000;
4bb9: 0000;
4bba: 0000;
4bbb: 0000;
4bbc: 0000;
4bbd: 0000;
4bbe: 0000;
4bbf: 0000;
4bc0: 0000;
4bc1: 0000;
4bc2: 0000;
4bc3: 0000;
4bc4: 0000;
4bc5: 0000;
4bc6: 0000;
4bc7: 0000;
4bc8: 0000;
4bc9: 0000;
4bca: 0000;
4bcb: 0000;
4bcc: 0000;
4bcd: 0000;
4bce: 0000;
4bcf: 0000;
4bd0: 0000;
4bd1: 0000;
4bd2: 0000;
4bd3: 0000;
4bd4: 0000;
4bd5: 0000;
4bd6: 0000;
4bd7: 0000;
4bd8: 0000;
4bd9: 0000;
4bda: 0000;
4bdb: 0000;
4bdc: 0000;
4bdd: 0000;
4bde: 0000;
4bdf: 0000;
4be0: 0000;
4be1: 0000;
4be2: 0000;
4be3: 0000;
4be4: 0000;
4be5: 0000;
4be6: 0000;
4be7: 0000;
4be8: 0000;
4be9: 0000;
4bea: 0000;
4beb: 0000;
4bec: 0000;
4bed: 0000;
4bee: 0000;
4bef: 0000;
4bf0: 0000;
4bf1: 0000;
4bf2: 0000;
4bf3: 0000;
4bf4: 0000;
4bf5: 0000;
4bf6: 0000;
4bf7: 0000;
4bf8: 0000;
4bf9: 0000;
4bfa: 0000;
4bfb: 0000;
4bfc: 0000;
4bfd: 0000;
4bfe: 0000;
4bff: 0000;
4c00: 0000;
4c01: 0000;
4c02: 0000;
4c03: 0000;
4c04: 0000;
4c05: 0000;
4c06: 0000;
4c07: 0000;
4c08: 0000;
4c09: 0000;
4c0a: 0000;
4c0b: 0000;
4c0c: 0000;
4c0d: 0000;
4c0e: 0000;
4c0f: 0000;
4c10: 0000;
4c11: 0000;
4c12: 0000;
4c13: 0000;
4c14: 0000;
4c15: 0000;
4c16: 0000;
4c17: 0000;
4c18: 0000;
4c19: 0000;
4c1a: 0000;
4c1b: 0000;
4c1c: 0000;
4c1d: 0000;
4c1e: 0000;
4c1f: 0000;
4c20: 0000;
4c21: 0000;
4c22: 0000;
4c23: 0000;
4c24: 0000;
4c25: 0000;
4c26: 0000;
4c27: 0000;
4c28: 0000;
4c29: 0000;
4c2a: 0000;
4c2b: 0000;
4c2c: 0000;
4c2d: 0000;
4c2e: 0000;
4c2f: 0000;
4c30: 0000;
4c31: 0000;
4c32: 0000;
4c33: 0000;
4c34: 0000;
4c35: 0000;
4c36: 0000;
4c37: 0000;
4c38: 0000;
4c39: 0000;
4c3a: 0000;
4c3b: 0000;
4c3c: 0000;
4c3d: 0000;
4c3e: 0000;
4c3f: 0000;
4c40: 0000;
4c41: 0000;
4c42: 0000;
4c43: 0000;
4c44: 0000;
4c45: 0000;
4c46: 0000;
4c47: 0000;
4c48: 0000;
4c49: 0000;
4c4a: 0000;
4c4b: 0000;
4c4c: 0000;
4c4d: 0000;
4c4e: 0000;
4c4f: 0000;
4c50: 0000;
4c51: 0000;
4c52: 0000;
4c53: 0000;
4c54: 0000;
4c55: 0000;
4c56: 0000;
4c57: 0000;
4c58: 0000;
4c59: 0000;
4c5a: 0000;
4c5b: 0000;
4c5c: 0000;
4c5d: 0000;
4c5e: 0000;
4c5f: 0000;
4c60: 0000;
4c61: 0000;
4c62: 0000;
4c63: 0000;
4c64: 0000;
4c65: 0000;
4c66: 0000;
4c67: 0000;
4c68: 0000;
4c69: 0000;
4c6a: 0000;
4c6b: 0000;
4c6c: 0000;
4c6d: 0000;
4c6e: 0000;
4c6f: 0000;
4c70: 0000;
4c71: 0000;
4c72: 0000;
4c73: 0000;
4c74: 0000;
4c75: 0000;
4c76: 14b1;
4c77: 23ac;
4c78: 24bf;
4c79: 23bf;
4c7a: 24bf;
4c7b: 23aa;
4c7c: 24a1;
4c7d: 0000;
4c7e: 0000;
4c7f: 0000;
4c80: 0000;
4c81: 0000;
4c82: 0000;
4c83: 0000;
4c84: 0000;
4c85: 0000;
4c86: 0000;
4c87: 0000;
4c88: 0000;
4c89: 0000;
4c8a: 0000;
4c8b: 0000;
4c8c: 0000;
4c8d: 0000;
4c8e: 0000;
4c8f: 0000;
4c90: 0000;
4c91: 0000;
4c92: 0000;
4c93: 0000;
4c94: 0000;
4c95: 0000;
4c96: 0000;
4c97: 0000;
4c98: 0000;
4c99: 0000;
4c9a: 0000;
4c9b: 0000;
4c9c: 0000;
4c9d: 0000;
4c9e: 0000;
4c9f: 0000;
4ca0: 0000;
4ca1: 0000;
4ca2: 0000;
4ca3: 0000;
4ca4: 0000;
4ca5: 0000;
4ca6: 0000;
4ca7: 0000;
4ca8: 0000;
4ca9: 0000;
4caa: 0000;
4cab: 0000;
4cac: 0000;
4cad: 0000;
4cae: 0000;
4caf: 0000;
4cb0: 0000;
4cb1: 0000;
4cb2: 0000;
4cb3: 0000;
4cb4: 0000;
4cb5: 0000;
4cb6: 0000;
4cb7: 0000;
4cb8: 0000;
4cb9: 0000;
4cba: 0000;
4cbb: 0000;
4cbc: 0000;
4cbd: 0000;
4cbe: 0000;
4cbf: 0000;
4cc0: 0000;
4cc1: 0000;
4cc2: 0000;
4cc3: 0000;
4cc4: 0000;
4cc5: 0000;
4cc6: 0000;
4cc7: 0000;
4cc8: 0000;
4cc9: 0000;
4cca: 0000;
4ccb: 0000;
4ccc: 0000;
4ccd: 0000;
4cce: 0000;
4ccf: 0000;
4cd0: 0000;
4cd1: 0000;
4cd2: 0000;
4cd3: 0000;
4cd4: 0000;
4cd5: 0000;
4cd6: 0000;
4cd7: 0000;
4cd8: 0000;
4cd9: 0000;
4cda: 0000;
4cdb: 0000;
4cdc: 0000;
4cdd: 0000;
4cde: 0000;
4cdf: 0000;
4ce0: 0000;
4ce1: 0000;
4ce2: 0000;
4ce3: 0000;
4ce4: 0000;
4ce5: 0000;
4ce6: 0000;
4ce7: 0000;
4ce8: 0000;
4ce9: 0000;
4cea: 0000;
4ceb: 0000;
4cec: 0000;
4ced: 0000;
4cee: 0000;
4cef: 0000;
4cf0: 0000;
4cf1: 0000;
4cf2: 0000;
4cf3: 0000;
4cf4: 0000;
4cf5: 0000;
4cf6: 0000;
4cf7: 0000;
4cf8: 0000;
4cf9: 0000;
4cfa: 0000;
4cfb: 0000;
4cfc: 0000;
4cfd: 0000;
4cfe: 0000;
4cff: 0000;
4d00: 0000;
4d01: 0000;
4d02: 0000;
4d03: 0000;
4d04: 0000;
4d05: 0000;
4d06: 0000;
4d07: 0000;
4d08: 0000;
4d09: 0000;
4d0a: 0000;
4d0b: 0000;
4d0c: 0000;
4d0d: 0000;
4d0e: 0000;
4d0f: 0000;
4d10: 0000;
4d11: 0000;
4d12: 0000;
4d13: 0000;
4d14: 0000;
4d15: 0000;
4d16: 0000;
4d17: 0000;
4d18: 0000;
4d19: 0000;
4d1a: 0000;
4d1b: 0000;
4d1c: 0000;
4d1d: 0000;
4d1e: 0000;
4d1f: 0000;
4d20: 0000;
4d21: 0000;
4d22: 0000;
4d23: 0000;
4d24: 0000;
4d25: 0000;
4d26: 0000;
4d27: 0000;
4d28: 0000;
4d29: 0000;
4d2a: 0000;
4d2b: 0000;
4d2c: 0000;
4d2d: 0000;
4d2e: 0000;
4d2f: 0000;
4d30: 0000;
4d31: 0000;
4d32: 0000;
4d33: 0000;
4d34: 0000;
4d35: 0000;
4d36: 0000;
4d37: 0000;
4d38: 0000;
4d39: 0000;
4d3a: 0000;
4d3b: 0000;
4d3c: 0000;
4d3d: 0000;
4d3e: 0000;
4d3f: 0000;
4d40: 0000;
4d41: 0000;
4d42: 0000;
4d43: 0000;
4d44: 0000;
4d45: 0000;
4d46: 0000;
4d47: 0000;
4d48: 0000;
4d49: 0000;
4d4a: 0000;
4d4b: 0000;
4d4c: 0000;
4d4d: 0000;
4d4e: 0000;
4d4f: 0000;
4d50: 0000;
4d51: 0000;
4d52: 0000;
4d53: 0000;
4d54: 0000;
4d55: 0000;
4d56: 0000;
4d57: 0000;
4d58: 0000;
4d59: 0000;
4d5a: 0000;
4d5b: 0000;
4d5c: 0000;
4d5d: 0000;
4d5e: 0000;
4d5f: 0000;
4d60: 0000;
4d61: 0000;
4d62: 0000;
4d63: 0000;
4d64: 0000;
4d65: 0000;
4d66: 0000;
4d67: 0000;
4d68: 0000;
4d69: 0000;
4d6a: 0000;
4d6b: 0000;
4d6c: 0000;
4d6d: 0000;
4d6e: 0000;
4d6f: 0000;
4d70: 0000;
4d71: 0000;
4d72: 0000;
4d73: 0000;
4d74: 0000;
4d75: 0000;
4d76: 0000;
4d77: 23a8;
4d78: 24bf;
4d79: 24bf;
4d7a: 23ab;
4d7b: 23a2;
4d7c: 0000;
4d7d: 0000;
4d7e: 0000;
4d7f: 0000;
4d80: 0000;
4d81: 0000;
4d82: 0000;
4d83: 0000;
4d84: 0000;
4d85: 0000;
4d86: 0000;
4d87: 0000;
4d88: 0000;
4d89: 0000;
4d8a: 0000;
4d8b: 0000;
4d8c: 0000;
4d8d: 0000;
4d8e: 0000;
4d8f: 0000;
4d90: 0000;
4d91: 0000;
4d92: 0000;
4d93: 0000;
4d94: 0000;
4d95: 0000;
4d96: 0000;
4d97: 0000;
4d98: 0000;
4d99: 0000;
4d9a: 0000;
4d9b: 0000;
4d9c: 0000;
4d9d: 0000;
4d9e: 0000;
4d9f: 0000;
4da0: 0000;
4da1: 0000;
4da2: 0000;
4da3: 0000;
4da4: 0000;
4da5: 0000;
4da6: 0000;
4da7: 0000;
4da8: 0000;
4da9: 0000;
4daa: 0000;
4dab: 0000;
4dac: 0000;
4dad: 0000;
4dae: 0000;
4daf: 0000;
4db0: 0000;
4db1: 0000;
4db2: 0000;
4db3: 0000;
4db4: 0000;
4db5: 0000;
4db6: 0000;
4db7: 0000;
4db8: 0000;
4db9: 0000;
4dba: 0000;
4dbb: 0000;
4dbc: 0000;
4dbd: 0000;
4dbe: 0000;
4dbf: 0000;
4dc0: 0000;
4dc1: 0000;
4dc2: 0000;
4dc3: 0000;
4dc4: 0000;
4dc5: 0000;
4dc6: 0000;
4dc7: 0000;
4dc8: 0000;
4dc9: 0000;
4dca: 0000;
4dcb: 0000;
4dcc: 0000;
4dcd: 0000;
4dce: 0000;
4dcf: 0000;
4dd0: 0000;
4dd1: 0000;
4dd2: 0000;
4dd3: 0000;
4dd4: 0000;
4dd5: 0000;
4dd6: 0000;
4dd7: 0000;
4dd8: 0000;
4dd9: 0000;
4dda: 0000;
4ddb: 0000;
4ddc: 0000;
4ddd: 0000;
4dde: 0000;
4ddf: 0000;
4de0: 0000;
4de1: 0000;
4de2: 0000;
4de3: 0000;
4de4: 0000;
4de5: 0000;
4de6: 0000;
4de7: 0000;
4de8: 0000;
4de9: 0000;
4dea: 0000;
4deb: 0000;
4dec: 0000;
4ded: 0000;
4dee: 0000;
4def: 0000;
4df0: 0000;
4df1: 0000;
4df2: 0000;
4df3: 0000;
4df4: 0000;
4df5: 0000;
4df6: 0000;
4df7: 0000;
4df8: 0000;
4df9: 0000;
4dfa: 0000;
4dfb: 0000;
4dfc: 0000;
4dfd: 0000;
4dfe: 0000;
4dff: 0000;
4e00: 0000;
4e01: 0000;
4e02: 0000;
4e03: 0000;
4e04: 0000;
4e05: 0000;
4e06: 0000;
4e07: 0000;
4e08: 0000;
4e09: 0000;
4e0a: 0000;
4e0b: 0000;
4e0c: 0000;
4e0d: 0000;
4e0e: 0000;
4e0f: 0000;
4e10: 0000;
4e11: 0000;
4e12: 0000;
4e13: 0000;
4e14: 0000;
4e15: 0000;
4e16: 0000;
4e17: 0000;
4e18: 0000;
4e19: 0000;
4e1a: 0000;
4e1b: 0000;
4e1c: 0000;
4e1d: 0000;
4e1e: 0000;
4e1f: 0000;
4e20: 0000;
4e21: 0000;
4e22: 0000;
4e23: 0000;
4e24: 0000;
4e25: 0000;
4e26: 0000;
4e27: 0000;
4e28: 0000;
4e29: 0000;
4e2a: 0000;
4e2b: 0000;
4e2c: 0000;
4e2d: 0000;
4e2e: 0000;
4e2f: 0000;
4e30: 0000;
4e31: 0000;
4e32: 0000;
4e33: 0000;
4e34: 0000;
4e35: 0000;
4e36: 0000;
4e37: 0000;
4e38: 0000;
4e39: 0000;
4e3a: 0000;
4e3b: 0000;
4e3c: 0000;
4e3d: 0000;
4e3e: 0000;
4e3f: 0000;
4e40: 0000;
4e41: 0000;
4e42: 0000;
4e43: 0000;
4e44: 0000;
4e45: 0000;
4e46: 0000;
4e47: 0000;
4e48: 0000;
4e49: 0000;
4e4a: 0000;
4e4b: 0000;
4e4c: 0000;
4e4d: 0000;
4e4e: 0000;
4e4f: 0000;
4e50: 0000;
4e51: 0000;
4e52: 0000;
4e53: 0000;
4e54: 0000;
4e55: 0000;
4e56: 0000;
4e57: 0000;
4e58: 0000;
4e59: 0000;
4e5a: 0000;
4e5b: 0000;
4e5c: 0000;
4e5d: 0000;
4e5e: 0000;
4e5f: 0000;
4e60: 0000;
4e61: 0000;
4e62: 0000;
4e63: 0000;
4e64: 0000;
4e65: 0000;
4e66: 0000;
4e67: 0000;
4e68: 0000;
4e69: 0000;
4e6a: 0000;
4e6b: 0000;
4e6c: 0000;
4e6d: 0000;
4e6e: 0000;
4e6f: 0000;
4e70: 0000;
4e71: 0000;
4e72: 0000;
4e73: 0000;
4e74: 0000;
4e75: 0000;
4e76: 0000;
4e77: 23b4;
4e78: 23af;
4e79: 23bc;
4e7a: 23a2;
4e7b: 0000;
4e7c: 0000;
4e7d: 0000;
4e7e: 0000;
4e7f: 0000;
4e80: 0000;
4e81: 0000;
4e82: 0000;
4e83: 0000;
4e84: 0000;
4e85: 0000;
4e86: 0000;
4e87: 0000;
4e88: 0000;
4e89: 0000;
4e8a: 0000;
4e8b: 0000;
4e8c: 0000;
4e8d: 0000;
4e8e: 0000;
4e8f: 0000;
4e90: 0000;
4e91: 0000;
4e92: 0000;
4e93: 0000;
4e94: 0000;
4e95: 0000;
4e96: 0000;
4e97: 0000;
4e98: 0000;
4e99: 0000;
4e9a: 0000;
4e9b: 0000;
4e9c: 0000;
4e9d: 0000;
4e9e: 0000;
4e9f: 0000;
4ea0: 0000;
4ea1: 0000;
4ea2: 0000;
4ea3: 0000;
4ea4: 0000;
4ea5: 0000;
4ea6: 0000;
4ea7: 0000;
4ea8: 0000;
4ea9: 0000;
4eaa: 0000;
4eab: 0000;
4eac: 0000;
4ead: 0000;
4eae: 0000;
4eaf: 0000;
4eb0: 0000;
4eb1: 0000;
4eb2: 0000;
4eb3: 0000;
4eb4: 0000;
4eb5: 0000;
4eb6: 0000;
4eb7: 0000;
4eb8: 0000;
4eb9: 0000;
4eba: 0000;
4ebb: 0000;
4ebc: 0000;
4ebd: 0000;
4ebe: 0000;
4ebf: 0000;
4ec0: 0000;
4ec1: 0000;
4ec2: 0000;
4ec3: 0000;
4ec4: 0000;
4ec5: 0000;
4ec6: 0000;
4ec7: 0000;
4ec8: 0000;
4ec9: 0000;
4eca: 0000;
4ecb: 0000;
4ecc: 0000;
4ecd: 0000;
4ece: 0000;
4ecf: 0000;
4ed0: 0000;
4ed1: 0000;
4ed2: 0000;
4ed3: 0000;
4ed4: 0000;
4ed5: 0000;
4ed6: 0000;
4ed7: 0000;
4ed8: 0000;
4ed9: 0000;
4eda: 0000;
4edb: 0000;
4edc: 0000;
4edd: 0000;
4ede: 0000;
4edf: 0000;
4ee0: 0000;
4ee1: 0000;
4ee2: 0000;
4ee3: 0000;
4ee4: 0000;
4ee5: 0000;
4ee6: 0000;
4ee7: 0000;
4ee8: 0000;
4ee9: 0000;
4eea: 0000;
4eeb: 0000;
4eec: 0000;
4eed: 0000;
4eee: 0000;
4eef: 0000;
4ef0: 0000;
4ef1: 0000;
4ef2: 0000;
4ef3: 0000;
4ef4: 0000;
4ef5: 0000;
4ef6: 0000;
4ef7: 0000;
4ef8: 0000;
4ef9: 0000;
4efa: 0000;
4efb: 0000;
4efc: 0000;
4efd: 0000;
4efe: 0000;
4eff: 0000;
4f00: 0000;
4f01: 0000;
4f02: 0000;
4f03: 0000;
4f04: 0000;
4f05: 0000;
4f06: 0000;
4f07: 0000;
4f08: 0000;
4f09: 0000;
4f0a: 0000;
4f0b: 0000;
4f0c: 0000;
4f0d: 0000;
4f0e: 0000;
4f0f: 0000;
4f10: 0000;
4f11: 0000;
4f12: 0000;
4f13: 0000;
4f14: 0000;
4f15: 0000;
4f16: 0000;
4f17: 0000;
4f18: 0000;
4f19: 0000;
4f1a: 0000;
4f1b: 0000;
4f1c: 0000;
4f1d: 0000;
4f1e: 0000;
4f1f: 0000;
4f20: 0000;
4f21: 0000;
4f22: 0000;
4f23: 0000;
4f24: 0000;
4f25: 0000;
4f26: 0000;
4f27: 0000;
4f28: 0000;
4f29: 0000;
4f2a: 0000;
4f2b: 0000;
4f2c: 0000;
4f2d: 0000;
4f2e: 0000;
4f2f: 0000;
4f30: 0000;
4f31: 0000;
4f32: 0000;
4f33: 0000;
4f34: 0000;
4f35: 0000;
4f36: 0000;
4f37: 0000;
4f38: 0000;
4f39: 0000;
4f3a: 0000;
4f3b: 0000;
4f3c: 0000;
4f3d: 0000;
4f3e: 0000;
4f3f: 0000;
4f40: 0000;
4f41: 0000;
4f42: 0000;
4f43: 0000;
4f44: 0000;
4f45: 0000;
4f46: 0000;
4f47: 0000;
4f48: 0000;
4f49: 0000;
4f4a: 0000;
4f4b: 0000;
4f4c: 0000;
4f4d: 0000;
4f4e: 0000;
4f4f: 0000;
4f50: 0000;
4f51: 0000;
4f52: 0000;
4f53: 0000;
4f54: 0000;
4f55: 0000;
4f56: 0000;
4f57: 0000;
4f58: 0000;
4f59: 0000;
4f5a: 0000;
4f5b: 0000;
4f5c: 0000;
4f5d: 0000;
4f5e: 0000;
4f5f: 0000;
4f60: 0000;
4f61: 0000;
4f62: 0000;
4f63: 0000;
4f64: 0000;
4f65: 0000;
4f66: 0000;
4f67: 0000;
4f68: 0000;
4f69: 0000;
4f6a: 0000;
4f6b: 0000;
4f6c: 0000;
4f6d: 0000;
4f6e: 0000;
4f6f: 0000;
4f70: 0000;
4f71: 0000;
4f72: 0000;
4f73: 0000;
4f74: 0000;
4f75: 0000;
4f76: 0000;
4f77: 23c1;
4f78: 23a9;
4f79: 23a3;
4f7a: 0000;
4f7b: 0000;
4f7c: 0000;
4f7d: 0000;
4f7e: 0000;
4f7f: 0000;
4f80: 0000;
4f81: 0000;
4f82: 0000;
4f83: 0000;
4f84: 0000;
4f85: 0000;
4f86: 0000;
4f87: 0000;
4f88: 0000;
4f89: 0000;
4f8a: 0000;
4f8b: 0000;
4f8c: 0000;
4f8d: 0000;
4f8e: 0000;
4f8f: 0000;
4f90: 0000;
4f91: 0000;
4f92: 0000;
4f93: 0000;
4f94: 0000;
4f95: 0000;
4f96: 0000;
4f97: 0000;
4f98: 0000;
4f99: 0000;
4f9a: 0000;
4f9b: 0000;
4f9c: 0000;
4f9d: 0000;
4f9e: 0000;
4f9f: 0000;
4fa0: 0000;
4fa1: 0000;
4fa2: 0000;
4fa3: 0000;
4fa4: 0000;
4fa5: 0000;
4fa6: 0000;
4fa7: 0000;
4fa8: 0000;
4fa9: 0000;
4faa: 0000;
4fab: 0000;
4fac: 0000;
4fad: 0000;
4fae: 0000;
4faf: 0000;
4fb0: 0000;
4fb1: 0000;
4fb2: 0000;
4fb3: 0000;
4fb4: 0000;
4fb5: 0000;
4fb6: 0000;
4fb7: 0000;
4fb8: 0000;
4fb9: 0000;
4fba: 0000;
4fbb: 0000;
4fbc: 0000;
4fbd: 0000;
4fbe: 0000;
4fbf: 0000;
4fc0: 0000;
4fc1: 0000;
4fc2: 0000;
4fc3: 0000;
4fc4: 0000;
4fc5: 0000;
4fc6: 0000;
4fc7: 0000;
4fc8: 0000;
4fc9: 0000;
4fca: 0000;
4fcb: 0000;
4fcc: 0000;
4fcd: 0000;
4fce: 0000;
4fcf: 0000;
4fd0: 0000;
4fd1: 0000;
4fd2: 0000;
4fd3: 0000;
4fd4: 0000;
4fd5: 0000;
4fd6: 0000;
4fd7: 0000;
4fd8: 0000;
4fd9: 0000;
4fda: 0000;
4fdb: 0000;
4fdc: 0000;
4fdd: 0000;
4fde: 0000;
4fdf: 0000;
4fe0: 0000;
4fe1: 0000;
4fe2: 0000;
4fe3: 0000;
4fe4: 0000;
4fe5: 0000;
4fe6: 0000;
4fe7: 0000;
4fe8: 0000;
4fe9: 0000;
4fea: 0000;
4feb: 0000;
4fec: 0000;
4fed: 0000;
4fee: 0000;
4fef: 0000;
4ff0: 0000;
4ff1: 0000;
4ff2: 0000;
4ff3: 0000;
4ff4: 0000;
4ff5: 0000;
4ff6: 0000;
4ff7: 0000;
4ff8: 0000;
4ff9: 0000;
4ffa: 0000;
4ffb: 0000;
4ffc: 0000;
4ffd: 0000;
4ffe: 0000;
4fff: 0000;
5000: 0000;
5001: 0000;
5002: 0000;
5003: 0000;
5004: 0000;
5005: 0000;
5006: 0000;
5007: 0000;
5008: 0000;
5009: 0000;
500a: 0000;
500b: 0000;
500c: 0000;
500d: 0000;
500e: 0000;
500f: 0000;
5010: 0000;
5011: 0000;
5012: 0000;
5013: 0000;
5014: 0000;
5015: 0000;
5016: 0000;
5017: 0000;
5018: 0000;
5019: 0000;
501a: 0000;
501b: 0000;
501c: 0000;
501d: 0000;
501e: 0000;
501f: 0000;
5020: 0000;
5021: 0000;
5022: 0000;
5023: 0000;
5024: 0000;
5025: 0000;
5026: 0000;
5027: 0000;
5028: 0000;
5029: 0000;
502a: 0000;
502b: 0000;
502c: 0000;
502d: 0000;
502e: 0000;
502f: 0000;
5030: 0000;
5031: 0000;
5032: 0000;
5033: 0000;
5034: 0000;
5035: 0000;
5036: 0000;
5037: 0000;
5038: 0000;
5039: 0000;
503a: 0000;
503b: 0000;
503c: 0000;
503d: 0000;
503e: 0000;
503f: 0000;
5040: 0000;
5041: 0000;
5042: 0000;
5043: 0000;
5044: 0000;
5045: 0000;
5046: 0000;
5047: 0000;
5048: 0000;
5049: 0000;
504a: 0000;
504b: 0000;
504c: 0000;
504d: 0000;
504e: 0000;
504f: 0000;
5050: 0000;
5051: 0000;
5052: 0000;
5053: 0000;
5054: 0000;
5055: 0770;
5056: 24b0;
5057: 23c1;
5058: 23a1;
5059: 23a1;
505a: 23b2;
505b: 24a2;
505c: 23b2;
505d: 23a3;
505e: 23b3;
505f: 23a3;
5060: 23b3;
5061: 23b4;
5062: 24a4;
5063: 23a4;
5064: 23a4;
5065: 23a5;
5066: 23a5;
5067: 24b5;
5068: 23a5;
5069: 23a5;
506a: 23a6;
506b: 23a6;
506c: 23a6;
506d: 23a6;
506e: 23a6;
506f: 24a6;
5070: 23a6;
5071: 23a7;
5072: 23b7;
5073: 23a7;
5074: 23a7;
5075: 23a7;
5076: 23a7;
5077: 23a7;
5078: 24a8;
5079: 23a7;
507a: 23a7;
507b: 23a7;
507c: 23a7;
507d: 23a7;
507e: 24a7;
507f: 23a7;
5080: 23a7;
5081: 24a6;
5082: 24a6;
5083: 23a6;
5084: 24a6;
5085: 24a6;
5086: 23a6;
5087: 23a6;
5088: 24a5;
5089: 23b5;
508a: 23a5;
508b: 23b5;
508c: 23b5;
508d: 24a4;
508e: 23a4;
508f: 23b4;
5090: 24a4;
5091: 23b4;
5092: 23a3;
5093: 23a3;
5094: 23b3;
5095: 23a2;
5096: 23b2;
5097: 23a2;
5098: 24a1;
5099: 24a1;
509a: 24a1;
509b: 13a1;
509c: 44b0;
509d: 00f0;
509e: 0000;
509f: 0000;
50a0: 0000;
50a1: 0000;
50a2: 0000;
50a3: 0000;
50a4: 0000;
50a5: 0000;
50a6: 0000;
50a7: 0000;
50a8: 0000;
50a9: 0000;
50aa: 0000;
50ab: 0000;
50ac: 0000;
50ad: 0000;
50ae: 0000;
50af: 0000;
50b0: 0000;
50b1: 0000;
50b2: 0000;
50b3: 0000;
50b4: 0000;
50b5: 0000;
50b6: 0000;
50b7: 0000;
50b8: 0000;
50b9: 0000;
50ba: 0000;
50bb: 0000;
50bc: 0000;
50bd: 0000;
50be: 0000;
50bf: 0000;
50c0: 0000;
50c1: 0000;
50c2: 0000;
50c3: 0000;
50c4: 0000;
50c5: 0000;
50c6: 0000;
50c7: 0000;
50c8: 0000;
50c9: 0000;
50ca: 0000;
50cb: 0000;
50cc: 0000;
50cd: 0000;
50ce: 0000;
50cf: 0000;
50d0: 0000;
50d1: 0000;
50d2: 0000;
50d3: 0000;
50d4: 0000;
50d5: 0000;
50d6: 0000;
50d7: 0000;
50d8: 0000;
50d9: 0000;
50da: 0000;
50db: 0000;
50dc: 0000;
50dd: 0000;
50de: 0000;
50df: 0000;
50e0: 0000;
50e1: 0000;
50e2: 0000;
50e3: 0000;
50e4: 0000;
50e5: 0000;
50e6: 0000;
50e7: 0000;
50e8: 0000;
50e9: 0000;
50ea: 0000;
50eb: 0000;
50ec: 0000;
50ed: 0000;
50ee: 0000;
50ef: 0000;
50f0: 0000;
50f1: 0000;
50f2: 0000;
50f3: 0000;
50f4: 0000;
50f5: 0000;
50f6: 0000;
50f7: 0000;
50f8: 0000;
50f9: 0000;
50fa: 0000;
50fb: 0000;
50fc: 0000;
50fd: 0000;
50fe: 0000;
50ff: 0000;
5100: 0000;
5101: 0000;
5102: 0000;
5103: 0000;
5104: 0000;
5105: 0000;
5106: 0000;
5107: 0000;
5108: 0000;
5109: 0000;
510a: 0000;
510b: 0000;
510c: 0000;
510d: 0000;
510e: 0000;
510f: 0000;
5110: 0000;
5111: 0000;
5112: 0000;
5113: 0000;
5114: 0000;
5115: 0000;
5116: 0000;
5117: 0000;
5118: 0000;
5119: 0000;
511a: 0000;
511b: 0000;
511c: 0000;
511d: 0000;
511e: 0000;
511f: 0000;
5120: 0000;
5121: 0000;
5122: 0000;
5123: 0000;
5124: 0000;
5125: 0000;
5126: 0000;
5127: 0000;
5128: 0000;
5129: 0000;
512a: 0000;
512b: 0000;
512c: 0000;
512d: 0000;
512e: 0000;
512f: 0000;
5130: 0000;
5131: 0000;
5132: 0000;
5133: 0000;
5134: 0000;
5135: 0000;
5136: 0000;
5137: 0000;
5138: 0000;
5139: 0000;
513a: 0000;
513b: 0000;
513c: 0000;
513d: 0000;
513e: 0000;
513f: 0000;
5140: 0000;
5141: 0000;
5142: 0000;
5143: 0000;
5144: 0000;
5145: 0000;
5146: 23a1;
5147: 14a1;
5148: 23a2;
5149: 24b2;
514a: 23a3;
514b: 23a4;
514c: 23a5;
514d: 23a5;
514e: 23a6;
514f: 23a6;
5150: 23a7;
5151: 24a7;
5152: 23a8;
5153: 23a9;
5154: 23a9;
5155: 23aa;
5156: 23aa;
5157: 23ab;
5158: 23ab;
5159: 23ab;
515a: 23ac;
515b: 23ac;
515c: 23ac;
515d: 23ad;
515e: 23ad;
515f: 23ad;
5160: 23ae;
5161: 23ae;
5162: 23ae;
5163: 23ae;
5164: 23af;
5165: 23af;
5166: 23af;
5167: 24bf;
5168: 24bf;
5169: 24bf;
516a: 24bf;
516b: 24bf;
516c: 24bf;
516d: 24bf;
516e: 24bf;
516f: 24bf;
5170: 24bf;
5171: 24bf;
5172: 24bf;
5173: 24bf;
5174: 24bf;
5175: 24bf;
5176: 24bf;
5177: 24bf;
5178: 24bf;
5179: 24bf;
517a: 24bf;
517b: 24bf;
517c: 24bf;
517d: 24bf;
517e: 24bf;
517f: 24bf;
5180: 24bf;
5181: 24bf;
5182: 24bf;
5183: 24bf;
5184: 24bf;
5185: 24bf;
5186: 24bf;
5187: 24bf;
5188: 24bf;
5189: 24bf;
518a: 23bf;
518b: 23af;
518c: 23af;
518d: 23af;
518e: 23ae;
518f: 23ae;
5190: 23ae;
5191: 23ae;
5192: 23ae;
5193: 23ad;
5194: 23ad;
5195: 23ad;
5196: 23ac;
5197: 23ac;
5198: 23ac;
5199: 23ab;
519a: 23ab;
519b: 23ba;
519c: 23aa;
519d: 23a9;
519e: 23a9;
519f: 23a8;
51a0: 24a8;
51a1: 23a7;
51a2: 23a7;
51a3: 23a6;
51a4: 23a6;
51a5: 23b5;
51a6: 23a4;
51a7: 23a4;
51a8: 23a3;
51a9: 23a2;
51aa: 24a1;
51ab: 23b1;
51ac: 55a0;
51ad: 0000;
51ae: 0000;
51af: 0000;
51b0: 0000;
51b1: 0000;
51b2: 0000;
51b3: 0000;
51b4: 0000;
51b5: 0000;
51b6: 0000;
51b7: 0000;
51b8: 0000;
51b9: 0000;
51ba: 0000;
51bb: 0000;
51bc: 0000;
51bd: 0000;
51be: 0000;
51bf: 0000;
51c0: 0000;
51c1: 0000;
51c2: 0000;
51c3: 0000;
51c4: 0000;
51c5: 0000;
51c6: 0000;
51c7: 0000;
51c8: 0000;
51c9: 0000;
51ca: 0000;
51cb: 0000;
51cc: 0000;
51cd: 0000;
51ce: 0000;
51cf: 0000;
51d0: 0000;
51d1: 0000;
51d2: 0000;
51d3: 0000;
51d4: 0000;
51d5: 0000;
51d6: 0000;
51d7: 0000;
51d8: 0000;
51d9: 0000;
51da: 0000;
51db: 0000;
51dc: 0000;
51dd: 0000;
51de: 0000;
51df: 0000;
51e0: 0000;
51e1: 0000;
51e2: 0000;
51e3: 0000;
51e4: 0000;
51e5: 0000;
51e6: 0000;
51e7: 0000;
51e8: 0000;
51e9: 0000;
51ea: 0000;
51eb: 0000;
51ec: 0000;
51ed: 0000;
51ee: 0000;
51ef: 0000;
51f0: 0000;
51f1: 0000;
51f2: 0000;
51f3: 0000;
51f4: 0000;
51f5: 0000;
51f6: 0000;
51f7: 0000;
51f8: 0000;
51f9: 0000;
51fa: 0000;
51fb: 0000;
51fc: 0000;
51fd: 0000;
51fe: 0000;
51ff: 0000;
5200: 0000;
5201: 0000;
5202: 0000;
5203: 0000;
5204: 0000;
5205: 0000;
5206: 0000;
5207: 0000;
5208: 0000;
5209: 0000;
520a: 0000;
520b: 0000;
520c: 0000;
520d: 0000;
520e: 0000;
520f: 0000;
5210: 0000;
5211: 0000;
5212: 0000;
5213: 0000;
5214: 0000;
5215: 0000;
5216: 0000;
5217: 0000;
5218: 0000;
5219: 0000;
521a: 0000;
521b: 0000;
521c: 0000;
521d: 0000;
521e: 0000;
521f: 0000;
5220: 0000;
5221: 0000;
5222: 0000;
5223: 0000;
5224: 0000;
5225: 0000;
5226: 0000;
5227: 0000;
5228: 0000;
5229: 0000;
522a: 0000;
522b: 0000;
522c: 0000;
522d: 0000;
522e: 0000;
522f: 0000;
5230: 0000;
5231: 0000;
5232: 0000;
5233: 0000;
5234: 0000;
5235: 0000;
5236: 0000;
5237: 0000;
5238: 05a0;
5239: 23a1;
523a: 23b1;
523b: 24a1;
523c: 23a2;
523d: 24a3;
523e: 23a4;
523f: 23b5;
5240: 23a6;
5241: 23a7;
5242: 23a9;
5243: 23aa;
5244: 23aa;
5245: 23ab;
5246: 23ab;
5247: 23ac;
5248: 23ac;
5249: 23ad;
524a: 23ad;
524b: 23ae;
524c: 23ae;
524d: 23af;
524e: 23af;
524f: 24bf;
5250: 23bf;
5251: 24bf;
5252: 24bf;
5253: 24bf;
5254: 24bf;
5255: 24bf;
5256: 24bf;
5257: 24bf;
5258: 24bf;
5259: 24bf;
525a: 24bf;
525b: 24bf;
525c: 24bf;
525d: 24bf;
525e: 24bf;
525f: 24bf;
5260: 24bf;
5261: 24bf;
5262: 23bf;
5263: 24bf;
5264: 23bf;
5265: 24bf;
5266: 24bf;
5267: 23bf;
5268: 24bf;
5269: 23bf;
526a: 23af;
526b: 23bf;
526c: 23af;
526d: 23af;
526e: 23af;
526f: 23af;
5270: 23af;
5271: 23af;
5272: 23af;
5273: 23af;
5274: 23af;
5275: 23af;
5276: 23af;
5277: 23af;
5278: 23af;
5279: 23af;
527a: 23af;
527b: 23af;
527c: 23af;
527d: 23af;
527e: 23af;
527f: 23af;
5280: 23af;
5281: 23af;
5282: 23af;
5283: 23af;
5284: 23af;
5285: 23af;
5286: 23af;
5287: 23af;
5288: 23bf;
5289: 23bf;
528a: 23bf;
528b: 24bf;
528c: 24bf;
528d: 24bf;
528e: 23bf;
528f: 24bf;
5290: 23bf;
5291: 24bf;
5292: 24bf;
5293: 24bf;
5294: 24bf;
5295: 24bf;
5296: 24bf;
5297: 24bf;
5298: 24bf;
5299: 24bf;
529a: 24bf;
529b: 24bf;
529c: 24bf;
529d: 24bf;
529e: 24bf;
529f: 24bf;
52a0: 24bf;
52a1: 24bf;
52a2: 24bf;
52a3: 23af;
52a4: 23af;
52a5: 23ae;
52a6: 23ae;
52a7: 23ae;
52a8: 23ad;
52a9: 23ad;
52aa: 23ac;
52ab: 23ac;
52ac: 23bb;
52ad: 23ab;
52ae: 23aa;
52af: 23a9;
52b0: 23a8;
52b1: 23a7;
52b2: 23b6;
52b3: 24a5;
52b4: 23a3;
52b5: 23a2;
52b6: 23b1;
52b7: 23a1;
52b8: 12a1;
52b9: 22a0;
52ba: 00f0;
52bb: 0000;
52bc: 0000;
52bd: 0000;
52be: 0000;
52bf: 0000;
52c0: 0000;
52c1: 0000;
52c2: 0000;
52c3: 0000;
52c4: 0000;
52c5: 0000;
52c6: 0000;
52c7: 0000;
52c8: 0000;
52c9: 0000;
52ca: 0000;
52cb: 0000;
52cc: 0000;
52cd: 0000;
52ce: 0000;
52cf: 0000;
52d0: 0000;
52d1: 0000;
52d2: 0000;
52d3: 0000;
52d4: 0000;
52d5: 0000;
52d6: 0000;
52d7: 0000;
52d8: 0000;
52d9: 0000;
52da: 0000;
52db: 0000;
52dc: 0000;
52dd: 0000;
52de: 0000;
52df: 0000;
52e0: 0000;
52e1: 0000;
52e2: 0000;
52e3: 0000;
52e4: 0000;
52e5: 0000;
52e6: 0000;
52e7: 0000;
52e8: 0000;
52e9: 0000;
52ea: 0000;
52eb: 0000;
52ec: 0000;
52ed: 0000;
52ee: 0000;
52ef: 0000;
52f0: 0000;
52f1: 0000;
52f2: 0000;
52f3: 0000;
52f4: 0000;
52f5: 0000;
52f6: 0000;
52f7: 0000;
52f8: 0000;
52f9: 0000;
52fa: 0000;
52fb: 0000;
52fc: 0000;
52fd: 0000;
52fe: 0000;
52ff: 0000;
5300: 0000;
5301: 0000;
5302: 0000;
5303: 0000;
5304: 0000;
5305: 0000;
5306: 0000;
5307: 0000;
5308: 0000;
5309: 0000;
530a: 0000;
530b: 0000;
530c: 0000;
530d: 0000;
530e: 0000;
530f: 0000;
5310: 0000;
5311: 0000;
5312: 0000;
5313: 0000;
5314: 0000;
5315: 0000;
5316: 0000;
5317: 0000;
5318: 0000;
5319: 0000;
531a: 0000;
531b: 0000;
531c: 0000;
531d: 0000;
531e: 0000;
531f: 0000;
5320: 0000;
5321: 0000;
5322: 0000;
5323: 0000;
5324: 0000;
5325: 0000;
5326: 0000;
5327: 0000;
5328: 0000;
5329: 0000;
532a: 0000;
532b: 0000;
532c: 0000;
532d: 0000;
532e: 0070;
532f: 34b1;
5330: 24b1;
5331: 24a2;
5332: 24b2;
5333: 24b3;
5334: 23a5;
5335: 23a6;
5336: 23a7;
5337: 23a9;
5338: 23aa;
5339: 23ab;
533a: 23ac;
533b: 23ad;
533c: 23ae;
533d: 23ae;
533e: 23ae;
533f: 23af;
5340: 23af;
5341: 23bf;
5342: 23bf;
5343: 24bf;
5344: 24bf;
5345: 24bf;
5346: 24bf;
5347: 24bf;
5348: 24bf;
5349: 24bf;
534a: 24bf;
534b: 24bf;
534c: 24bf;
534d: 23bf;
534e: 23bf;
534f: 23bf;
5350: 24bf;
5351: 23bf;
5352: 23af;
5353: 23af;
5354: 23bf;
5355: 23af;
5356: 23af;
5357: 23af;
5358: 23af;
5359: 23af;
535a: 23af;
535b: 23af;
535c: 23af;
535d: 23af;
535e: 23af;
535f: 23af;
5360: 23af;
5361: 23af;
5362: 23af;
5363: 23af;
5364: 23af;
5365: 23af;
5366: 23af;
5367: 23af;
5368: 23af;
5369: 23af;
536a: 23af;
536b: 23af;
536c: 23af;
536d: 23af;
536e: 23af;
536f: 23af;
5370: 23af;
5371: 23af;
5372: 23af;
5373: 23af;
5374: 23af;
5375: 23af;
5376: 23af;
5377: 23af;
5378: 23af;
5379: 23af;
537a: 23af;
537b: 23af;
537c: 23af;
537d: 23af;
537e: 23af;
537f: 23af;
5380: 23af;
5381: 23af;
5382: 23af;
5383: 23af;
5384: 23af;
5385: 23af;
5386: 23af;
5387: 23af;
5388: 23af;
5389: 23af;
538a: 23af;
538b: 23af;
538c: 23af;
538d: 23af;
538e: 23af;
538f: 23af;
5390: 23af;
5391: 23af;
5392: 23af;
5393: 23af;
5394: 23af;
5395: 23af;
5396: 23af;
5397: 23af;
5398: 23af;
5399: 23af;
539a: 23af;
539b: 23af;
539c: 23af;
539d: 23af;
539e: 23bf;
539f: 23bf;
53a0: 23bf;
53a1: 23bf;
53a2: 24bf;
53a3: 24bf;
53a4: 24bf;
53a5: 24bf;
53a6: 24bf;
53a7: 24bf;
53a8: 24bf;
53a9: 24bf;
53aa: 24bf;
53ab: 24bf;
53ac: 24bf;
53ad: 24bf;
53ae: 24bf;
53af: 24bf;
53b0: 24bf;
53b1: 23af;
53b2: 23af;
53b3: 23ae;
53b4: 23ae;
53b5: 23be;
53b6: 23ad;
53b7: 23ad;
53b8: 23ac;
53b9: 23ab;
53ba: 23a9;
53bb: 23a8;
53bc: 23a6;
53bd: 23a5;
53be: 24a4;
53bf: 23b3;
53c0: 23a2;
53c1: 24a1;
53c2: 24a1;
53c3: 25a0;
53c4: 0000;
53c5: 0000;
53c6: 0000;
53c7: 0000;
53c8: 0000;
53c9: 0000;
53ca: 0000;
53cb: 0000;
53cc: 0000;
53cd: 0000;
53ce: 0000;
53cf: 0000;
53d0: 0000;
53d1: 0000;
53d2: 0000;
53d3: 0000;
53d4: 0000;
53d5: 0000;
53d6: 0000;
53d7: 0000;
53d8: 0000;
53d9: 0000;
53da: 0000;
53db: 0000;
53dc: 0000;
53dd: 0000;
53de: 0000;
53df: 0000;
53e0: 0000;
53e1: 0000;
53e2: 0000;
53e3: 0000;
53e4: 0000;
53e5: 0000;
53e6: 0000;
53e7: 0000;
53e8: 0000;
53e9: 0000;
53ea: 0000;
53eb: 0000;
53ec: 0000;
53ed: 0000;
53ee: 0000;
53ef: 0000;
53f0: 0000;
53f1: 0000;
53f2: 0000;
53f3: 0000;
53f4: 0000;
53f5: 0000;
53f6: 0000;
53f7: 0000;
53f8: 0000;
53f9: 0000;
53fa: 0000;
53fb: 0000;
53fc: 0000;
53fd: 0000;
53fe: 0000;
53ff: 0000;
5400: 0000;
5401: 0000;
5402: 0000;
5403: 0000;
5404: 0000;
5405: 0000;
5406: 0000;
5407: 0000;
5408: 0000;
5409: 0000;
540a: 0000;
540b: 0000;
540c: 0000;
540d: 0000;
540e: 0000;
540f: 0000;
5410: 0000;
5411: 0000;
5412: 0000;
5413: 0000;
5414: 0000;
5415: 0000;
5416: 0000;
5417: 0000;
5418: 0000;
5419: 0000;
541a: 0000;
541b: 0000;
541c: 0000;
541d: 0000;
541e: 0000;
541f: 0000;
5420: 0000;
5421: 0000;
5422: 0000;
5423: 0000;
5424: 0000;
5425: 0000;
5426: 0000;
5427: 0000;
5428: 24b1;
5429: 23a2;
542a: 23a3;
542b: 23a4;
542c: 23a5;
542d: 23a7;
542e: 23a8;
542f: 23aa;
5430: 23ab;
5431: 23ad;
5432: 23ae;
5433: 23ae;
5434: 23af;
5435: 24bf;
5436: 23bf;
5437: 24bf;
5438: 24bf;
5439: 24bf;
543a: 24bf;
543b: 24bf;
543c: 24bf;
543d: 23bf;
543e: 24bf;
543f: 24bf;
5440: 24bf;
5441: 24bf;
5442: 23af;
5443: 23af;
5444: 23af;
5445: 23af;
5446: 23af;
5447: 23af;
5448: 23af;
5449: 23af;
544a: 23af;
544b: 23af;
544c: 23af;
544d: 23af;
544e: 23af;
544f: 23af;
5450: 23af;
5451: 23af;
5452: 23af;
5453: 23af;
5454: 23af;
5455: 23af;
5456: 23af;
5457: 23af;
5458: 23af;
5459: 23af;
545a: 23af;
545b: 23af;
545c: 23af;
545d: 23af;
545e: 23af;
545f: 23af;
5460: 23af;
5461: 23af;
5462: 23af;
5463: 23af;
5464: 23af;
5465: 23af;
5466: 23af;
5467: 23af;
5468: 23af;
5469: 23af;
546a: 23af;
546b: 23af;
546c: 23af;
546d: 23af;
546e: 23af;
546f: 23af;
5470: 23af;
5471: 23af;
5472: 23af;
5473: 23af;
5474: 23af;
5475: 23af;
5476: 23af;
5477: 23af;
5478: 23af;
5479: 23af;
547a: 23af;
547b: 23af;
547c: 23af;
547d: 23af;
547e: 23af;
547f: 23af;
5480: 23af;
5481: 23af;
5482: 23af;
5483: 23af;
5484: 23af;
5485: 23af;
5486: 23af;
5487: 23af;
5488: 23af;
5489: 23af;
548a: 23af;
548b: 23af;
548c: 23af;
548d: 23af;
548e: 23af;
548f: 23af;
5490: 23af;
5491: 23af;
5492: 23af;
5493: 23af;
5494: 23af;
5495: 23af;
5496: 23af;
5497: 23af;
5498: 23af;
5499: 23af;
549a: 23af;
549b: 23af;
549c: 23af;
549d: 23af;
549e: 23af;
549f: 23af;
54a0: 23af;
54a1: 23af;
54a2: 23af;
54a3: 23af;
54a4: 23af;
54a5: 23af;
54a6: 23af;
54a7: 23af;
54a8: 23af;
54a9: 23af;
54aa: 23af;
54ab: 23af;
54ac: 23af;
54ad: 23af;
54ae: 23bf;
54af: 23af;
54b0: 23bf;
54b1: 23bf;
54b2: 24bf;
54b3: 24bf;
54b4: 24bf;
54b5: 24bf;
54b6: 24bf;
54b7: 24bf;
54b8: 24bf;
54b9: 24bf;
54ba: 24bf;
54bb: 24bf;
54bc: 24bf;
54bd: 23bf;
54be: 23af;
54bf: 23ae;
54c0: 23ad;
54c1: 23ac;
54c2: 23ab;
54c3: 23a9;
54c4: 23a8;
54c5: 23a6;
54c6: 24a5;
54c7: 23b4;
54c8: 23a3;
54c9: 23a2;
54ca: 24b0;
54cb: 0000;
54cc: 0000;
54cd: 0000;
54ce: 0000;
54cf: 0000;
54d0: 0000;
54d1: 0000;
54d2: 0000;
54d3: 0000;
54d4: 0000;
54d5: 0000;
54d6: 0000;
54d7: 0000;
54d8: 0000;
54d9: 0000;
54da: 0000;
54db: 0000;
54dc: 0000;
54dd: 0000;
54de: 0000;
54df: 0000;
54e0: 0000;
54e1: 0000;
54e2: 0000;
54e3: 0000;
54e4: 0000;
54e5: 0000;
54e6: 0000;
54e7: 0000;
54e8: 0000;
54e9: 0000;
54ea: 0000;
54eb: 0000;
54ec: 0000;
54ed: 0000;
54ee: 0000;
54ef: 0000;
54f0: 0000;
54f1: 0000;
54f2: 0000;
54f3: 0000;
54f4: 0000;
54f5: 0000;
54f6: 0000;
54f7: 0000;
54f8: 0000;
54f9: 0000;
54fa: 0000;
54fb: 0000;
54fc: 0000;
54fd: 0000;
54fe: 0000;
54ff: 0000;
5500: 0000;
5501: 0000;
5502: 0000;
5503: 0000;
5504: 0000;
5505: 0000;
5506: 0000;
5507: 0000;
5508: 0000;
5509: 0000;
550a: 0000;
550b: 0000;
550c: 0000;
550d: 0000;
550e: 0000;
550f: 0000;
5510: 0000;
5511: 0000;
5512: 0000;
5513: 0000;
5514: 0000;
5515: 0000;
5516: 0000;
5517: 0000;
5518: 0000;
5519: 0000;
551a: 0000;
551b: 0000;
551c: 0000;
551d: 0000;
551e: 0000;
551f: 0000;
5520: 0000;
5521: 33c0;
5522: 23a1;
5523: 23a3;
5524: 23a5;
5525: 23a7;
5526: 23a8;
5527: 23aa;
5528: 23ab;
5529: 23ac;
552a: 23ae;
552b: 23af;
552c: 24bf;
552d: 24bf;
552e: 24bf;
552f: 24bf;
5530: 24bf;
5531: 23bf;
5532: 24bf;
5533: 24bf;
5534: 24bf;
5535: 23bf;
5536: 23bf;
5537: 23bf;
5538: 23bf;
5539: 23af;
553a: 23af;
553b: 23af;
553c: 23af;
553d: 23af;
553e: 23af;
553f: 23af;
5540: 23af;
5541: 23af;
5542: 23af;
5543: 23af;
5544: 23af;
5545: 23af;
5546: 23af;
5547: 23af;
5548: 23af;
5549: 23af;
554a: 23af;
554b: 23af;
554c: 23af;
554d: 23af;
554e: 23af;
554f: 23af;
5550: 23af;
5551: 23af;
5552: 23af;
5553: 23af;
5554: 23af;
5555: 23af;
5556: 23af;
5557: 23af;
5558: 23af;
5559: 23af;
555a: 23af;
555b: 23af;
555c: 23af;
555d: 23af;
555e: 23af;
555f: 23af;
5560: 23af;
5561: 23af;
5562: 23af;
5563: 23af;
5564: 23af;
5565: 23af;
5566: 23af;
5567: 23af;
5568: 23af;
5569: 23af;
556a: 23af;
556b: 23af;
556c: 23af;
556d: 23af;
556e: 23af;
556f: 23af;
5570: 23af;
5571: 23af;
5572: 23af;
5573: 23af;
5574: 23af;
5575: 23af;
5576: 23af;
5577: 23af;
5578: 23af;
5579: 23af;
557a: 23af;
557b: 23af;
557c: 23af;
557d: 23af;
557e: 23af;
557f: 23af;
5580: 23af;
5581: 23af;
5582: 23af;
5583: 23af;
5584: 23af;
5585: 23af;
5586: 23af;
5587: 23af;
5588: 23af;
5589: 23af;
558a: 23af;
558b: 23af;
558c: 23af;
558d: 23af;
558e: 23af;
558f: 23af;
5590: 23af;
5591: 23af;
5592: 23af;
5593: 23af;
5594: 23af;
5595: 23af;
5596: 23af;
5597: 23af;
5598: 23af;
5599: 23af;
559a: 23af;
559b: 23af;
559c: 23af;
559d: 23af;
559e: 23af;
559f: 23af;
55a0: 23af;
55a1: 23af;
55a2: 23af;
55a3: 23af;
55a4: 23af;
55a5: 23af;
55a6: 23af;
55a7: 23af;
55a8: 23af;
55a9: 23af;
55aa: 23af;
55ab: 23af;
55ac: 23af;
55ad: 23af;
55ae: 23af;
55af: 23af;
55b0: 23af;
55b1: 23af;
55b2: 23af;
55b3: 23af;
55b4: 23af;
55b5: 23af;
55b6: 23af;
55b7: 23af;
55b8: 23af;
55b9: 23bf;
55ba: 23af;
55bb: 23af;
55bc: 23bf;
55bd: 24bf;
55be: 23bf;
55bf: 24bf;
55c0: 24bf;
55c1: 24bf;
55c2: 24bf;
55c3: 24bf;
55c4: 24bf;
55c5: 24bf;
55c6: 24bf;
55c7: 23ae;
55c8: 23ad;
55c9: 23ac;
55ca: 23ba;
55cb: 23a9;
55cc: 23a7;
55cd: 23a6;
55ce: 23a4;
55cf: 24a2;
55d0: 23b1;
55d1: 0000;
55d2: 0000;
55d3: 0000;
55d4: 0000;
55d5: 0000;
55d6: 0000;
55d7: 0000;
55d8: 0000;
55d9: 0000;
55da: 0000;
55db: 0000;
55dc: 0000;
55dd: 0000;
55de: 0000;
55df: 0000;
55e0: 0000;
55e1: 0000;
55e2: 0000;
55e3: 0000;
55e4: 0000;
55e5: 0000;
55e6: 0000;
55e7: 0000;
55e8: 0000;
55e9: 0000;
55ea: 0000;
55eb: 0000;
55ec: 0000;
55ed: 0000;
55ee: 0000;
55ef: 0000;
55f0: 0000;
55f1: 0000;
55f2: 0000;
55f3: 0000;
55f4: 0000;
55f5: 0000;
55f6: 0000;
55f7: 0000;
55f8: 0000;
55f9: 0000;
55fa: 0000;
55fb: 0000;
55fc: 0000;
55fd: 0000;
55fe: 0000;
55ff: 0000;
5600: 0000;
5601: 0000;
5602: 0000;
5603: 0000;
5604: 0000;
5605: 0000;
5606: 0000;
5607: 0000;
5608: 0000;
5609: 0000;
560a: 0000;
560b: 0000;
560c: 0000;
560d: 0000;
560e: 0000;
560f: 0000;
5610: 0000;
5611: 0000;
5612: 0000;
5613: 0000;
5614: 0000;
5615: 0000;
5616: 0000;
5617: 0000;
5618: 0000;
5619: 0000;
561a: 0000;
561b: 05a0;
561c: 13a1;
561d: 24b2;
561e: 23a5;
561f: 23a7;
5620: 23a9;
5621: 23ab;
5622: 23ac;
5623: 23bd;
5624: 23ae;
5625: 23bf;
5626: 24bf;
5627: 24bf;
5628: 24bf;
5629: 24bf;
562a: 24bf;
562b: 24bf;
562c: 23bf;
562d: 23bf;
562e: 23af;
562f: 23af;
5630: 23af;
5631: 23af;
5632: 23af;
5633: 23af;
5634: 23af;
5635: 23af;
5636: 23af;
5637: 23af;
5638: 23af;
5639: 23af;
563a: 23af;
563b: 23af;
563c: 23af;
563d: 23af;
563e: 23af;
563f: 23af;
5640: 23af;
5641: 23af;
5642: 23af;
5643: 23af;
5644: 23af;
5645: 23af;
5646: 23af;
5647: 23af;
5648: 23af;
5649: 23af;
564a: 23af;
564b: 23af;
564c: 23af;
564d: 23af;
564e: 23af;
564f: 23af;
5650: 23af;
5651: 23af;
5652: 23af;
5653: 23af;
5654: 23af;
5655: 23af;
5656: 23af;
5657: 23af;
5658: 23af;
5659: 23af;
565a: 23af;
565b: 23af;
565c: 23af;
565d: 23af;
565e: 23af;
565f: 23af;
5660: 23af;
5661: 23af;
5662: 23af;
5663: 23af;
5664: 23af;
5665: 23af;
5666: 23af;
5667: 23af;
5668: 23af;
5669: 23af;
566a: 23af;
566b: 23af;
566c: 23af;
566d: 23af;
566e: 23af;
566f: 23af;
5670: 23af;
5671: 23af;
5672: 23af;
5673: 23af;
5674: 23af;
5675: 23af;
5676: 23af;
5677: 23af;
5678: 23af;
5679: 23af;
567a: 23af;
567b: 23af;
567c: 23af;
567d: 23af;
567e: 23af;
567f: 23af;
5680: 23af;
5681: 23af;
5682: 23af;
5683: 23af;
5684: 23af;
5685: 23af;
5686: 23af;
5687: 23af;
5688: 23af;
5689: 23af;
568a: 23af;
568b: 23af;
568c: 23af;
568d: 23af;
568e: 23af;
568f: 23af;
5690: 23af;
5691: 23af;
5692: 23af;
5693: 23af;
5694: 23af;
5695: 23af;
5696: 23af;
5697: 23af;
5698: 23af;
5699: 23af;
569a: 23af;
569b: 23af;
569c: 23af;
569d: 23af;
569e: 23af;
569f: 23af;
56a0: 23af;
56a1: 23af;
56a2: 23af;
56a3: 23af;
56a4: 23af;
56a5: 23af;
56a6: 23af;
56a7: 23af;
56a8: 23af;
56a9: 23af;
56aa: 23af;
56ab: 23af;
56ac: 23af;
56ad: 23af;
56ae: 23af;
56af: 23af;
56b0: 23af;
56b1: 23af;
56b2: 23af;
56b3: 23af;
56b4: 23af;
56b5: 23af;
56b6: 23af;
56b7: 23af;
56b8: 23af;
56b9: 23af;
56ba: 23af;
56bb: 23af;
56bc: 23af;
56bd: 23af;
56be: 23af;
56bf: 23af;
56c0: 23af;
56c1: 23af;
56c2: 23af;
56c3: 23af;
56c4: 23af;
56c5: 23af;
56c6: 23af;
56c7: 24bf;
56c8: 24bf;
56c9: 24bf;
56ca: 24bf;
56cb: 24bf;
56cc: 24bf;
56cd: 23af;
56ce: 23ae;
56cf: 23ad;
56d0: 23ac;
56d1: 23aa;
56d2: 23a8;
56d3: 23a6;
56d4: 23b3;
56d5: 23a1;
56d6: 33c0;
56d7: 0000;
56d8: 0000;
56d9: 0000;
56da: 0000;
56db: 0000;
56dc: 0000;
56dd: 0000;
56de: 0000;
56df: 0000;
56e0: 0000;
56e1: 0000;
56e2: 0000;
56e3: 0000;
56e4: 0000;
56e5: 0000;
56e6: 0000;
56e7: 0000;
56e8: 0000;
56e9: 0000;
56ea: 0000;
56eb: 0000;
56ec: 0000;
56ed: 0000;
56ee: 0000;
56ef: 0000;
56f0: 0000;
56f1: 0000;
56f2: 0000;
56f3: 0000;
56f4: 0000;
56f5: 0000;
56f6: 0000;
56f7: 0000;
56f8: 0000;
56f9: 0000;
56fa: 0000;
56fb: 0000;
56fc: 0000;
56fd: 0000;
56fe: 0000;
56ff: 0000;
5700: 0000;
5701: 0000;
5702: 0000;
5703: 0000;
5704: 0000;
5705: 0000;
5706: 0000;
5707: 0000;
5708: 0000;
5709: 0000;
570a: 0000;
570b: 0000;
570c: 0000;
570d: 0000;
570e: 0000;
570f: 0000;
5710: 0000;
5711: 0000;
5712: 0000;
5713: 0000;
5714: 0000;
5715: 0000;
5716: 0770;
5717: 14a1;
5718: 23a2;
5719: 23a4;
571a: 23a7;
571b: 23aa;
571c: 23ac;
571d: 23ae;
571e: 23ae;
571f: 23af;
5720: 24bf;
5721: 24bf;
5722: 24bf;
5723: 24bf;
5724: 24bf;
5725: 24bf;
5726: 23bf;
5727: 23af;
5728: 23af;
5729: 23af;
572a: 23af;
572b: 23af;
572c: 23af;
572d: 23af;
572e: 23af;
572f: 23af;
5730: 23af;
5731: 23af;
5732: 23af;
5733: 23af;
5734: 23af;
5735: 23af;
5736: 23af;
5737: 23af;
5738: 23af;
5739: 23af;
573a: 23af;
573b: 23af;
573c: 23af;
573d: 23af;
573e: 23af;
573f: 23af;
5740: 23af;
5741: 23af;
5742: 23af;
5743: 23af;
5744: 23af;
5745: 23af;
5746: 23af;
5747: 23af;
5748: 23af;
5749: 23af;
574a: 23af;
574b: 23af;
574c: 23af;
574d: 23af;
574e: 23af;
574f: 23af;
5750: 23af;
5751: 23af;
5752: 23af;
5753: 23af;
5754: 23af;
5755: 23af;
5756: 23af;
5757: 23af;
5758: 23af;
5759: 23af;
575a: 23af;
575b: 23af;
575c: 23af;
575d: 23af;
575e: 23af;
575f: 23af;
5760: 23af;
5761: 23af;
5762: 23af;
5763: 23af;
5764: 23af;
5765: 23af;
5766: 23af;
5767: 23af;
5768: 23af;
5769: 23af;
576a: 23af;
576b: 23af;
576c: 23af;
576d: 23af;
576e: 23af;
576f: 23af;
5770: 23af;
5771: 23af;
5772: 23af;
5773: 23af;
5774: 23af;
5775: 23af;
5776: 23af;
5777: 23af;
5778: 23af;
5779: 23af;
577a: 23af;
577b: 23af;
577c: 23af;
577d: 23af;
577e: 23af;
577f: 23af;
5780: 23af;
5781: 23af;
5782: 23af;
5783: 23af;
5784: 23af;
5785: 23af;
5786: 23af;
5787: 23af;
5788: 23af;
5789: 23af;
578a: 23af;
578b: 23af;
578c: 23af;
578d: 23af;
578e: 23af;
578f: 23af;
5790: 23af;
5791: 23af;
5792: 23af;
5793: 23af;
5794: 23af;
5795: 23af;
5796: 23af;
5797: 23af;
5798: 23af;
5799: 23af;
579a: 23af;
579b: 23af;
579c: 23af;
579d: 23af;
579e: 23af;
579f: 23af;
57a0: 23af;
57a1: 23af;
57a2: 23af;
57a3: 23af;
57a4: 23af;
57a5: 23af;
57a6: 23af;
57a7: 23af;
57a8: 23af;
57a9: 23af;
57aa: 23af;
57ab: 23af;
57ac: 23af;
57ad: 23af;
57ae: 23af;
57af: 23af;
57b0: 23af;
57b1: 23af;
57b2: 23af;
57b3: 23af;
57b4: 23af;
57b5: 23af;
57b6: 23af;
57b7: 23af;
57b8: 23af;
57b9: 23af;
57ba: 23af;
57bb: 23af;
57bc: 23af;
57bd: 23af;
57be: 23af;
57bf: 23af;
57c0: 23af;
57c1: 23af;
57c2: 23af;
57c3: 23af;
57c4: 23af;
57c5: 23af;
57c6: 23af;
57c7: 23af;
57c8: 23af;
57c9: 23af;
57ca: 23af;
57cb: 23af;
57cc: 24bf;
57cd: 23bf;
57ce: 24bf;
57cf: 24bf;
57d0: 24bf;
57d1: 24bf;
57d2: 23bf;
57d3: 23af;
57d4: 23ae;
57d5: 23ad;
57d6: 23ab;
57d7: 23a8;
57d8: 23a6;
57d9: 23b3;
57da: 23a2;
57db: 13a1;
57dc: 0000;
57dd: 0000;
57de: 0000;
57df: 0000;
57e0: 0000;
57e1: 0000;
57e2: 0000;
57e3: 0000;
57e4: 0000;
57e5: 0000;
57e6: 0000;
57e7: 0000;
57e8: 0000;
57e9: 0000;
57ea: 0000;
57eb: 0000;
57ec: 0000;
57ed: 0000;
57ee: 0000;
57ef: 0000;
57f0: 0000;
57f1: 0000;
57f2: 0000;
57f3: 0000;
57f4: 0000;
57f5: 0000;
57f6: 0000;
57f7: 0000;
57f8: 0000;
57f9: 0000;
57fa: 0000;
57fb: 0000;
57fc: 0000;
57fd: 0000;
57fe: 0000;
57ff: 0000;
5800: 0000;
5801: 0000;
5802: 0000;
5803: 0000;
5804: 0000;
5805: 0000;
5806: 0000;
5807: 0000;
5808: 0000;
5809: 0000;
580a: 0000;
580b: 0000;
580c: 0000;
580d: 0000;
580e: 0000;
580f: 0000;
5810: 0000;
5811: 0000;
5812: 0000;
5813: 24b1;
5814: 23a3;
5815: 23a6;
5816: 24a8;
5817: 23ab;
5818: 23be;
5819: 23bf;
581a: 24bf;
581b: 23bf;
581c: 24bf;
581d: 24bf;
581e: 23bf;
581f: 23bf;
5820: 23bf;
5821: 23af;
5822: 23af;
5823: 23af;
5824: 23af;
5825: 23af;
5826: 23af;
5827: 23af;
5828: 23af;
5829: 23af;
582a: 23af;
582b: 23af;
582c: 23af;
582d: 23af;
582e: 23af;
582f: 23af;
5830: 23af;
5831: 23af;
5832: 23af;
5833: 23af;
5834: 23af;
5835: 23af;
5836: 23af;
5837: 23af;
5838: 23af;
5839: 23af;
583a: 23af;
583b: 23af;
583c: 23af;
583d: 23af;
583e: 23af;
583f: 23af;
5840: 23af;
5841: 23af;
5842: 23af;
5843: 23af;
5844: 23af;
5845: 23af;
5846: 23af;
5847: 23af;
5848: 23af;
5849: 23af;
584a: 23af;
584b: 23af;
584c: 23af;
584d: 23af;
584e: 23af;
584f: 23af;
5850: 23af;
5851: 23af;
5852: 23af;
5853: 23af;
5854: 23af;
5855: 23af;
5856: 23af;
5857: 23af;
5858: 23af;
5859: 23af;
585a: 23af;
585b: 23af;
585c: 23af;
585d: 23af;
585e: 23af;
585f: 23af;
5860: 23af;
5861: 23af;
5862: 23af;
5863: 23af;
5864: 23af;
5865: 23af;
5866: 23af;
5867: 23af;
5868: 23af;
5869: 23af;
586a: 23af;
586b: 23af;
586c: 23af;
586d: 23af;
586e: 23af;
586f: 23af;
5870: 23af;
5871: 23af;
5872: 23af;
5873: 23af;
5874: 23af;
5875: 23af;
5876: 23af;
5877: 23af;
5878: 23af;
5879: 23af;
587a: 23af;
587b: 23af;
587c: 23af;
587d: 23af;
587e: 23af;
587f: 23af;
5880: 23af;
5881: 23af;
5882: 23af;
5883: 23af;
5884: 23af;
5885: 23af;
5886: 23af;
5887: 23af;
5888: 23af;
5889: 23af;
588a: 23af;
588b: 23af;
588c: 23af;
588d: 23af;
588e: 23af;
588f: 23af;
5890: 23af;
5891: 23af;
5892: 23af;
5893: 23af;
5894: 23af;
5895: 23af;
5896: 23af;
5897: 23af;
5898: 23af;
5899: 23af;
589a: 23af;
589b: 23af;
589c: 23af;
589d: 23af;
589e: 23af;
589f: 23af;
58a0: 23af;
58a1: 23af;
58a2: 23af;
58a3: 23af;
58a4: 23af;
58a5: 23af;
58a6: 23af;
58a7: 23af;
58a8: 23af;
58a9: 23af;
58aa: 23af;
58ab: 23af;
58ac: 23af;
58ad: 23af;
58ae: 23af;
58af: 23af;
58b0: 23af;
58b1: 23af;
58b2: 23af;
58b3: 23af;
58b4: 23af;
58b5: 23af;
58b6: 23af;
58b7: 23af;
58b8: 23af;
58b9: 23af;
58ba: 23af;
58bb: 23af;
58bc: 23af;
58bd: 23af;
58be: 23af;
58bf: 23af;
58c0: 23af;
58c1: 23af;
58c2: 23af;
58c3: 23af;
58c4: 23af;
58c5: 23af;
58c6: 23af;
58c7: 23af;
58c8: 23af;
58c9: 23af;
58ca: 23af;
58cb: 23af;
58cc: 23af;
58cd: 23af;
58ce: 23af;
58cf: 23af;
58d0: 23af;
58d1: 23af;
58d2: 24bf;
58d3: 24bf;
58d4: 24bf;
58d5: 24bf;
58d6: 24bf;
58d7: 24bf;
58d8: 24bf;
58d9: 23af;
58da: 23ad;
58db: 23aa;
58dc: 23a7;
58dd: 23a5;
58de: 23a2;
58df: 44b0;
58e0: 0000;
58e1: 0000;
58e2: 0000;
58e3: 0000;
58e4: 0000;
58e5: 0000;
58e6: 0000;
58e7: 0000;
58e8: 0000;
58e9: 0000;
58ea: 0000;
58eb: 0000;
58ec: 0000;
58ed: 0000;
58ee: 0000;
58ef: 0000;
58f0: 0000;
58f1: 0000;
58f2: 0000;
58f3: 0000;
58f4: 0000;
58f5: 0000;
58f6: 0000;
58f7: 0000;
58f8: 0000;
58f9: 0000;
58fa: 0000;
58fb: 0000;
58fc: 0000;
58fd: 0000;
58fe: 0000;
58ff: 0000;
5900: 0000;
5901: 0000;
5902: 0000;
5903: 0000;
5904: 0000;
5905: 0000;
5906: 0000;
5907: 0000;
5908: 0000;
5909: 0000;
590a: 0000;
590b: 0000;
590c: 0000;
590d: 0000;
590e: 0000;
590f: 0000;
5910: 23a2;
5911: 23a6;
5912: 24a8;
5913: 23ab;
5914: 23ae;
5915: 24bf;
5916: 24bf;
5917: 24bf;
5918: 24bf;
5919: 23bf;
591a: 23af;
591b: 23bf;
591c: 23af;
591d: 23af;
591e: 23af;
591f: 23af;
5920: 23af;
5921: 23af;
5922: 23af;
5923: 23af;
5924: 23af;
5925: 23af;
5926: 23af;
5927: 23af;
5928: 23af;
5929: 23af;
592a: 23af;
592b: 23af;
592c: 23af;
592d: 23af;
592e: 23af;
592f: 23af;
5930: 23af;
5931: 23af;
5932: 23af;
5933: 23af;
5934: 23af;
5935: 23af;
5936: 23af;
5937: 23af;
5938: 23af;
5939: 23af;
593a: 23af;
593b: 23af;
593c: 23af;
593d: 23af;
593e: 23af;
593f: 23af;
5940: 23af;
5941: 23af;
5942: 23af;
5943: 23af;
5944: 23af;
5945: 23af;
5946: 23af;
5947: 23af;
5948: 23af;
5949: 23af;
594a: 23af;
594b: 23af;
594c: 23af;
594d: 23af;
594e: 23af;
594f: 23af;
5950: 23af;
5951: 23af;
5952: 23af;
5953: 23af;
5954: 23af;
5955: 23af;
5956: 23af;
5957: 23af;
5958: 23af;
5959: 23af;
595a: 23af;
595b: 23af;
595c: 23af;
595d: 23af;
595e: 23af;
595f: 23af;
5960: 23af;
5961: 23af;
5962: 23af;
5963: 23af;
5964: 23af;
5965: 23af;
5966: 23af;
5967: 23af;
5968: 23af;
5969: 23af;
596a: 23af;
596b: 23af;
596c: 23af;
596d: 23af;
596e: 23af;
596f: 23af;
5970: 23bf;
5971: 23af;
5972: 23af;
5973: 23af;
5974: 23af;
5975: 23af;
5976: 23af;
5977: 23bf;
5978: 23bf;
5979: 23af;
597a: 23af;
597b: 23af;
597c: 23af;
597d: 23af;
597e: 23af;
597f: 23af;
5980: 23af;
5981: 23af;
5982: 23af;
5983: 23af;
5984: 23af;
5985: 23af;
5986: 23af;
5987: 23af;
5988: 23af;
5989: 23af;
598a: 23af;
598b: 23af;
598c: 23af;
598d: 23af;
598e: 23af;
598f: 23af;
5990: 23af;
5991: 23af;
5992: 23af;
5993: 23af;
5994: 23af;
5995: 23af;
5996: 23af;
5997: 23af;
5998: 23af;
5999: 23af;
599a: 23af;
599b: 23af;
599c: 23af;
599d: 23af;
599e: 23af;
599f: 23af;
59a0: 23af;
59a1: 23af;
59a2: 23af;
59a3: 23af;
59a4: 23af;
59a5: 23af;
59a6: 23af;
59a7: 23af;
59a8: 23af;
59a9: 23af;
59aa: 23af;
59ab: 23af;
59ac: 23af;
59ad: 23af;
59ae: 23af;
59af: 23af;
59b0: 23af;
59b1: 23af;
59b2: 23af;
59b3: 23af;
59b4: 23af;
59b5: 23af;
59b6: 23af;
59b7: 23af;
59b8: 23af;
59b9: 23af;
59ba: 23af;
59bb: 23af;
59bc: 23af;
59bd: 23af;
59be: 23af;
59bf: 23af;
59c0: 23af;
59c1: 23af;
59c2: 23af;
59c3: 23af;
59c4: 23af;
59c5: 23af;
59c6: 23af;
59c7: 23af;
59c8: 23af;
59c9: 23af;
59ca: 23af;
59cb: 23af;
59cc: 23af;
59cd: 23af;
59ce: 23af;
59cf: 23af;
59d0: 23af;
59d1: 23af;
59d2: 23af;
59d3: 23af;
59d4: 23af;
59d5: 23af;
59d6: 23af;
59d7: 23bf;
59d8: 24bf;
59d9: 24bf;
59da: 23bf;
59db: 24bf;
59dc: 24bf;
59dd: 23af;
59de: 23ad;
59df: 23aa;
59e0: 23a7;
59e1: 23a4;
59e2: 23a1;
59e3: 0000;
59e4: 0000;
59e5: 0000;
59e6: 0000;
59e7: 0000;
59e8: 0000;
59e9: 0000;
59ea: 0000;
59eb: 0000;
59ec: 0000;
59ed: 0000;
59ee: 0000;
59ef: 0000;
59f0: 0000;
59f1: 0000;
59f2: 0000;
59f3: 0000;
59f4: 0000;
59f5: 0000;
59f6: 0000;
59f7: 0000;
59f8: 0000;
59f9: 0000;
59fa: 0000;
59fb: 0000;
59fc: 0000;
59fd: 0000;
59fe: 0000;
59ff: 0000;
5a00: 0000;
5a01: 0000;
5a02: 0000;
5a03: 0000;
5a04: 0000;
5a05: 0000;
5a06: 0000;
5a07: 0000;
5a08: 0000;
5a09: 0000;
5a0a: 0000;
5a0b: 0000;
5a0c: 0000;
5a0d: 23a2;
5a0e: 23a6;
5a0f: 23aa;
5a10: 23bd;
5a11: 23af;
5a12: 24bf;
5a13: 24bf;
5a14: 24bf;
5a15: 23bf;
5a16: 23af;
5a17: 23af;
5a18: 23af;
5a19: 23af;
5a1a: 23af;
5a1b: 23af;
5a1c: 23af;
5a1d: 23af;
5a1e: 23af;
5a1f: 23af;
5a20: 23af;
5a21: 23af;
5a22: 23af;
5a23: 23af;
5a24: 23af;
5a25: 23af;
5a26: 23af;
5a27: 23af;
5a28: 23af;
5a29: 23af;
5a2a: 23af;
5a2b: 23af;
5a2c: 23af;
5a2d: 23af;
5a2e: 23af;
5a2f: 23af;
5a30: 23af;
5a31: 23af;
5a32: 23af;
5a33: 23af;
5a34: 23af;
5a35: 23af;
5a36: 23af;
5a37: 23af;
5a38: 23af;
5a39: 23af;
5a3a: 23af;
5a3b: 23af;
5a3c: 23af;
5a3d: 23af;
5a3e: 23af;
5a3f: 23af;
5a40: 23af;
5a41: 23af;
5a42: 23af;
5a43: 23af;
5a44: 23af;
5a45: 23af;
5a46: 23af;
5a47: 23af;
5a48: 23af;
5a49: 23af;
5a4a: 23af;
5a4b: 23af;
5a4c: 23af;
5a4d: 23af;
5a4e: 23af;
5a4f: 23af;
5a50: 23af;
5a51: 23af;
5a52: 23af;
5a53: 23af;
5a54: 23af;
5a55: 23af;
5a56: 23af;
5a57: 23af;
5a58: 23af;
5a59: 23af;
5a5a: 23af;
5a5b: 23af;
5a5c: 23af;
5a5d: 23af;
5a5e: 23af;
5a5f: 23af;
5a60: 23af;
5a61: 23af;
5a62: 23af;
5a63: 23af;
5a64: 23af;
5a65: 23af;
5a66: 23bf;
5a67: 23bf;
5a68: 24bf;
5a69: 24bf;
5a6a: 24bf;
5a6b: 24bf;
5a6c: 24bf;
5a6d: 24bf;
5a6e: 24bf;
5a6f: 24bf;
5a70: 24bf;
5a71: 24bf;
5a72: 24bf;
5a73: 24bf;
5a74: 24bf;
5a75: 24bf;
5a76: 24bf;
5a77: 24bf;
5a78: 24bf;
5a79: 24bf;
5a7a: 24bf;
5a7b: 24bf;
5a7c: 24bf;
5a7d: 24bf;
5a7e: 24bf;
5a7f: 24bf;
5a80: 24bf;
5a81: 24bf;
5a82: 23bf;
5a83: 23bf;
5a84: 23af;
5a85: 23af;
5a86: 23af;
5a87: 23af;
5a88: 23af;
5a89: 23af;
5a8a: 23af;
5a8b: 23af;
5a8c: 23af;
5a8d: 23af;
5a8e: 23af;
5a8f: 23af;
5a90: 23af;
5a91: 23af;
5a92: 23af;
5a93: 23af;
5a94: 23af;
5a95: 23af;
5a96: 23af;
5a97: 23af;
5a98: 23af;
5a99: 23af;
5a9a: 23af;
5a9b: 23af;
5a9c: 23af;
5a9d: 23af;
5a9e: 23af;
5a9f: 23af;
5aa0: 23af;
5aa1: 23af;
5aa2: 23af;
5aa3: 23af;
5aa4: 23af;
5aa5: 23af;
5aa6: 23af;
5aa7: 23af;
5aa8: 23af;
5aa9: 23af;
5aaa: 23af;
5aab: 23af;
5aac: 23af;
5aad: 23af;
5aae: 23af;
5aaf: 23af;
5ab0: 23af;
5ab1: 23af;
5ab2: 23af;
5ab3: 23af;
5ab4: 23af;
5ab5: 23af;
5ab6: 23af;
5ab7: 23af;
5ab8: 23af;
5ab9: 23af;
5aba: 23af;
5abb: 23af;
5abc: 23af;
5abd: 23af;
5abe: 23af;
5abf: 23af;
5ac0: 23af;
5ac1: 23af;
5ac2: 23af;
5ac3: 23af;
5ac4: 23af;
5ac5: 23af;
5ac6: 23af;
5ac7: 23af;
5ac8: 23af;
5ac9: 23af;
5aca: 23af;
5acb: 23af;
5acc: 23af;
5acd: 23af;
5ace: 23af;
5acf: 23af;
5ad0: 23af;
5ad1: 23af;
5ad2: 23af;
5ad3: 23af;
5ad4: 23af;
5ad5: 23af;
5ad6: 23af;
5ad7: 23af;
5ad8: 23af;
5ad9: 23af;
5ada: 23af;
5adb: 23af;
5adc: 23af;
5add: 24bf;
5ade: 24bf;
5adf: 24bf;
5ae0: 24bf;
5ae1: 23ae;
5ae2: 23ac;
5ae3: 23a8;
5ae4: 23a4;
5ae5: 14a1;
5ae6: 0000;
5ae7: 0000;
5ae8: 0000;
5ae9: 0000;
5aea: 0000;
5aeb: 0000;
5aec: 0000;
5aed: 0000;
5aee: 0000;
5aef: 0000;
5af0: 0000;
5af1: 0000;
5af2: 0000;
5af3: 0000;
5af4: 0000;
5af5: 0000;
5af6: 0000;
5af7: 0000;
5af8: 0000;
5af9: 0000;
5afa: 0000;
5afb: 0000;
5afc: 0000;
5afd: 0000;
5afe: 0000;
5aff: 0000;
5b00: 0000;
5b01: 0000;
5b02: 0000;
5b03: 0000;
5b04: 0000;
5b05: 0000;
5b06: 0000;
5b07: 0000;
5b08: 0000;
5b09: 0000;
5b0a: 2490;
5b0b: 23a3;
5b0c: 23a8;
5b0d: 23ad;
5b0e: 23af;
5b0f: 24bf;
5b10: 24bf;
5b11: 23bf;
5b12: 23bf;
5b13: 23af;
5b14: 23af;
5b15: 23af;
5b16: 23af;
5b17: 23af;
5b18: 23af;
5b19: 23af;
5b1a: 23af;
5b1b: 23af;
5b1c: 23af;
5b1d: 23af;
5b1e: 23af;
5b1f: 23af;
5b20: 23af;
5b21: 23af;
5b22: 23af;
5b23: 23af;
5b24: 23af;
5b25: 23af;
5b26: 23af;
5b27: 23af;
5b28: 23af;
5b29: 23af;
5b2a: 23af;
5b2b: 23af;
5b2c: 23af;
5b2d: 23af;
5b2e: 23af;
5b2f: 23af;
5b30: 23af;
5b31: 23af;
5b32: 23af;
5b33: 23af;
5b34: 23af;
5b35: 23af;
5b36: 23af;
5b37: 23af;
5b38: 23af;
5b39: 23af;
5b3a: 23af;
5b3b: 23af;
5b3c: 23af;
5b3d: 23af;
5b3e: 23af;
5b3f: 23af;
5b40: 23af;
5b41: 23af;
5b42: 23af;
5b43: 23af;
5b44: 23af;
5b45: 23af;
5b46: 23af;
5b47: 23af;
5b48: 23af;
5b49: 23af;
5b4a: 23af;
5b4b: 23af;
5b4c: 23af;
5b4d: 23af;
5b4e: 23af;
5b4f: 23af;
5b50: 23af;
5b51: 23af;
5b52: 23af;
5b53: 23af;
5b54: 23af;
5b55: 23af;
5b56: 23af;
5b57: 23af;
5b58: 23af;
5b59: 23af;
5b5a: 23af;
5b5b: 23af;
5b5c: 23af;
5b5d: 23af;
5b5e: 23af;
5b5f: 23af;
5b60: 23af;
5b61: 23af;
5b62: 24bf;
5b63: 24bf;
5b64: 24bf;
5b65: 24bf;
5b66: 24bf;
5b67: 23bf;
5b68: 23af;
5b69: 23ae;
5b6a: 23ae;
5b6b: 23ad;
5b6c: 23ad;
5b6d: 23ac;
5b6e: 23ac;
5b6f: 23ab;
5b70: 23ab;
5b71: 23aa;
5b72: 23aa;
5b73: 23aa;
5b74: 23aa;
5b75: 23aa;
5b76: 23aa;
5b77: 23aa;
5b78: 23aa;
5b79: 23ab;
5b7a: 23ab;
5b7b: 23ac;
5b7c: 23ac;
5b7d: 23ad;
5b7e: 23ad;
5b7f: 23ae;
5b80: 23ae;
5b81: 23af;
5b82: 23af;
5b83: 24bf;
5b84: 24bf;
5b85: 24bf;
5b86: 24bf;
5b87: 23bf;
5b88: 23bf;
5b89: 23af;
5b8a: 23af;
5b8b: 23af;
5b8c: 23af;
5b8d: 23af;
5b8e: 23af;
5b8f: 23af;
5b90: 23af;
5b91: 23af;
5b92: 23af;
5b93: 23af;
5b94: 23af;
5b95: 23af;
5b96: 23af;
5b97: 23af;
5b98: 23af;
5b99: 23af;
5b9a: 23af;
5b9b: 23af;
5b9c: 23af;
5b9d: 23af;
5b9e: 23af;
5b9f: 23af;
5ba0: 23af;
5ba1: 23af;
5ba2: 23af;
5ba3: 23af;
5ba4: 23af;
5ba5: 23af;
5ba6: 23af;
5ba7: 23af;
5ba8: 23af;
5ba9: 23af;
5baa: 23af;
5bab: 23af;
5bac: 23af;
5bad: 23af;
5bae: 23af;
5baf: 23af;
5bb0: 23af;
5bb1: 23af;
5bb2: 23af;
5bb3: 23af;
5bb4: 23af;
5bb5: 23af;
5bb6: 23af;
5bb7: 23af;
5bb8: 23af;
5bb9: 23af;
5bba: 23af;
5bbb: 23af;
5bbc: 23af;
5bbd: 23af;
5bbe: 23af;
5bbf: 23af;
5bc0: 23af;
5bc1: 23af;
5bc2: 23af;
5bc3: 23af;
5bc4: 23af;
5bc5: 23af;
5bc6: 23af;
5bc7: 23af;
5bc8: 23af;
5bc9: 23af;
5bca: 23af;
5bcb: 23af;
5bcc: 23af;
5bcd: 23af;
5bce: 23af;
5bcf: 23af;
5bd0: 23af;
5bd1: 23af;
5bd2: 23af;
5bd3: 23af;
5bd4: 23af;
5bd5: 23af;
5bd6: 23af;
5bd7: 23af;
5bd8: 23af;
5bd9: 23af;
5bda: 23af;
5bdb: 23af;
5bdc: 23af;
5bdd: 23af;
5bde: 23af;
5bdf: 23af;
5be0: 23bf;
5be1: 24bf;
5be2: 24bf;
5be3: 24bf;
5be4: 23ae;
5be5: 23ab;
5be6: 24a6;
5be7: 23a2;
5be8: 0000;
5be9: 0000;
5bea: 0000;
5beb: 0000;
5bec: 0000;
5bed: 0000;
5bee: 0000;
5bef: 0000;
5bf0: 0000;
5bf1: 0000;
5bf2: 0000;
5bf3: 0000;
5bf4: 0000;
5bf5: 0000;
5bf6: 0000;
5bf7: 0000;
5bf8: 0000;
5bf9: 0000;
5bfa: 0000;
5bfb: 0000;
5bfc: 0000;
5bfd: 0000;
5bfe: 0000;
5bff: 0000;
5c00: 0000;
5c01: 0000;
5c02: 0000;
5c03: 0000;
5c04: 0000;
5c05: 0000;
5c06: 0000;
5c07: 0000;
5c08: 0000;
5c09: 23a4;
5c0a: 23ba;
5c0b: 23ae;
5c0c: 24bf;
5c0d: 24bf;
5c0e: 23bf;
5c0f: 23af;
5c10: 23af;
5c11: 23af;
5c12: 23af;
5c13: 23af;
5c14: 23af;
5c15: 23af;
5c16: 23af;
5c17: 23af;
5c18: 23af;
5c19: 23af;
5c1a: 23af;
5c1b: 23af;
5c1c: 23af;
5c1d: 23af;
5c1e: 23af;
5c1f: 23af;
5c20: 23af;
5c21: 23af;
5c22: 23af;
5c23: 23af;
5c24: 23af;
5c25: 23af;
5c26: 23af;
5c27: 23af;
5c28: 23af;
5c29: 23af;
5c2a: 23af;
5c2b: 23af;
5c2c: 23af;
5c2d: 23af;
5c2e: 23af;
5c2f: 23af;
5c30: 23af;
5c31: 23af;
5c32: 23af;
5c33: 23af;
5c34: 23af;
5c35: 23af;
5c36: 23af;
5c37: 23af;
5c38: 23af;
5c39: 23af;
5c3a: 23af;
5c3b: 23af;
5c3c: 23af;
5c3d: 23af;
5c3e: 23af;
5c3f: 23af;
5c40: 23af;
5c41: 23af;
5c42: 23af;
5c43: 23af;
5c44: 23af;
5c45: 23af;
5c46: 23af;
5c47: 23af;
5c48: 23af;
5c49: 23af;
5c4a: 23af;
5c4b: 23af;
5c4c: 23af;
5c4d: 23af;
5c4e: 23af;
5c4f: 23af;
5c50: 23af;
5c51: 23af;
5c52: 23af;
5c53: 23af;
5c54: 23af;
5c55: 23af;
5c56: 23af;
5c57: 23af;
5c58: 23af;
5c59: 23af;
5c5a: 23af;
5c5b: 23af;
5c5c: 23af;
5c5d: 23af;
5c5e: 23bf;
5c5f: 24bf;
5c60: 24bf;
5c61: 24bf;
5c62: 23af;
5c63: 23ad;
5c64: 23ac;
5c65: 23aa;
5c66: 23a9;
5c67: 23a7;
5c68: 23a6;
5c69: 23a4;
5c6a: 23a3;
5c6b: 23a2;
5c6c: 24a1;
5c6d: 13a1;
5c6e: 22c0;
5c6f: 44b0;
5c70: 00a0;
5c71: 00f0;
5c72: 0000;
5c73: 0000;
5c74: 0000;
5c75: 0000;
5c76: 0000;
5c77: 0000;
5c78: 00f0;
5c79: 00a0;
5c7a: 3390;
5c7b: 25c0;
5c7c: 24b0;
5c7d: 23a1;
5c7e: 24a2;
5c7f: 24b3;
5c80: 24a4;
5c81: 24a5;
5c82: 23a7;
5c83: 23a9;
5c84: 23aa;
5c85: 23ab;
5c86: 23ad;
5c87: 23ae;
5c88: 24bf;
5c89: 24bf;
5c8a: 24bf;
5c8b: 23bf;
5c8c: 23af;
5c8d: 23af;
5c8e: 23af;
5c8f: 23af;
5c90: 23af;
5c91: 23af;
5c92: 23af;
5c93: 23af;
5c94: 23af;
5c95: 23af;
5c96: 23af;
5c97: 23af;
5c98: 23af;
5c99: 23af;
5c9a: 23af;
5c9b: 23af;
5c9c: 23af;
5c9d: 23af;
5c9e: 23af;
5c9f: 23af;
5ca0: 23af;
5ca1: 23af;
5ca2: 23af;
5ca3: 23af;
5ca4: 23af;
5ca5: 23af;
5ca6: 23af;
5ca7: 23af;
5ca8: 23af;
5ca9: 23af;
5caa: 23af;
5cab: 23af;
5cac: 23af;
5cad: 23af;
5cae: 23af;
5caf: 23af;
5cb0: 23af;
5cb1: 23af;
5cb2: 23af;
5cb3: 23af;
5cb4: 23af;
5cb5: 23af;
5cb6: 23af;
5cb7: 23af;
5cb8: 23af;
5cb9: 23af;
5cba: 23af;
5cbb: 23af;
5cbc: 23af;
5cbd: 23af;
5cbe: 23af;
5cbf: 23af;
5cc0: 23af;
5cc1: 23af;
5cc2: 23af;
5cc3: 23af;
5cc4: 23af;
5cc5: 23af;
5cc6: 23af;
5cc7: 23af;
5cc8: 23af;
5cc9: 23af;
5cca: 23af;
5ccb: 23af;
5ccc: 23af;
5ccd: 23af;
5cce: 23af;
5ccf: 23af;
5cd0: 23af;
5cd1: 23af;
5cd2: 23af;
5cd3: 23af;
5cd4: 23af;
5cd5: 23af;
5cd6: 23af;
5cd7: 23af;
5cd8: 23af;
5cd9: 23af;
5cda: 23af;
5cdb: 23af;
5cdc: 23af;
5cdd: 23af;
5cde: 23af;
5cdf: 23af;
5ce0: 23af;
5ce1: 23af;
5ce2: 23af;
5ce3: 23bf;
5ce4: 24bf;
5ce5: 24bf;
5ce6: 24bf;
5ce7: 23bc;
5ce8: 23a7;
5ce9: 23b1;
5cea: 0000;
5ceb: 0000;
5cec: 0000;
5ced: 0000;
5cee: 0000;
5cef: 0000;
5cf0: 0000;
5cf1: 0000;
5cf2: 0000;
5cf3: 0000;
5cf4: 0000;
5cf5: 0000;
5cf6: 0000;
5cf7: 0000;
5cf8: 0000;
5cf9: 0000;
5cfa: 0000;
5cfb: 0000;
5cfc: 0000;
5cfd: 0000;
5cfe: 0000;
5cff: 0000;
5d00: 0000;
5d01: 0000;
5d02: 0000;
5d03: 0000;
5d04: 0000;
5d05: 0000;
5d06: 0000;
5d07: 23b1;
5d08: 23a8;
5d09: 23be;
5d0a: 24bf;
5d0b: 24bf;
5d0c: 23bf;
5d0d: 23af;
5d0e: 23af;
5d0f: 23af;
5d10: 23af;
5d11: 23af;
5d12: 23af;
5d13: 23af;
5d14: 23af;
5d15: 23af;
5d16: 23af;
5d17: 23af;
5d18: 23af;
5d19: 23af;
5d1a: 23af;
5d1b: 23af;
5d1c: 23af;
5d1d: 23af;
5d1e: 23af;
5d1f: 23af;
5d20: 23af;
5d21: 23af;
5d22: 23af;
5d23: 23af;
5d24: 23af;
5d25: 23af;
5d26: 23af;
5d27: 23af;
5d28: 23af;
5d29: 23af;
5d2a: 23af;
5d2b: 23af;
5d2c: 23af;
5d2d: 23af;
5d2e: 23af;
5d2f: 23af;
5d30: 23af;
5d31: 23af;
5d32: 23af;
5d33: 23af;
5d34: 23af;
5d35: 23af;
5d36: 23af;
5d37: 23af;
5d38: 23af;
5d39: 23af;
5d3a: 23af;
5d3b: 23af;
5d3c: 23af;
5d3d: 23af;
5d3e: 23af;
5d3f: 23af;
5d40: 23af;
5d41: 23af;
5d42: 23af;
5d43: 23af;
5d44: 23af;
5d45: 23af;
5d46: 23af;
5d47: 23af;
5d48: 23af;
5d49: 23af;
5d4a: 23af;
5d4b: 23af;
5d4c: 23af;
5d4d: 23af;
5d4e: 23af;
5d4f: 23af;
5d50: 23af;
5d51: 23af;
5d52: 23af;
5d53: 23af;
5d54: 23af;
5d55: 23af;
5d56: 23af;
5d57: 23af;
5d58: 23af;
5d59: 23af;
5d5a: 23af;
5d5b: 23af;
5d5c: 24bf;
5d5d: 24bf;
5d5e: 23bf;
5d5f: 23ad;
5d60: 23aa;
5d61: 23a7;
5d62: 23b5;
5d63: 23a3;
5d64: 23a1;
5d65: 0000;
5d66: 0000;
5d67: 0000;
5d68: 0000;
5d69: 0000;
5d6a: 0000;
5d6b: 0000;
5d6c: 0000;
5d6d: 0000;
5d6e: 0000;
5d6f: 0000;
5d70: 0000;
5d71: 0000;
5d72: 0000;
5d73: 0000;
5d74: 0000;
5d75: 0000;
5d76: 0000;
5d77: 0000;
5d78: 0000;
5d79: 0000;
5d7a: 0000;
5d7b: 0000;
5d7c: 0000;
5d7d: 0000;
5d7e: 0000;
5d7f: 0000;
5d80: 0000;
5d81: 0000;
5d82: 0000;
5d83: 0000;
5d84: 0000;
5d85: 23a1;
5d86: 23a3;
5d87: 24a4;
5d88: 23a7;
5d89: 23a9;
5d8a: 23ac;
5d8b: 23af;
5d8c: 24bf;
5d8d: 24bf;
5d8e: 23af;
5d8f: 23af;
5d90: 23af;
5d91: 23af;
5d92: 23af;
5d93: 23af;
5d94: 23af;
5d95: 23af;
5d96: 23af;
5d97: 23af;
5d98: 23af;
5d99: 23af;
5d9a: 23af;
5d9b: 23af;
5d9c: 23af;
5d9d: 23af;
5d9e: 23af;
5d9f: 23af;
5da0: 23af;
5da1: 23af;
5da2: 23af;
5da3: 23af;
5da4: 23af;
5da5: 23af;
5da6: 23af;
5da7: 23af;
5da8: 23af;
5da9: 23af;
5daa: 23af;
5dab: 23af;
5dac: 23af;
5dad: 23af;
5dae: 23af;
5daf: 23af;
5db0: 23af;
5db1: 23af;
5db2: 23af;
5db3: 23af;
5db4: 23af;
5db5: 23af;
5db6: 23af;
5db7: 23af;
5db8: 23af;
5db9: 23af;
5dba: 23af;
5dbb: 23af;
5dbc: 23af;
5dbd: 23af;
5dbe: 23af;
5dbf: 23af;
5dc0: 23af;
5dc1: 23af;
5dc2: 23af;
5dc3: 23af;
5dc4: 23af;
5dc5: 23af;
5dc6: 23af;
5dc7: 23af;
5dc8: 23af;
5dc9: 23af;
5dca: 23af;
5dcb: 23af;
5dcc: 23af;
5dcd: 23af;
5dce: 23af;
5dcf: 23af;
5dd0: 23af;
5dd1: 23af;
5dd2: 23af;
5dd3: 23af;
5dd4: 23af;
5dd5: 23af;
5dd6: 23af;
5dd7: 23af;
5dd8: 23af;
5dd9: 23af;
5dda: 23af;
5ddb: 23af;
5ddc: 23af;
5ddd: 23af;
5dde: 23af;
5ddf: 23af;
5de0: 23af;
5de1: 23af;
5de2: 23af;
5de3: 23af;
5de4: 23af;
5de5: 23af;
5de6: 23bf;
5de7: 24bf;
5de8: 24bf;
5de9: 23ab;
5dea: 23a4;
5deb: 0000;
5dec: 0000;
5ded: 0000;
5dee: 0000;
5def: 0000;
5df0: 0000;
5df1: 0000;
5df2: 0000;
5df3: 0000;
5df4: 0000;
5df5: 0000;
5df6: 0000;
5df7: 0000;
5df8: 0000;
5df9: 0000;
5dfa: 0000;
5dfb: 0000;
5dfc: 0000;
5dfd: 0000;
5dfe: 0000;
5dff: 0000;
5e00: 0000;
5e01: 0000;
5e02: 0000;
5e03: 0000;
5e04: 0000;
5e05: 0000;
5e06: 14b1;
5e07: 23aa;
5e08: 24bf;
5e09: 24bf;
5e0a: 23af;
5e0b: 23af;
5e0c: 23af;
5e0d: 23af;
5e0e: 23af;
5e0f: 23af;
5e10: 23af;
5e11: 23af;
5e12: 23af;
5e13: 23af;
5e14: 23af;
5e15: 23af;
5e16: 23af;
5e17: 23af;
5e18: 23af;
5e19: 23af;
5e1a: 23af;
5e1b: 23af;
5e1c: 23af;
5e1d: 23af;
5e1e: 23af;
5e1f: 23af;
5e20: 23af;
5e21: 23af;
5e22: 23af;
5e23: 23af;
5e24: 23af;
5e25: 23af;
5e26: 23af;
5e27: 23af;
5e28: 23af;
5e29: 23af;
5e2a: 23af;
5e2b: 23af;
5e2c: 23af;
5e2d: 23af;
5e2e: 23af;
5e2f: 23af;
5e30: 23af;
5e31: 23af;
5e32: 23af;
5e33: 23af;
5e34: 23af;
5e35: 23af;
5e36: 23af;
5e37: 23af;
5e38: 23af;
5e39: 23af;
5e3a: 23af;
5e3b: 23af;
5e3c: 23af;
5e3d: 23af;
5e3e: 23af;
5e3f: 23af;
5e40: 23af;
5e41: 23af;
5e42: 23af;
5e43: 23af;
5e44: 23af;
5e45: 23af;
5e46: 23af;
5e47: 23af;
5e48: 23af;
5e49: 23af;
5e4a: 23af;
5e4b: 23af;
5e4c: 23af;
5e4d: 23af;
5e4e: 23af;
5e4f: 23af;
5e50: 23af;
5e51: 23af;
5e52: 23af;
5e53: 23af;
5e54: 23af;
5e55: 23af;
5e56: 23af;
5e57: 23af;
5e58: 23af;
5e59: 23af;
5e5a: 23bf;
5e5b: 24bf;
5e5c: 23ae;
5e5d: 23aa;
5e5e: 23a5;
5e5f: 24a2;
5e60: 24b0;
5e61: 0000;
5e62: 0000;
5e63: 0000;
5e64: 0000;
5e65: 0000;
5e66: 0000;
5e67: 0000;
5e68: 0000;
5e69: 0000;
5e6a: 0000;
5e6b: 0000;
5e6c: 0000;
5e6d: 0000;
5e6e: 0000;
5e6f: 0000;
5e70: 0000;
5e71: 0000;
5e72: 0000;
5e73: 0000;
5e74: 0000;
5e75: 0000;
5e76: 0000;
5e77: 0000;
5e78: 0000;
5e79: 0000;
5e7a: 0000;
5e7b: 0000;
5e7c: 0000;
5e7d: 0000;
5e7e: 0000;
5e7f: 0000;
5e80: 0000;
5e81: 0000;
5e82: 0000;
5e83: 0000;
5e84: 0000;
5e85: 0000;
5e86: 0000;
5e87: 0000;
5e88: 0000;
5e89: 44b0;
5e8a: 23a2;
5e8b: 23a4;
5e8c: 23a9;
5e8d: 23ae;
5e8e: 24bf;
5e8f: 23bf;
5e90: 23af;
5e91: 23af;
5e92: 23af;
5e93: 23af;
5e94: 23af;
5e95: 23af;
5e96: 23af;
5e97: 23af;
5e98: 23af;
5e99: 23af;
5e9a: 23af;
5e9b: 23af;
5e9c: 23af;
5e9d: 23af;
5e9e: 23af;
5e9f: 23af;
5ea0: 23af;
5ea1: 23af;
5ea2: 23af;
5ea3: 23af;
5ea4: 23af;
5ea5: 23af;
5ea6: 23af;
5ea7: 23af;
5ea8: 23af;
5ea9: 23af;
5eaa: 23af;
5eab: 23af;
5eac: 23af;
5ead: 23af;
5eae: 23af;
5eaf: 23af;
5eb0: 23af;
5eb1: 23af;
5eb2: 23af;
5eb3: 23af;
5eb4: 23af;
5eb5: 23af;
5eb6: 23af;
5eb7: 23af;
5eb8: 23af;
5eb9: 23af;
5eba: 23af;
5ebb: 23af;
5ebc: 23af;
5ebd: 23af;
5ebe: 23af;
5ebf: 23af;
5ec0: 23af;
5ec1: 23af;
5ec2: 23af;
5ec3: 23af;
5ec4: 23af;
5ec5: 23af;
5ec6: 23af;
5ec7: 23af;
5ec8: 23af;
5ec9: 23af;
5eca: 23af;
5ecb: 23af;
5ecc: 23af;
5ecd: 23af;
5ece: 23af;
5ecf: 23af;
5ed0: 23af;
5ed1: 23af;
5ed2: 23af;
5ed3: 23af;
5ed4: 23af;
5ed5: 23af;
5ed6: 23af;
5ed7: 23af;
5ed8: 23af;
5ed9: 23af;
5eda: 23af;
5edb: 23af;
5edc: 23af;
5edd: 23af;
5ede: 23af;
5edf: 23af;
5ee0: 23af;
5ee1: 23af;
5ee2: 23af;
5ee3: 23af;
5ee4: 23af;
5ee5: 23af;
5ee6: 23af;
5ee7: 23af;
5ee8: 24bf;
5ee9: 24bf;
5eea: 23ae;
5eeb: 23a5;
5eec: 0000;
5eed: 0000;
5eee: 0000;
5eef: 0000;
5ef0: 0000;
5ef1: 0000;
5ef2: 0000;
5ef3: 0000;
5ef4: 0000;
5ef5: 0000;
5ef6: 0000;
5ef7: 0000;
5ef8: 0000;
5ef9: 0000;
5efa: 0000;
5efb: 0000;
5efc: 0000;
5efd: 0000;
5efe: 0000;
5eff: 0000;
5f00: 0000;
5f01: 0000;
5f02: 0000;
5f03: 0000;
5f04: 0000;
5f05: 0070;
5f06: 23a8;
5f07: 24bf;
5f08: 24bf;
5f09: 23af;
5f0a: 23af;
5f0b: 23af;
5f0c: 23af;
5f0d: 23af;
5f0e: 23af;
5f0f: 23af;
5f10: 23af;
5f11: 23af;
5f12: 23af;
5f13: 23af;
5f14: 23af;
5f15: 23af;
5f16: 23af;
5f17: 23af;
5f18: 23af;
5f19: 23af;
5f1a: 23af;
5f1b: 23af;
5f1c: 23af;
5f1d: 23af;
5f1e: 23af;
5f1f: 23af;
5f20: 23af;
5f21: 23af;
5f22: 23af;
5f23: 23af;
5f24: 23af;
5f25: 23af;
5f26: 23af;
5f27: 23af;
5f28: 23af;
5f29: 23af;
5f2a: 23af;
5f2b: 23af;
5f2c: 23af;
5f2d: 23af;
5f2e: 23af;
5f2f: 23af;
5f30: 23af;
5f31: 23af;
5f32: 23af;
5f33: 23af;
5f34: 23af;
5f35: 23af;
5f36: 23af;
5f37: 23af;
5f38: 23af;
5f39: 23af;
5f3a: 23af;
5f3b: 23af;
5f3c: 23af;
5f3d: 23af;
5f3e: 23af;
5f3f: 23af;
5f40: 23af;
5f41: 23af;
5f42: 23af;
5f43: 23af;
5f44: 23af;
5f45: 23af;
5f46: 23af;
5f47: 23af;
5f48: 23af;
5f49: 23af;
5f4a: 23af;
5f4b: 23af;
5f4c: 23af;
5f4d: 23af;
5f4e: 23af;
5f4f: 23af;
5f50: 23af;
5f51: 23af;
5f52: 23af;
5f53: 23af;
5f54: 23af;
5f55: 23af;
5f56: 23af;
5f57: 23af;
5f58: 23af;
5f59: 23af;
5f5a: 24bf;
5f5b: 23ab;
5f5c: 23a4;
5f5d: 24b0;
5f5e: 0000;
5f5f: 0000;
5f60: 0000;
5f61: 0000;
5f62: 0000;
5f63: 0000;
5f64: 0000;
5f65: 0000;
5f66: 0000;
5f67: 0000;
5f68: 0000;
5f69: 0000;
5f6a: 0000;
5f6b: 0000;
5f6c: 0000;
5f6d: 0000;
5f6e: 0000;
5f6f: 0000;
5f70: 0000;
5f71: 0000;
5f72: 0000;
5f73: 0000;
5f74: 0000;
5f75: 0000;
5f76: 0000;
5f77: 0000;
5f78: 0000;
5f79: 0000;
5f7a: 0000;
5f7b: 0000;
5f7c: 0000;
5f7d: 0000;
5f7e: 0000;
5f7f: 0000;
5f80: 0000;
5f81: 0000;
5f82: 0000;
5f83: 0000;
5f84: 0000;
5f85: 0000;
5f86: 0000;
5f87: 0000;
5f88: 0000;
5f89: 0000;
5f8a: 0000;
5f8b: 0000;
5f8c: 44b0;
5f8d: 23a3;
5f8e: 23aa;
5f8f: 23bf;
5f90: 23bf;
5f91: 23af;
5f92: 23af;
5f93: 23af;
5f94: 23af;
5f95: 23af;
5f96: 23af;
5f97: 23af;
5f98: 23af;
5f99: 23af;
5f9a: 23af;
5f9b: 23af;
5f9c: 23af;
5f9d: 23af;
5f9e: 23af;
5f9f: 23af;
5fa0: 23af;
5fa1: 23af;
5fa2: 23af;
5fa3: 23af;
5fa4: 23af;
5fa5: 23af;
5fa6: 23af;
5fa7: 23af;
5fa8: 23af;
5fa9: 23af;
5faa: 23af;
5fab: 23af;
5fac: 23af;
5fad: 23af;
5fae: 23af;
5faf: 23af;
5fb0: 23af;
5fb1: 23af;
5fb2: 23af;
5fb3: 23af;
5fb4: 23af;
5fb5: 23af;
5fb6: 23af;
5fb7: 23af;
5fb8: 23af;
5fb9: 23af;
5fba: 23af;
5fbb: 23af;
5fbc: 23af;
5fbd: 23af;
5fbe: 23af;
5fbf: 23af;
5fc0: 23af;
5fc1: 23af;
5fc2: 23af;
5fc3: 23af;
5fc4: 23af;
5fc5: 23af;
5fc6: 23af;
5fc7: 23af;
5fc8: 23af;
5fc9: 23af;
5fca: 23af;
5fcb: 23af;
5fcc: 23af;
5fcd: 23af;
5fce: 23af;
5fcf: 23af;
5fd0: 23af;
5fd1: 23af;
5fd2: 23af;
5fd3: 23af;
5fd4: 23af;
5fd5: 23af;
5fd6: 23af;
5fd7: 23af;
5fd8: 23af;
5fd9: 23af;
5fda: 23af;
5fdb: 23af;
5fdc: 23af;
5fdd: 23af;
5fde: 23af;
5fdf: 23af;
5fe0: 23af;
5fe1: 23af;
5fe2: 23af;
5fe3: 23af;
5fe4: 23af;
5fe5: 23af;
5fe6: 23af;
5fe7: 23af;
5fe8: 23af;
5fe9: 23af;
5fea: 24bf;
5feb: 23ad;
5fec: 23b2;
5fed: 0000;
5fee: 0000;
5fef: 0000;
5ff0: 0000;
5ff1: 0000;
5ff2: 0000;
5ff3: 0000;
5ff4: 0000;
5ff5: 0000;
5ff6: 0000;
5ff7: 0000;
5ff8: 0000;
5ff9: 0000;
5ffa: 0000;
5ffb: 0000;
5ffc: 0000;
5ffd: 0000;
5ffe: 0000;
5fff: 0000;
6000: 0000;
6001: 0000;
6002: 0000;
6003: 0000;
6004: 0000;
6005: 23a1;
6006: 23ac;
6007: 24bf;
6008: 23af;
6009: 23af;
600a: 23af;
600b: 23af;
600c: 23af;
600d: 23af;
600e: 23af;
600f: 23af;
6010: 23af;
6011: 23af;
6012: 23af;
6013: 23af;
6014: 23af;
6015: 23af;
6016: 23af;
6017: 23af;
6018: 23af;
6019: 23af;
601a: 23af;
601b: 23af;
601c: 23af;
601d: 23af;
601e: 23af;
601f: 23af;
6020: 23af;
6021: 23af;
6022: 23af;
6023: 23af;
6024: 23af;
6025: 23af;
6026: 23af;
6027: 23af;
6028: 23af;
6029: 23af;
602a: 23af;
602b: 23af;
602c: 23af;
602d: 23af;
602e: 23af;
602f: 23af;
6030: 23af;
6031: 23af;
6032: 23af;
6033: 23af;
6034: 23af;
6035: 23af;
6036: 23af;
6037: 23af;
6038: 23af;
6039: 23af;
603a: 23af;
603b: 23af;
603c: 23af;
603d: 23af;
603e: 23af;
603f: 23af;
6040: 23af;
6041: 23af;
6042: 23af;
6043: 23af;
6044: 23af;
6045: 23af;
6046: 23af;
6047: 23af;
6048: 23af;
6049: 23af;
604a: 23af;
604b: 23af;
604c: 23af;
604d: 23af;
604e: 23af;
604f: 23af;
6050: 23af;
6051: 23af;
6052: 23af;
6053: 23af;
6054: 23af;
6055: 23af;
6056: 23af;
6057: 23af;
6058: 23af;
6059: 24bf;
605a: 23ad;
605b: 23a2;
605c: 0000;
605d: 0000;
605e: 0000;
605f: 0000;
6060: 0000;
6061: 0000;
6062: 0000;
6063: 0000;
6064: 0000;
6065: 0000;
6066: 0000;
6067: 0000;
6068: 0000;
6069: 0000;
606a: 0000;
606b: 0000;
606c: 0000;
606d: 0000;
606e: 0000;
606f: 0000;
6070: 0000;
6071: 0000;
6072: 0000;
6073: 0000;
6074: 0000;
6075: 0000;
6076: 0000;
6077: 0000;
6078: 0000;
6079: 0000;
607a: 0000;
607b: 0000;
607c: 0000;
607d: 0000;
607e: 0000;
607f: 0000;
6080: 0000;
6081: 0000;
6082: 0000;
6083: 0000;
6084: 0000;
6085: 0000;
6086: 0000;
6087: 0000;
6088: 0000;
6089: 0000;
608a: 0000;
608b: 0000;
608c: 0000;
608d: 0000;
608e: 23a1;
608f: 23ab;
6090: 24bf;
6091: 23af;
6092: 23af;
6093: 23af;
6094: 23af;
6095: 23af;
6096: 23af;
6097: 23af;
6098: 23af;
6099: 23af;
609a: 23af;
609b: 23af;
609c: 23af;
609d: 23af;
609e: 23af;
609f: 23af;
60a0: 23af;
60a1: 23af;
60a2: 23af;
60a3: 23af;
60a4: 23af;
60a5: 23af;
60a6: 23af;
60a7: 23af;
60a8: 23af;
60a9: 23af;
60aa: 23af;
60ab: 23af;
60ac: 23af;
60ad: 23af;
60ae: 23af;
60af: 23af;
60b0: 23af;
60b1: 23af;
60b2: 23af;
60b3: 23af;
60b4: 23af;
60b5: 23af;
60b6: 23af;
60b7: 23af;
60b8: 23af;
60b9: 23af;
60ba: 23af;
60bb: 23af;
60bc: 23af;
60bd: 23af;
60be: 23af;
60bf: 23af;
60c0: 23af;
60c1: 23af;
60c2: 23af;
60c3: 23af;
60c4: 23af;
60c5: 23af;
60c6: 23af;
60c7: 23af;
60c8: 23af;
60c9: 23af;
60ca: 23af;
60cb: 23af;
60cc: 23af;
60cd: 23af;
60ce: 23af;
60cf: 23af;
60d0: 23af;
60d1: 23af;
60d2: 23af;
60d3: 23af;
60d4: 23af;
60d5: 23af;
60d6: 23af;
60d7: 23af;
60d8: 23af;
60d9: 23af;
60da: 23af;
60db: 23af;
60dc: 23af;
60dd: 23af;
60de: 23af;
60df: 23af;
60e0: 23af;
60e1: 23af;
60e2: 23af;
60e3: 23af;
60e4: 23af;
60e5: 23af;
60e6: 23af;
60e7: 23af;
60e8: 23af;
60e9: 23af;
60ea: 24bf;
60eb: 23af;
60ec: 23a6;
60ed: 0000;
60ee: 0000;
60ef: 0000;
60f0: 0000;
60f1: 0000;
60f2: 0000;
60f3: 0000;
60f4: 0000;
60f5: 0000;
60f6: 0000;
60f7: 0000;
60f8: 0000;
60f9: 0000;
60fa: 0000;
60fb: 0000;
60fc: 0000;
60fd: 0000;
60fe: 0000;
60ff: 0000;
6100: 0000;
6101: 0000;
6102: 0000;
6103: 0000;
6104: 0000;
6105: 13a1;
6106: 23aa;
6107: 24bf;
6108: 23af;
6109: 23af;
610a: 23af;
610b: 23af;
610c: 23af;
610d: 23af;
610e: 23af;
610f: 23af;
6110: 23af;
6111: 23af;
6112: 23af;
6113: 23af;
6114: 23af;
6115: 23af;
6116: 23af;
6117: 23af;
6118: 23af;
6119: 23af;
611a: 23af;
611b: 23af;
611c: 23af;
611d: 23af;
611e: 23af;
611f: 23af;
6120: 23af;
6121: 23af;
6122: 23af;
6123: 23af;
6124: 23af;
6125: 23af;
6126: 23af;
6127: 23af;
6128: 23af;
6129: 23af;
612a: 23af;
612b: 23af;
612c: 23af;
612d: 23af;
612e: 23af;
612f: 23af;
6130: 23af;
6131: 23af;
6132: 23af;
6133: 23af;
6134: 23af;
6135: 23af;
6136: 23af;
6137: 23af;
6138: 23af;
6139: 23af;
613a: 23af;
613b: 23af;
613c: 23af;
613d: 23af;
613e: 23af;
613f: 23af;
6140: 23af;
6141: 23af;
6142: 23af;
6143: 23af;
6144: 23af;
6145: 23af;
6146: 23af;
6147: 23af;
6148: 23af;
6149: 23af;
614a: 23af;
614b: 23af;
614c: 23af;
614d: 23af;
614e: 23af;
614f: 23af;
6150: 23af;
6151: 23af;
6152: 23af;
6153: 23af;
6154: 23af;
6155: 23af;
6156: 23af;
6157: 23af;
6158: 23af;
6159: 24bf;
615a: 23ac;
615b: 24a1;
615c: 0000;
615d: 0000;
615e: 0000;
615f: 0000;
6160: 0000;
6161: 0000;
6162: 0000;
6163: 0000;
6164: 0000;
6165: 0000;
6166: 0000;
6167: 0000;
6168: 0000;
6169: 0000;
616a: 0000;
616b: 0000;
616c: 0000;
616d: 0000;
616e: 0000;
616f: 0000;
6170: 0000;
6171: 0000;
6172: 0000;
6173: 0000;
6174: 0000;
6175: 0000;
6176: 0000;
6177: 0000;
6178: 0000;
6179: 0000;
617a: 0000;
617b: 0000;
617c: 0000;
617d: 0000;
617e: 0000;
617f: 0000;
6180: 0000;
6181: 0000;
6182: 0000;
6183: 0000;
6184: 0000;
6185: 0000;
6186: 0000;
6187: 0000;
6188: 0000;
6189: 0000;
618a: 0000;
618b: 0000;
618c: 0000;
618d: 0000;
618e: 0770;
618f: 23ab;
6190: 24bf;
6191: 23bf;
6192: 23af;
6193: 23af;
6194: 23af;
6195: 23af;
6196: 23af;
6197: 23af;
6198: 23af;
6199: 23af;
619a: 23af;
619b: 23af;
619c: 23af;
619d: 23af;
619e: 23af;
619f: 23af;
61a0: 23af;
61a1: 23af;
61a2: 23af;
61a3: 23af;
61a4: 23af;
61a5: 23af;
61a6: 23af;
61a7: 23af;
61a8: 23af;
61a9: 23af;
61aa: 23af;
61ab: 23af;
61ac: 23af;
61ad: 23af;
61ae: 23af;
61af: 23af;
61b0: 23af;
61b1: 23af;
61b2: 23af;
61b3: 23af;
61b4: 23af;
61b5: 23af;
61b6: 23af;
61b7: 23af;
61b8: 23af;
61b9: 23af;
61ba: 23af;
61bb: 23af;
61bc: 23af;
61bd: 23af;
61be: 23af;
61bf: 23af;
61c0: 23af;
61c1: 23af;
61c2: 23af;
61c3: 23af;
61c4: 23af;
61c5: 23af;
61c6: 23af;
61c7: 23af;
61c8: 23af;
61c9: 23af;
61ca: 23af;
61cb: 23af;
61cc: 23af;
61cd: 23af;
61ce: 23af;
61cf: 23af;
61d0: 23af;
61d1: 23af;
61d2: 23af;
61d3: 23af;
61d4: 23af;
61d5: 23af;
61d6: 23af;
61d7: 23af;
61d8: 23af;
61d9: 23af;
61da: 23af;
61db: 23af;
61dc: 23af;
61dd: 23af;
61de: 23af;
61df: 23af;
61e0: 23af;
61e1: 23af;
61e2: 23af;
61e3: 23af;
61e4: 23af;
61e5: 23af;
61e6: 23af;
61e7: 23af;
61e8: 23af;
61e9: 23af;
61ea: 24bf;
61eb: 23af;
61ec: 23a5;
61ed: 0000;
61ee: 0000;
61ef: 0000;
61f0: 0000;
61f1: 0000;
61f2: 0000;
61f3: 0000;
61f4: 0000;
61f5: 0000;
61f6: 0000;
61f7: 0000;
61f8: 0000;
61f9: 0000;
61fa: 0000;
61fb: 0000;
61fc: 0000;
61fd: 0000;
61fe: 0000;
61ff: 0000;
6200: 0000;
6201: 0000;
6202: 0000;
6203: 0000;
6204: 0000;
6205: 0000;
6206: 23b5;
6207: 23be;
6208: 24bf;
6209: 24bf;
620a: 23af;
620b: 23af;
620c: 23af;
620d: 23af;
620e: 23af;
620f: 23af;
6210: 23af;
6211: 23af;
6212: 23af;
6213: 23af;
6214: 23af;
6215: 23af;
6216: 23af;
6217: 23af;
6218: 23af;
6219: 23af;
621a: 23af;
621b: 23af;
621c: 23af;
621d: 23af;
621e: 23af;
621f: 23af;
6220: 23af;
6221: 23af;
6222: 23af;
6223: 23af;
6224: 23af;
6225: 23af;
6226: 23af;
6227: 23af;
6228: 23af;
6229: 23af;
622a: 23af;
622b: 23af;
622c: 23af;
622d: 23af;
622e: 23af;
622f: 23af;
6230: 23af;
6231: 23af;
6232: 23af;
6233: 23af;
6234: 23af;
6235: 23af;
6236: 23af;
6237: 23af;
6238: 23af;
6239: 23af;
623a: 23af;
623b: 23af;
623c: 23af;
623d: 23af;
623e: 23af;
623f: 23af;
6240: 23af;
6241: 23af;
6242: 23af;
6243: 23af;
6244: 23af;
6245: 23af;
6246: 23af;
6247: 23af;
6248: 23af;
6249: 23af;
624a: 23af;
624b: 23af;
624c: 23af;
624d: 23af;
624e: 23af;
624f: 23af;
6250: 23af;
6251: 23af;
6252: 23af;
6253: 23af;
6254: 23af;
6255: 23af;
6256: 23af;
6257: 23af;
6258: 23af;
6259: 23af;
625a: 23bf;
625b: 23aa;
625c: 23a2;
625d: 0000;
625e: 0000;
625f: 0000;
6260: 0000;
6261: 0000;
6262: 0000;
6263: 0000;
6264: 0000;
6265: 0000;
6266: 0000;
6267: 0000;
6268: 0000;
6269: 0000;
626a: 0000;
626b: 0000;
626c: 0000;
626d: 0000;
626e: 0000;
626f: 0000;
6270: 0000;
6271: 0000;
6272: 0000;
6273: 0000;
6274: 0000;
6275: 0000;
6276: 0000;
6277: 0000;
6278: 0000;
6279: 0000;
627a: 0000;
627b: 0000;
627c: 0000;
627d: 0000;
627e: 0000;
627f: 0000;
6280: 0000;
6281: 0000;
6282: 0000;
6283: 0000;
6284: 0000;
6285: 0000;
6286: 0000;
6287: 0000;
6288: 0000;
6289: 0000;
628a: 0000;
628b: 0000;
628c: 0000;
628d: 23b1;
628e: 23a8;
628f: 23be;
6290: 24bf;
6291: 23af;
6292: 23af;
6293: 23af;
6294: 23af;
6295: 23af;
6296: 23af;
6297: 23af;
6298: 23af;
6299: 23af;
629a: 23af;
629b: 23af;
629c: 23af;
629d: 23af;
629e: 23af;
629f: 23af;
62a0: 23af;
62a1: 23af;
62a2: 23af;
62a3: 23af;
62a4: 23af;
62a5: 23af;
62a6: 23af;
62a7: 23af;
62a8: 23af;
62a9: 23af;
62aa: 23af;
62ab: 23af;
62ac: 23af;
62ad: 23af;
62ae: 23af;
62af: 23af;
62b0: 23af;
62b1: 23af;
62b2: 23af;
62b3: 23af;
62b4: 23af;
62b5: 23af;
62b6: 23af;
62b7: 23af;
62b8: 23af;
62b9: 23af;
62ba: 23af;
62bb: 23af;
62bc: 23af;
62bd: 23af;
62be: 23af;
62bf: 23af;
62c0: 23af;
62c1: 23af;
62c2: 23af;
62c3: 23af;
62c4: 23af;
62c5: 23af;
62c6: 23af;
62c7: 23af;
62c8: 23af;
62c9: 23af;
62ca: 23af;
62cb: 23af;
62cc: 23af;
62cd: 23af;
62ce: 23af;
62cf: 23af;
62d0: 23af;
62d1: 23af;
62d2: 23af;
62d3: 23af;
62d4: 23af;
62d5: 23af;
62d6: 23af;
62d7: 23af;
62d8: 23af;
62d9: 23af;
62da: 23af;
62db: 23af;
62dc: 23af;
62dd: 23af;
62de: 23af;
62df: 23af;
62e0: 23af;
62e1: 23af;
62e2: 23af;
62e3: 23af;
62e4: 23af;
62e5: 23af;
62e6: 23af;
62e7: 23af;
62e8: 23af;
62e9: 24bf;
62ea: 24bf;
62eb: 23aa;
62ec: 14a1;
62ed: 0000;
62ee: 0000;
62ef: 0000;
62f0: 0000;
62f1: 0000;
62f2: 0000;
62f3: 0000;
62f4: 0000;
62f5: 0000;
62f6: 0000;
62f7: 0000;
62f8: 0000;
62f9: 0000;
62fa: 0000;
62fb: 0000;
62fc: 0000;
62fd: 0000;
62fe: 0000;
62ff: 0000;
6300: 0000;
6301: 0000;
6302: 0000;
6303: 0000;
6304: 0000;
6305: 0000;
6306: 0000;
6307: 23b5;
6308: 23bd;
6309: 24bf;
630a: 24bf;
630b: 23af;
630c: 23af;
630d: 23af;
630e: 23af;
630f: 23af;
6310: 23af;
6311: 23af;
6312: 23af;
6313: 23af;
6314: 23af;
6315: 23af;
6316: 23af;
6317: 23af;
6318: 23af;
6319: 23af;
631a: 23af;
631b: 23af;
631c: 23af;
631d: 23af;
631e: 23af;
631f: 23af;
6320: 23af;
6321: 23af;
6322: 23af;
6323: 23af;
6324: 23af;
6325: 23af;
6326: 23af;
6327: 23af;
6328: 23af;
6329: 23af;
632a: 23af;
632b: 23af;
632c: 23af;
632d: 23af;
632e: 23af;
632f: 23af;
6330: 23af;
6331: 23af;
6332: 23af;
6333: 23af;
6334: 23af;
6335: 23af;
6336: 23af;
6337: 23af;
6338: 23af;
6339: 23af;
633a: 23af;
633b: 23af;
633c: 23af;
633d: 23af;
633e: 23af;
633f: 23af;
6340: 23af;
6341: 23af;
6342: 23af;
6343: 23af;
6344: 23af;
6345: 23af;
6346: 23af;
6347: 23af;
6348: 23af;
6349: 23af;
634a: 23af;
634b: 23af;
634c: 23af;
634d: 23af;
634e: 23af;
634f: 23af;
6350: 23af;
6351: 23af;
6352: 23af;
6353: 23af;
6354: 23af;
6355: 23af;
6356: 23af;
6357: 23af;
6358: 23af;
6359: 23af;
635a: 24bf;
635b: 24bf;
635c: 23ad;
635d: 23b8;
635e: 23a3;
635f: 23a1;
6360: 0000;
6361: 0000;
6362: 0000;
6363: 0000;
6364: 0000;
6365: 0000;
6366: 0000;
6367: 0000;
6368: 0000;
6369: 0000;
636a: 0000;
636b: 0000;
636c: 0000;
636d: 0000;
636e: 0000;
636f: 0000;
6370: 0000;
6371: 0000;
6372: 0000;
6373: 0000;
6374: 0000;
6375: 0000;
6376: 0000;
6377: 0000;
6378: 0000;
6379: 0000;
637a: 0000;
637b: 0000;
637c: 0000;
637d: 0000;
637e: 0000;
637f: 0000;
6380: 0000;
6381: 0000;
6382: 0000;
6383: 0000;
6384: 0000;
6385: 0000;
6386: 0000;
6387: 0000;
6388: 0000;
6389: 0000;
638a: 23a1;
638b: 23a3;
638c: 23b7;
638d: 23ac;
638e: 23bf;
638f: 23bf;
6390: 23af;
6391: 23af;
6392: 23af;
6393: 23af;
6394: 23af;
6395: 23af;
6396: 23af;
6397: 23af;
6398: 23af;
6399: 23af;
639a: 23af;
639b: 23af;
639c: 23af;
639d: 23af;
639e: 23af;
639f: 23af;
63a0: 23af;
63a1: 23af;
63a2: 23af;
63a3: 23af;
63a4: 23af;
63a5: 23af;
63a6: 23af;
63a7: 23af;
63a8: 23af;
63a9: 23af;
63aa: 23af;
63ab: 23af;
63ac: 23af;
63ad: 23af;
63ae: 23af;
63af: 23af;
63b0: 23af;
63b1: 23af;
63b2: 23af;
63b3: 23af;
63b4: 23af;
63b5: 23af;
63b6: 23af;
63b7: 23af;
63b8: 23af;
63b9: 23af;
63ba: 23af;
63bb: 23af;
63bc: 23af;
63bd: 23af;
63be: 23af;
63bf: 23af;
63c0: 23af;
63c1: 23af;
63c2: 23af;
63c3: 23af;
63c4: 23af;
63c5: 23af;
63c6: 23af;
63c7: 23af;
63c8: 23af;
63c9: 23af;
63ca: 23af;
63cb: 23af;
63cc: 23af;
63cd: 23af;
63ce: 23af;
63cf: 23af;
63d0: 23af;
63d1: 23af;
63d2: 23af;
63d3: 23af;
63d4: 23af;
63d5: 23af;
63d6: 23af;
63d7: 23af;
63d8: 23af;
63d9: 23af;
63da: 23af;
63db: 23af;
63dc: 23af;
63dd: 23af;
63de: 23af;
63df: 23af;
63e0: 23af;
63e1: 23af;
63e2: 23af;
63e3: 23af;
63e4: 23af;
63e5: 23af;
63e6: 23af;
63e7: 24bf;
63e8: 24bf;
63e9: 24bf;
63ea: 23aa;
63eb: 23a2;
63ec: 0000;
63ed: 0000;
63ee: 0000;
63ef: 0000;
63f0: 0000;
63f1: 0000;
63f2: 0000;
63f3: 0000;
63f4: 0000;
63f5: 0000;
63f6: 0000;
63f7: 0000;
63f8: 0000;
63f9: 0000;
63fa: 0000;
63fb: 0000;
63fc: 0000;
63fd: 0000;
63fe: 0000;
63ff: 0000;
6400: 0000;
6401: 0000;
6402: 0000;
6403: 0000;
6404: 0000;
6405: 0000;
6406: 0000;
6407: 0000;
6408: 24a3;
6409: 23aa;
640a: 23be;
640b: 24bf;
640c: 24bf;
640d: 23af;
640e: 23af;
640f: 23af;
6410: 23af;
6411: 23af;
6412: 23af;
6413: 23af;
6414: 23af;
6415: 23af;
6416: 23af;
6417: 23af;
6418: 23af;
6419: 23af;
641a: 23af;
641b: 23af;
641c: 23af;
641d: 23af;
641e: 23af;
641f: 23af;
6420: 23af;
6421: 23af;
6422: 23af;
6423: 23af;
6424: 23af;
6425: 23af;
6426: 23af;
6427: 23af;
6428: 23af;
6429: 23af;
642a: 23af;
642b: 23af;
642c: 23af;
642d: 23af;
642e: 23af;
642f: 23af;
6430: 23af;
6431: 23af;
6432: 23af;
6433: 23af;
6434: 23af;
6435: 23af;
6436: 23af;
6437: 23af;
6438: 23af;
6439: 23af;
643a: 23af;
643b: 23af;
643c: 23af;
643d: 23af;
643e: 23af;
643f: 23af;
6440: 23af;
6441: 23af;
6442: 23af;
6443: 23af;
6444: 23af;
6445: 23af;
6446: 23af;
6447: 23af;
6448: 23af;
6449: 23af;
644a: 23af;
644b: 23af;
644c: 23af;
644d: 23af;
644e: 23af;
644f: 23af;
6450: 23af;
6451: 23af;
6452: 23af;
6453: 23af;
6454: 23af;
6455: 23af;
6456: 23af;
6457: 23af;
6458: 23af;
6459: 23af;
645a: 23af;
645b: 23bf;
645c: 24bf;
645d: 24bf;
645e: 23ae;
645f: 23ab;
6460: 24a8;
6461: 23a5;
6462: 23a3;
6463: 23a1;
6464: 05f0;
6465: 0000;
6466: 0000;
6467: 0000;
6468: 0000;
6469: 0000;
646a: 0000;
646b: 0000;
646c: 0000;
646d: 0000;
646e: 0000;
646f: 0000;
6470: 0000;
6471: 0000;
6472: 0000;
6473: 0000;
6474: 0000;
6475: 0000;
6476: 0000;
6477: 0000;
6478: 0000;
6479: 0000;
647a: 0000;
647b: 0000;
647c: 0000;
647d: 0000;
647e: 0000;
647f: 0000;
6480: 0000;
6481: 0000;
6482: 0000;
6483: 0000;
6484: 0000;
6485: 0000;
6486: 24a1;
6487: 23a3;
6488: 23a5;
6489: 23a7;
648a: 23ba;
648b: 23ae;
648c: 24bf;
648d: 24bf;
648e: 23bf;
648f: 23af;
6490: 23af;
6491: 23af;
6492: 23af;
6493: 23af;
6494: 23af;
6495: 23af;
6496: 23af;
6497: 23af;
6498: 23af;
6499: 23af;
649a: 23af;
649b: 23af;
649c: 23af;
649d: 23af;
649e: 23af;
649f: 23af;
64a0: 23af;
64a1: 23af;
64a2: 23af;
64a3: 23af;
64a4: 23af;
64a5: 23af;
64a6: 23af;
64a7: 23af;
64a8: 23af;
64a9: 23af;
64aa: 23af;
64ab: 23af;
64ac: 23af;
64ad: 23af;
64ae: 23af;
64af: 23af;
64b0: 23af;
64b1: 23af;
64b2: 23af;
64b3: 23af;
64b4: 23af;
64b5: 23af;
64b6: 23af;
64b7: 23af;
64b8: 23af;
64b9: 23af;
64ba: 23af;
64bb: 23af;
64bc: 23af;
64bd: 23af;
64be: 23af;
64bf: 23af;
64c0: 23af;
64c1: 23af;
64c2: 23af;
64c3: 23af;
64c4: 23af;
64c5: 23af;
64c6: 23af;
64c7: 23af;
64c8: 23af;
64c9: 23af;
64ca: 23af;
64cb: 23af;
64cc: 23af;
64cd: 23af;
64ce: 23af;
64cf: 23af;
64d0: 23af;
64d1: 23af;
64d2: 23af;
64d3: 23af;
64d4: 23af;
64d5: 23af;
64d6: 23af;
64d7: 23af;
64d8: 23af;
64d9: 23af;
64da: 23af;
64db: 23af;
64dc: 23af;
64dd: 23af;
64de: 23af;
64df: 23af;
64e0: 23af;
64e1: 23af;
64e2: 23af;
64e3: 23af;
64e4: 23af;
64e5: 23bf;
64e6: 24bf;
64e7: 24bf;
64e8: 23ac;
64e9: 23a6;
64ea: 23a1;
64eb: 0000;
64ec: 0000;
64ed: 0000;
64ee: 0000;
64ef: 0000;
64f0: 0000;
64f1: 0000;
64f2: 0000;
64f3: 0000;
64f4: 0000;
64f5: 0000;
64f6: 0000;
64f7: 0000;
64f8: 0000;
64f9: 0000;
64fa: 0000;
64fb: 0000;
64fc: 0000;
64fd: 0000;
64fe: 0000;
64ff: 0000;
6500: 0000;
6501: 0000;
6502: 0000;
6503: 0000;
6504: 0000;
6505: 0000;
6506: 0000;
6507: 0000;
6508: 0000;
6509: 3390;
650a: 23a4;
650b: 23aa;
650c: 23ae;
650d: 24bf;
650e: 24bf;
650f: 23bf;
6510: 24bf;
6511: 23af;
6512: 23af;
6513: 23af;
6514: 23af;
6515: 23af;
6516: 23af;
6517: 23af;
6518: 23af;
6519: 23af;
651a: 23af;
651b: 23af;
651c: 23af;
651d: 23af;
651e: 23af;
651f: 23af;
6520: 23af;
6521: 23af;
6522: 23af;
6523: 23af;
6524: 23af;
6525: 23af;
6526: 23af;
6527: 23af;
6528: 23af;
6529: 23af;
652a: 23af;
652b: 23af;
652c: 23af;
652d: 23af;
652e: 23af;
652f: 23af;
6530: 23af;
6531: 23af;
6532: 23af;
6533: 23af;
6534: 23af;
6535: 23af;
6536: 23af;
6537: 23af;
6538: 23af;
6539: 23af;
653a: 23af;
653b: 23af;
653c: 23af;
653d: 23af;
653e: 23af;
653f: 23af;
6540: 23af;
6541: 23af;
6542: 23af;
6543: 23af;
6544: 23af;
6545: 23af;
6546: 23af;
6547: 23af;
6548: 23af;
6549: 23af;
654a: 23af;
654b: 23af;
654c: 23af;
654d: 23af;
654e: 23af;
654f: 23af;
6550: 23af;
6551: 23af;
6552: 23af;
6553: 23af;
6554: 23af;
6555: 23af;
6556: 23af;
6557: 23af;
6558: 23af;
6559: 23af;
655a: 23af;
655b: 23af;
655c: 23af;
655d: 23bf;
655e: 24bf;
655f: 24bf;
6560: 24bf;
6561: 23af;
6562: 23ad;
6563: 23ac;
6564: 23aa;
6565: 23a8;
6566: 23a7;
6567: 23b5;
6568: 23b4;
6569: 23a3;
656a: 24a1;
656b: 25a0;
656c: 0000;
656d: 0000;
656e: 0000;
656f: 0000;
6570: 0000;
6571: 0000;
6572: 0000;
6573: 0000;
6574: 0000;
6575: 0000;
6576: 0000;
6577: 0000;
6578: 0000;
6579: 0000;
657a: 0000;
657b: 0000;
657c: 0000;
657d: 0000;
657e: 04b0;
657f: 23a1;
6580: 23a2;
6581: 23a4;
6582: 23a5;
6583: 23a6;
6584: 23a8;
6585: 23aa;
6586: 23ab;
6587: 23ad;
6588: 23af;
6589: 24bf;
658a: 24bf;
658b: 24bf;
658c: 23bf;
658d: 23af;
658e: 23af;
658f: 23af;
6590: 23af;
6591: 23af;
6592: 23af;
6593: 23af;
6594: 23af;
6595: 23af;
6596: 23af;
6597: 23af;
6598: 23af;
6599: 23af;
659a: 23af;
659b: 23af;
659c: 23af;
659d: 23af;
659e: 23af;
659f: 23af;
65a0: 23af;
65a1: 23af;
65a2: 23af;
65a3: 23af;
65a4: 23af;
65a5: 23af;
65a6: 23af;
65a7: 23af;
65a8: 23af;
65a9: 23af;
65aa: 23af;
65ab: 23af;
65ac: 23af;
65ad: 23af;
65ae: 23af;
65af: 23af;
65b0: 23af;
65b1: 23af;
65b2: 23af;
65b3: 23af;
65b4: 23af;
65b5: 23af;
65b6: 23af;
65b7: 23af;
65b8: 23af;
65b9: 23af;
65ba: 23af;
65bb: 23af;
65bc: 23af;
65bd: 23af;
65be: 23af;
65bf: 23af;
65c0: 23af;
65c1: 23af;
65c2: 23af;
65c3: 23af;
65c4: 23af;
65c5: 23af;
65c6: 23af;
65c7: 23af;
65c8: 23af;
65c9: 23af;
65ca: 23af;
65cb: 23af;
65cc: 23af;
65cd: 23af;
65ce: 23af;
65cf: 23af;
65d0: 23af;
65d1: 23af;
65d2: 23af;
65d3: 23af;
65d4: 23af;
65d5: 23af;
65d6: 23af;
65d7: 23af;
65d8: 23af;
65d9: 23af;
65da: 23af;
65db: 23af;
65dc: 23af;
65dd: 23af;
65de: 23af;
65df: 23af;
65e0: 23af;
65e1: 23bf;
65e2: 24bf;
65e3: 24bf;
65e4: 24bf;
65e5: 23bf;
65e6: 23bc;
65e7: 23a7;
65e8: 23a2;
65e9: 0000;
65ea: 0000;
65eb: 0000;
65ec: 0000;
65ed: 0000;
65ee: 0000;
65ef: 0000;
65f0: 0000;
65f1: 0000;
65f2: 0000;
65f3: 0000;
65f4: 0000;
65f5: 0000;
65f6: 0000;
65f7: 0000;
65f8: 0000;
65f9: 0000;
65fa: 0000;
65fb: 0000;
65fc: 0000;
65fd: 0000;
65fe: 0000;
65ff: 0000;
6600: 0000;
6601: 0000;
6602: 0000;
6603: 0000;
6604: 0000;
6605: 0000;
6606: 0000;
6607: 0000;
6608: 0000;
6609: 0000;
660a: 0000;
660b: 24b0;
660c: 23a3;
660d: 23a7;
660e: 23ac;
660f: 23ae;
6610: 24bf;
6611: 24bf;
6612: 24bf;
6613: 23bf;
6614: 23af;
6615: 23af;
6616: 23af;
6617: 23af;
6618: 23af;
6619: 23af;
661a: 23af;
661b: 23af;
661c: 23af;
661d: 23af;
661e: 23af;
661f: 23af;
6620: 23af;
6621: 23af;
6622: 23af;
6623: 23af;
6624: 23af;
6625: 23af;
6626: 23af;
6627: 23af;
6628: 23af;
6629: 23af;
662a: 23af;
662b: 23af;
662c: 23af;
662d: 23af;
662e: 23af;
662f: 23af;
6630: 23af;
6631: 23af;
6632: 23af;
6633: 23af;
6634: 23af;
6635: 23af;
6636: 23af;
6637: 23af;
6638: 23af;
6639: 23af;
663a: 23af;
663b: 23af;
663c: 23af;
663d: 23af;
663e: 23af;
663f: 23af;
6640: 23af;
6641: 23af;
6642: 23af;
6643: 23af;
6644: 23af;
6645: 23af;
6646: 23af;
6647: 23af;
6648: 23af;
6649: 23af;
664a: 23af;
664b: 23af;
664c: 23af;
664d: 23af;
664e: 23af;
664f: 23af;
6650: 23af;
6651: 23af;
6652: 23af;
6653: 23af;
6654: 23af;
6655: 23af;
6656: 23af;
6657: 23af;
6658: 23af;
6659: 23af;
665a: 23af;
665b: 23af;
665c: 23af;
665d: 23af;
665e: 23af;
665f: 23af;
6660: 23af;
6661: 24bf;
6662: 24bf;
6663: 24bf;
6664: 24bf;
6665: 24bf;
6666: 24bf;
6667: 23ae;
6668: 23ae;
6669: 23ad;
666a: 23ac;
666b: 23ac;
666c: 23ab;
666d: 23ab;
666e: 23aa;
666f: 23a9;
6670: 23a9;
6671: 23a8;
6672: 23a8;
6673: 23a8;
6674: 23b8;
6675: 23b8;
6676: 23b8;
6677: 23a8;
6678: 23a8;
6679: 23a9;
667a: 23a9;
667b: 23aa;
667c: 23aa;
667d: 23ab;
667e: 23ac;
667f: 23ac;
6680: 23ad;
6681: 23ae;
6682: 23ae;
6683: 23bf;
6684: 24bf;
6685: 24bf;
6686: 24bf;
6687: 24bf;
6688: 24bf;
6689: 23af;
668a: 23af;
668b: 23af;
668c: 23af;
668d: 23af;
668e: 23af;
668f: 23af;
6690: 23af;
6691: 23af;
6692: 23af;
6693: 23af;
6694: 23af;
6695: 23af;
6696: 23af;
6697: 23af;
6698: 23af;
6699: 23af;
669a: 23af;
669b: 23af;
669c: 23af;
669d: 23af;
669e: 23af;
669f: 23af;
66a0: 23af;
66a1: 23af;
66a2: 23af;
66a3: 23af;
66a4: 23af;
66a5: 23af;
66a6: 23af;
66a7: 23af;
66a8: 23af;
66a9: 23af;
66aa: 23af;
66ab: 23af;
66ac: 23af;
66ad: 23af;
66ae: 23af;
66af: 23af;
66b0: 23af;
66b1: 23af;
66b2: 23af;
66b3: 23af;
66b4: 23af;
66b5: 23af;
66b6: 23af;
66b7: 23af;
66b8: 23af;
66b9: 23af;
66ba: 23af;
66bb: 23af;
66bc: 23af;
66bd: 23af;
66be: 23af;
66bf: 23af;
66c0: 23af;
66c1: 23af;
66c2: 23af;
66c3: 23af;
66c4: 23af;
66c5: 23af;
66c6: 23af;
66c7: 23af;
66c8: 23af;
66c9: 23af;
66ca: 23af;
66cb: 23af;
66cc: 23af;
66cd: 23af;
66ce: 23af;
66cf: 23af;
66d0: 23af;
66d1: 23af;
66d2: 23af;
66d3: 23af;
66d4: 23af;
66d5: 23af;
66d6: 23af;
66d7: 23af;
66d8: 23af;
66d9: 23af;
66da: 23af;
66db: 23af;
66dc: 23af;
66dd: 23af;
66de: 23bf;
66df: 24bf;
66e0: 24bf;
66e1: 24bf;
66e2: 23af;
66e3: 23ad;
66e4: 23aa;
66e5: 24a5;
66e6: 23a2;
66e7: 0000;
66e8: 0000;
66e9: 0000;
66ea: 0000;
66eb: 0000;
66ec: 0000;
66ed: 0000;
66ee: 0000;
66ef: 0000;
66f0: 0000;
66f1: 0000;
66f2: 0000;
66f3: 0000;
66f4: 0000;
66f5: 0000;
66f6: 0000;
66f7: 0000;
66f8: 0000;
66f9: 0000;
66fa: 0000;
66fb: 0000;
66fc: 0000;
66fd: 0000;
66fe: 0000;
66ff: 0000;
6700: 0000;
6701: 0000;
6702: 0000;
6703: 0000;
6704: 0000;
6705: 0000;
6706: 0000;
6707: 0000;
6708: 0000;
6709: 0000;
670a: 0000;
670b: 0000;
670c: 0000;
670d: 0000;
670e: 23b1;
670f: 23a4;
6710: 23a8;
6711: 23bb;
6712: 23bd;
6713: 23af;
6714: 24bf;
6715: 24bf;
6716: 24bf;
6717: 23bf;
6718: 23af;
6719: 23af;
671a: 23af;
671b: 23af;
671c: 23af;
671d: 23af;
671e: 23af;
671f: 23af;
6720: 23af;
6721: 23af;
6722: 23af;
6723: 23af;
6724: 23af;
6725: 23af;
6726: 23af;
6727: 23af;
6728: 23af;
6729: 23af;
672a: 23af;
672b: 23af;
672c: 23af;
672d: 23af;
672e: 23af;
672f: 23af;
6730: 23af;
6731: 23af;
6732: 23af;
6733: 23af;
6734: 23af;
6735: 23af;
6736: 23af;
6737: 23af;
6738: 23af;
6739: 23af;
673a: 23af;
673b: 23af;
673c: 23af;
673d: 23af;
673e: 23af;
673f: 23af;
6740: 23af;
6741: 23af;
6742: 23af;
6743: 23af;
6744: 23af;
6745: 23af;
6746: 23af;
6747: 23af;
6748: 23af;
6749: 23af;
674a: 23af;
674b: 23af;
674c: 23af;
674d: 23af;
674e: 23af;
674f: 23af;
6750: 23af;
6751: 23af;
6752: 23af;
6753: 23af;
6754: 23af;
6755: 23af;
6756: 23af;
6757: 23af;
6758: 23af;
6759: 23af;
675a: 23af;
675b: 23af;
675c: 23af;
675d: 23af;
675e: 23af;
675f: 23af;
6760: 23af;
6761: 23af;
6762: 23af;
6763: 23af;
6764: 23af;
6765: 23af;
6766: 24bf;
6767: 24bf;
6768: 24bf;
6769: 24bf;
676a: 24bf;
676b: 24bf;
676c: 24bf;
676d: 24bf;
676e: 24bf;
676f: 24bf;
6770: 24bf;
6771: 24bf;
6772: 24bf;
6773: 24bf;
6774: 23bf;
6775: 23bf;
6776: 23bf;
6777: 24bf;
6778: 24bf;
6779: 24bf;
677a: 24bf;
677b: 24bf;
677c: 24bf;
677d: 24bf;
677e: 24bf;
677f: 24bf;
6780: 24bf;
6781: 24bf;
6782: 24bf;
6783: 24bf;
6784: 23af;
6785: 23af;
6786: 23af;
6787: 23af;
6788: 23af;
6789: 23af;
678a: 23af;
678b: 23af;
678c: 23af;
678d: 23af;
678e: 23af;
678f: 23af;
6790: 23af;
6791: 23af;
6792: 23af;
6793: 23af;
6794: 23af;
6795: 23af;
6796: 23af;
6797: 23af;
6798: 23af;
6799: 23af;
679a: 23af;
679b: 23af;
679c: 23af;
679d: 23af;
679e: 23af;
679f: 23af;
67a0: 23af;
67a1: 23af;
67a2: 23af;
67a3: 23af;
67a4: 23af;
67a5: 23af;
67a6: 23af;
67a7: 23af;
67a8: 23af;
67a9: 23af;
67aa: 23af;
67ab: 23af;
67ac: 23af;
67ad: 23af;
67ae: 23af;
67af: 23af;
67b0: 23af;
67b1: 23af;
67b2: 23af;
67b3: 23af;
67b4: 23af;
67b5: 23af;
67b6: 23af;
67b7: 23af;
67b8: 23af;
67b9: 23af;
67ba: 23af;
67bb: 23af;
67bc: 23af;
67bd: 23af;
67be: 23af;
67bf: 23af;
67c0: 23af;
67c1: 23af;
67c2: 23af;
67c3: 23af;
67c4: 23af;
67c5: 23af;
67c6: 23af;
67c7: 23af;
67c8: 23af;
67c9: 23af;
67ca: 23af;
67cb: 23af;
67cc: 23af;
67cd: 23af;
67ce: 23af;
67cf: 23af;
67d0: 23af;
67d1: 23af;
67d2: 23af;
67d3: 23af;
67d4: 23af;
67d5: 23af;
67d6: 23af;
67d7: 23af;
67d8: 23af;
67d9: 23af;
67da: 23bf;
67db: 23bf;
67dc: 24bf;
67dd: 24bf;
67de: 24bf;
67df: 23be;
67e0: 23ad;
67e1: 23aa;
67e2: 23a6;
67e3: 24b2;
67e4: 22a0;
67e5: 0000;
67e6: 0000;
67e7: 0000;
67e8: 0000;
67e9: 0000;
67ea: 0000;
67eb: 0000;
67ec: 0000;
67ed: 0000;
67ee: 0000;
67ef: 0000;
67f0: 0000;
67f1: 0000;
67f2: 0000;
67f3: 0000;
67f4: 0000;
67f5: 0000;
67f6: 0000;
67f7: 0000;
67f8: 0000;
67f9: 0000;
67fa: 0000;
67fb: 0000;
67fc: 0000;
67fd: 0000;
67fe: 0000;
67ff: 0000;
6800: 0000;
6801: 0000;
6802: 0000;
6803: 0000;
6804: 0000;
6805: 0000;
6806: 0000;
6807: 0000;
6808: 0000;
6809: 0000;
680a: 0000;
680b: 0000;
680c: 0000;
680d: 0000;
680e: 0000;
680f: 0000;
6810: 0000;
6811: 24b0;
6812: 24a3;
6813: 23a6;
6814: 23a9;
6815: 23ac;
6816: 23ae;
6817: 23bf;
6818: 24bf;
6819: 24bf;
681a: 24bf;
681b: 23bf;
681c: 23bf;
681d: 23af;
681e: 23af;
681f: 23af;
6820: 23af;
6821: 23af;
6822: 23af;
6823: 23af;
6824: 23af;
6825: 23af;
6826: 23af;
6827: 23af;
6828: 23af;
6829: 23af;
682a: 23af;
682b: 23af;
682c: 23af;
682d: 23af;
682e: 23af;
682f: 23af;
6830: 23af;
6831: 23af;
6832: 23af;
6833: 23af;
6834: 23af;
6835: 23af;
6836: 23af;
6837: 23af;
6838: 23af;
6839: 23af;
683a: 23af;
683b: 23af;
683c: 23af;
683d: 23af;
683e: 23af;
683f: 23af;
6840: 23af;
6841: 23af;
6842: 23af;
6843: 23af;
6844: 23af;
6845: 23af;
6846: 23af;
6847: 23af;
6848: 23af;
6849: 23af;
684a: 23af;
684b: 23af;
684c: 23af;
684d: 23af;
684e: 23af;
684f: 23af;
6850: 23af;
6851: 23af;
6852: 23af;
6853: 23af;
6854: 23af;
6855: 23af;
6856: 23af;
6857: 23af;
6858: 23af;
6859: 23af;
685a: 23af;
685b: 23af;
685c: 23af;
685d: 23af;
685e: 23af;
685f: 23af;
6860: 23af;
6861: 23af;
6862: 23af;
6863: 23af;
6864: 23af;
6865: 23af;
6866: 23af;
6867: 23af;
6868: 23af;
6869: 23af;
686a: 23af;
686b: 23af;
686c: 23af;
686d: 23bf;
686e: 23af;
686f: 23bf;
6870: 23bf;
6871: 24bf;
6872: 23bf;
6873: 24bf;
6874: 23bf;
6875: 24bf;
6876: 24bf;
6877: 24bf;
6878: 23bf;
6879: 23bf;
687a: 23bf;
687b: 23bf;
687c: 23af;
687d: 23af;
687e: 23af;
687f: 23af;
6880: 23af;
6881: 23af;
6882: 23af;
6883: 23af;
6884: 23af;
6885: 23af;
6886: 23af;
6887: 23af;
6888: 23af;
6889: 23af;
688a: 23af;
688b: 23af;
688c: 23af;
688d: 23af;
688e: 23af;
688f: 23af;
6890: 23af;
6891: 23af;
6892: 23af;
6893: 23af;
6894: 23af;
6895: 23af;
6896: 23af;
6897: 23af;
6898: 23af;
6899: 23af;
689a: 23af;
689b: 23af;
689c: 23af;
689d: 23af;
689e: 23af;
689f: 23af;
68a0: 23af;
68a1: 23af;
68a2: 23af;
68a3: 23af;
68a4: 23af;
68a5: 23af;
68a6: 23af;
68a7: 23af;
68a8: 23af;
68a9: 23af;
68aa: 23af;
68ab: 23af;
68ac: 23af;
68ad: 23af;
68ae: 23af;
68af: 23af;
68b0: 23af;
68b1: 23af;
68b2: 23af;
68b3: 23af;
68b4: 23af;
68b5: 23af;
68b6: 23af;
68b7: 23af;
68b8: 23af;
68b9: 23af;
68ba: 23af;
68bb: 23af;
68bc: 23af;
68bd: 23af;
68be: 23af;
68bf: 23af;
68c0: 23af;
68c1: 23af;
68c2: 23af;
68c3: 23af;
68c4: 23af;
68c5: 23af;
68c6: 23af;
68c7: 23af;
68c8: 23af;
68c9: 23af;
68ca: 23af;
68cb: 23af;
68cc: 23af;
68cd: 23af;
68ce: 23af;
68cf: 23af;
68d0: 23af;
68d1: 23af;
68d2: 23af;
68d3: 23af;
68d4: 23af;
68d5: 23af;
68d6: 23bf;
68d7: 24bf;
68d8: 24bf;
68d9: 24bf;
68da: 24bf;
68db: 23af;
68dc: 23ad;
68dd: 23aa;
68de: 23a8;
68df: 24a5;
68e0: 24b1;
68e1: 0000;
68e2: 0000;
68e3: 0000;
68e4: 0000;
68e5: 0000;
68e6: 0000;
68e7: 0000;
68e8: 0000;
68e9: 0000;
68ea: 0000;
68eb: 0000;
68ec: 0000;
68ed: 0000;
68ee: 0000;
68ef: 0000;
68f0: 0000;
68f1: 0000;
68f2: 0000;
68f3: 0000;
68f4: 0000;
68f5: 0000;
68f6: 0000;
68f7: 0000;
68f8: 0000;
68f9: 0000;
68fa: 0000;
68fb: 0000;
68fc: 0000;
68fd: 0000;
68fe: 0000;
68ff: 0000;
6900: 0000;
6901: 0000;
6902: 0000;
6903: 0000;
6904: 0000;
6905: 0000;
6906: 0000;
6907: 0000;
6908: 0000;
6909: 0000;
690a: 0000;
690b: 0000;
690c: 0000;
690d: 0000;
690e: 0000;
690f: 0000;
6910: 0000;
6911: 0000;
6912: 0000;
6913: 0000;
6914: 0000;
6915: 23b1;
6916: 24a4;
6917: 23a6;
6918: 24a8;
6919: 23ab;
691a: 23ad;
691b: 23af;
691c: 24bf;
691d: 24bf;
691e: 24bf;
691f: 24bf;
6920: 24bf;
6921: 24bf;
6922: 23bf;
6923: 23bf;
6924: 23bf;
6925: 23af;
6926: 23af;
6927: 23af;
6928: 23af;
6929: 23af;
692a: 23af;
692b: 23af;
692c: 23af;
692d: 23af;
692e: 23af;
692f: 23af;
6930: 23af;
6931: 23af;
6932: 23af;
6933: 23af;
6934: 23af;
6935: 23af;
6936: 23af;
6937: 23af;
6938: 23af;
6939: 23af;
693a: 23af;
693b: 23af;
693c: 23af;
693d: 23af;
693e: 23af;
693f: 23af;
6940: 23af;
6941: 23af;
6942: 23af;
6943: 23af;
6944: 23af;
6945: 23af;
6946: 23af;
6947: 23af;
6948: 23af;
6949: 23af;
694a: 23af;
694b: 23af;
694c: 23af;
694d: 23af;
694e: 23af;
694f: 23af;
6950: 23af;
6951: 23af;
6952: 23af;
6953: 23af;
6954: 23af;
6955: 23af;
6956: 23af;
6957: 23af;
6958: 23af;
6959: 23af;
695a: 23af;
695b: 23af;
695c: 23af;
695d: 23af;
695e: 23af;
695f: 23af;
6960: 23af;
6961: 23af;
6962: 23af;
6963: 23af;
6964: 23af;
6965: 23af;
6966: 23af;
6967: 23af;
6968: 23af;
6969: 23af;
696a: 23af;
696b: 23af;
696c: 23af;
696d: 23af;
696e: 23af;
696f: 23af;
6970: 23af;
6971: 23af;
6972: 23af;
6973: 23af;
6974: 23af;
6975: 23af;
6976: 23af;
6977: 23af;
6978: 23af;
6979: 23af;
697a: 23af;
697b: 23af;
697c: 23af;
697d: 23af;
697e: 23af;
697f: 23af;
6980: 23af;
6981: 23af;
6982: 23af;
6983: 23af;
6984: 23af;
6985: 23af;
6986: 23af;
6987: 23af;
6988: 23af;
6989: 23af;
698a: 23af;
698b: 23af;
698c: 23af;
698d: 23af;
698e: 23af;
698f: 23af;
6990: 23af;
6991: 23af;
6992: 23af;
6993: 23af;
6994: 23af;
6995: 23af;
6996: 23af;
6997: 23af;
6998: 23af;
6999: 23af;
699a: 23af;
699b: 23af;
699c: 23af;
699d: 23af;
699e: 23af;
699f: 23af;
69a0: 23af;
69a1: 23af;
69a2: 23af;
69a3: 23af;
69a4: 23af;
69a5: 23af;
69a6: 23af;
69a7: 23af;
69a8: 23af;
69a9: 23af;
69aa: 23af;
69ab: 23af;
69ac: 23af;
69ad: 23af;
69ae: 23af;
69af: 23af;
69b0: 23af;
69b1: 23af;
69b2: 23af;
69b3: 23af;
69b4: 23af;
69b5: 23af;
69b6: 23af;
69b7: 23af;
69b8: 23af;
69b9: 23af;
69ba: 23af;
69bb: 23af;
69bc: 23af;
69bd: 23af;
69be: 23af;
69bf: 23af;
69c0: 23af;
69c1: 23af;
69c2: 23af;
69c3: 23af;
69c4: 23af;
69c5: 23af;
69c6: 23af;
69c7: 23af;
69c8: 23af;
69c9: 23af;
69ca: 23af;
69cb: 23af;
69cc: 23af;
69cd: 23af;
69ce: 23af;
69cf: 23bf;
69d0: 24bf;
69d1: 24bf;
69d2: 24bf;
69d3: 24bf;
69d4: 24bf;
69d5: 24bf;
69d6: 24bf;
69d7: 23ae;
69d8: 23ac;
69d9: 23a9;
69da: 23a7;
69db: 23a5;
69dc: 23a3;
69dd: 44b0;
69de: 0000;
69df: 0000;
69e0: 0000;
69e1: 0000;
69e2: 0000;
69e3: 0000;
69e4: 0000;
69e5: 0000;
69e6: 0000;
69e7: 0000;
69e8: 0000;
69e9: 0000;
69ea: 0000;
69eb: 0000;
69ec: 0000;
69ed: 0000;
69ee: 0000;
69ef: 0000;
69f0: 0000;
69f1: 0000;
69f2: 0000;
69f3: 0000;
69f4: 0000;
69f5: 0000;
69f6: 0000;
69f7: 0000;
69f8: 0000;
69f9: 0000;
69fa: 0000;
69fb: 0000;
69fc: 0000;
69fd: 0000;
69fe: 0000;
69ff: 0000;
6a00: 0000;
6a01: 0000;
6a02: 0000;
6a03: 0000;
6a04: 0000;
6a05: 0000;
6a06: 0000;
6a07: 0000;
6a08: 0000;
6a09: 0000;
6a0a: 0000;
6a0b: 0000;
6a0c: 0000;
6a0d: 0000;
6a0e: 0000;
6a0f: 0000;
6a10: 0000;
6a11: 0000;
6a12: 0000;
6a13: 0000;
6a14: 0000;
6a15: 0000;
6a16: 0000;
6a17: 0000;
6a18: 0000;
6a19: 24b1;
6a1a: 23a2;
6a1b: 23a4;
6a1c: 23b6;
6a1d: 23a8;
6a1e: 23ab;
6a1f: 23ad;
6a20: 23ae;
6a21: 23bf;
6a22: 23af;
6a23: 24bf;
6a24: 24bf;
6a25: 24bf;
6a26: 24bf;
6a27: 24bf;
6a28: 23bf;
6a29: 23bf;
6a2a: 23af;
6a2b: 23af;
6a2c: 23af;
6a2d: 23af;
6a2e: 23af;
6a2f: 23af;
6a30: 23af;
6a31: 23af;
6a32: 23af;
6a33: 23af;
6a34: 23af;
6a35: 23af;
6a36: 23af;
6a37: 23af;
6a38: 23af;
6a39: 23af;
6a3a: 23af;
6a3b: 23af;
6a3c: 23af;
6a3d: 23af;
6a3e: 23af;
6a3f: 23af;
6a40: 23af;
6a41: 23af;
6a42: 23af;
6a43: 23af;
6a44: 23af;
6a45: 23af;
6a46: 23af;
6a47: 23af;
6a48: 23af;
6a49: 23af;
6a4a: 23af;
6a4b: 23af;
6a4c: 23af;
6a4d: 23af;
6a4e: 23af;
6a4f: 23af;
6a50: 23af;
6a51: 23af;
6a52: 23af;
6a53: 23af;
6a54: 23af;
6a55: 23af;
6a56: 23af;
6a57: 23af;
6a58: 23af;
6a59: 23af;
6a5a: 23af;
6a5b: 23af;
6a5c: 23af;
6a5d: 23af;
6a5e: 23af;
6a5f: 23af;
6a60: 23af;
6a61: 23af;
6a62: 23af;
6a63: 23af;
6a64: 23af;
6a65: 23af;
6a66: 23af;
6a67: 23af;
6a68: 23af;
6a69: 23af;
6a6a: 23af;
6a6b: 23af;
6a6c: 23af;
6a6d: 23af;
6a6e: 23af;
6a6f: 23af;
6a70: 23af;
6a71: 23af;
6a72: 23af;
6a73: 23af;
6a74: 23af;
6a75: 23af;
6a76: 23af;
6a77: 23af;
6a78: 23af;
6a79: 23af;
6a7a: 23af;
6a7b: 23af;
6a7c: 23af;
6a7d: 23af;
6a7e: 23af;
6a7f: 23af;
6a80: 23af;
6a81: 23af;
6a82: 23af;
6a83: 23af;
6a84: 23af;
6a85: 23af;
6a86: 23af;
6a87: 23af;
6a88: 23af;
6a89: 23af;
6a8a: 23af;
6a8b: 23af;
6a8c: 23af;
6a8d: 23af;
6a8e: 23af;
6a8f: 23af;
6a90: 23af;
6a91: 23af;
6a92: 23af;
6a93: 23af;
6a94: 23af;
6a95: 23af;
6a96: 23af;
6a97: 23af;
6a98: 23af;
6a99: 23af;
6a9a: 23af;
6a9b: 23af;
6a9c: 23af;
6a9d: 23af;
6a9e: 23af;
6a9f: 23af;
6aa0: 23af;
6aa1: 23af;
6aa2: 23af;
6aa3: 23af;
6aa4: 23af;
6aa5: 23af;
6aa6: 23af;
6aa7: 23af;
6aa8: 23af;
6aa9: 23af;
6aaa: 23af;
6aab: 23af;
6aac: 23af;
6aad: 23af;
6aae: 23af;
6aaf: 23af;
6ab0: 23af;
6ab1: 23af;
6ab2: 23af;
6ab3: 23af;
6ab4: 23af;
6ab5: 23af;
6ab6: 23af;
6ab7: 23af;
6ab8: 23af;
6ab9: 23af;
6aba: 23af;
6abb: 23af;
6abc: 23af;
6abd: 23af;
6abe: 23af;
6abf: 23af;
6ac0: 23af;
6ac1: 23af;
6ac2: 23af;
6ac3: 23af;
6ac4: 23af;
6ac5: 23af;
6ac6: 23af;
6ac7: 23af;
6ac8: 23bf;
6ac9: 24bf;
6aca: 24bf;
6acb: 24bf;
6acc: 24bf;
6acd: 24bf;
6ace: 24bf;
6acf: 24bf;
6ad0: 23af;
6ad1: 23ae;
6ad2: 23ae;
6ad3: 23ac;
6ad4: 23aa;
6ad5: 23a7;
6ad6: 23a5;
6ad7: 23a3;
6ad8: 23a2;
6ad9: 25a0;
6ada: 0000;
6adb: 0000;
6adc: 0000;
6add: 0000;
6ade: 0000;
6adf: 0000;
6ae0: 0000;
6ae1: 0000;
6ae2: 0000;
6ae3: 0000;
6ae4: 0000;
6ae5: 0000;
6ae6: 0000;
6ae7: 0000;
6ae8: 0000;
6ae9: 0000;
6aea: 0000;
6aeb: 0000;
6aec: 0000;
6aed: 0000;
6aee: 0000;
6aef: 0000;
6af0: 0000;
6af1: 0000;
6af2: 0000;
6af3: 0000;
6af4: 0000;
6af5: 0000;
6af6: 0000;
6af7: 0000;
6af8: 0000;
6af9: 0000;
6afa: 0000;
6afb: 0000;
6afc: 0000;
6afd: 0000;
6afe: 0000;
6aff: 0000;
6b00: 0000;
6b01: 0000;
6b02: 0000;
6b03: 0000;
6b04: 0000;
6b05: 0000;
6b06: 0000;
6b07: 0000;
6b08: 0000;
6b09: 0000;
6b0a: 0000;
6b0b: 0000;
6b0c: 0000;
6b0d: 0000;
6b0e: 0000;
6b0f: 0000;
6b10: 0000;
6b11: 0000;
6b12: 0000;
6b13: 0000;
6b14: 0000;
6b15: 0000;
6b16: 0000;
6b17: 0000;
6b18: 0000;
6b19: 0000;
6b1a: 0000;
6b1b: 0000;
6b1c: 0000;
6b1d: 00f0;
6b1e: 13a1;
6b1f: 23a1;
6b20: 23b3;
6b21: 23a5;
6b22: 23a7;
6b23: 23a9;
6b24: 23ab;
6b25: 23ac;
6b26: 23ad;
6b27: 23ae;
6b28: 23af;
6b29: 24bf;
6b2a: 24bf;
6b2b: 24bf;
6b2c: 24bf;
6b2d: 24bf;
6b2e: 24bf;
6b2f: 24bf;
6b30: 23bf;
6b31: 23af;
6b32: 23af;
6b33: 23af;
6b34: 23af;
6b35: 23af;
6b36: 23af;
6b37: 23af;
6b38: 23af;
6b39: 23af;
6b3a: 23af;
6b3b: 23af;
6b3c: 23af;
6b3d: 23af;
6b3e: 23af;
6b3f: 23af;
6b40: 23af;
6b41: 23af;
6b42: 23af;
6b43: 23af;
6b44: 23af;
6b45: 23af;
6b46: 23af;
6b47: 23af;
6b48: 23af;
6b49: 23af;
6b4a: 23af;
6b4b: 23af;
6b4c: 23af;
6b4d: 23af;
6b4e: 23af;
6b4f: 23af;
6b50: 23af;
6b51: 23af;
6b52: 23af;
6b53: 23af;
6b54: 23af;
6b55: 23af;
6b56: 23af;
6b57: 23af;
6b58: 23af;
6b59: 23af;
6b5a: 23af;
6b5b: 23af;
6b5c: 23af;
6b5d: 23af;
6b5e: 23af;
6b5f: 23af;
6b60: 23af;
6b61: 23af;
6b62: 23af;
6b63: 23af;
6b64: 23af;
6b65: 23af;
6b66: 23af;
6b67: 23af;
6b68: 23af;
6b69: 23af;
6b6a: 23af;
6b6b: 23af;
6b6c: 23af;
6b6d: 23af;
6b6e: 23af;
6b6f: 23af;
6b70: 23af;
6b71: 23af;
6b72: 23af;
6b73: 23af;
6b74: 23af;
6b75: 23af;
6b76: 23af;
6b77: 23af;
6b78: 23af;
6b79: 23af;
6b7a: 23af;
6b7b: 23af;
6b7c: 23af;
6b7d: 23af;
6b7e: 23af;
6b7f: 23af;
6b80: 23af;
6b81: 23af;
6b82: 23af;
6b83: 23af;
6b84: 23af;
6b85: 23af;
6b86: 23af;
6b87: 23af;
6b88: 23af;
6b89: 23af;
6b8a: 23af;
6b8b: 23af;
6b8c: 23af;
6b8d: 23af;
6b8e: 23af;
6b8f: 23af;
6b90: 23af;
6b91: 23af;
6b92: 23af;
6b93: 23af;
6b94: 23af;
6b95: 23af;
6b96: 23af;
6b97: 23af;
6b98: 23af;
6b99: 23af;
6b9a: 23af;
6b9b: 23af;
6b9c: 23af;
6b9d: 23af;
6b9e: 23af;
6b9f: 23af;
6ba0: 23af;
6ba1: 23af;
6ba2: 23af;
6ba3: 23af;
6ba4: 23af;
6ba5: 23af;
6ba6: 23af;
6ba7: 23af;
6ba8: 23af;
6ba9: 23af;
6baa: 23af;
6bab: 23af;
6bac: 23af;
6bad: 23af;
6bae: 23af;
6baf: 23af;
6bb0: 23af;
6bb1: 23af;
6bb2: 23af;
6bb3: 23af;
6bb4: 23af;
6bb5: 23af;
6bb6: 23af;
6bb7: 23af;
6bb8: 23af;
6bb9: 23af;
6bba: 23af;
6bbb: 23af;
6bbc: 23af;
6bbd: 23af;
6bbe: 23af;
6bbf: 23af;
6bc0: 23af;
6bc1: 23af;
6bc2: 24bf;
6bc3: 24bf;
6bc4: 24bf;
6bc5: 24bf;
6bc6: 24bf;
6bc7: 24bf;
6bc8: 24bf;
6bc9: 23af;
6bca: 23ae;
6bcb: 23ae;
6bcc: 23ad;
6bcd: 23ac;
6bce: 23aa;
6bcf: 23a8;
6bd0: 23a6;
6bd1: 23a4;
6bd2: 23a2;
6bd3: 23a1;
6bd4: 33c0;
6bd5: 0000;
6bd6: 0000;
6bd7: 0000;
6bd8: 0000;
6bd9: 0000;
6bda: 0000;
6bdb: 0000;
6bdc: 0000;
6bdd: 0000;
6bde: 0000;
6bdf: 0000;
6be0: 0000;
6be1: 0000;
6be2: 0000;
6be3: 0000;
6be4: 0000;
6be5: 0000;
6be6: 0000;
6be7: 0000;
6be8: 0000;
6be9: 0000;
6bea: 0000;
6beb: 0000;
6bec: 0000;
6bed: 0000;
6bee: 0000;
6bef: 0000;
6bf0: 0000;
6bf1: 0000;
6bf2: 0000;
6bf3: 0000;
6bf4: 0000;
6bf5: 0000;
6bf6: 0000;
6bf7: 0000;
6bf8: 0000;
6bf9: 0000;
6bfa: 0000;
6bfb: 0000;
6bfc: 0000;
6bfd: 0000;
6bfe: 0000;
6bff: 0000;
6c00: 0000;
6c01: 0000;
6c02: 0000;
6c03: 0000;
6c04: 0000;
6c05: 0000;
6c06: 0000;
6c07: 0000;
6c08: 0000;
6c09: 0000;
6c0a: 0000;
6c0b: 0000;
6c0c: 0000;
6c0d: 0000;
6c0e: 0000;
6c0f: 0000;
6c10: 0000;
6c11: 0000;
6c12: 0000;
6c13: 0000;
6c14: 0000;
6c15: 0000;
6c16: 0000;
6c17: 0000;
6c18: 0000;
6c19: 0000;
6c1a: 0000;
6c1b: 0000;
6c1c: 0000;
6c1d: 0000;
6c1e: 0000;
6c1f: 0000;
6c20: 0000;
6c21: 0000;
6c22: 0000;
6c23: 0000;
6c24: 0070;
6c25: 23a1;
6c26: 23b3;
6c27: 23a4;
6c28: 23a6;
6c29: 23a7;
6c2a: 23a9;
6c2b: 23aa;
6c2c: 23ab;
6c2d: 23ac;
6c2e: 23ae;
6c2f: 23af;
6c30: 24bf;
6c31: 24bf;
6c32: 24bf;
6c33: 24bf;
6c34: 24bf;
6c35: 24bf;
6c36: 24bf;
6c37: 24bf;
6c38: 24bf;
6c39: 23bf;
6c3a: 23af;
6c3b: 23bf;
6c3c: 23af;
6c3d: 23af;
6c3e: 23af;
6c3f: 23af;
6c40: 23af;
6c41: 23af;
6c42: 23af;
6c43: 23af;
6c44: 23af;
6c45: 23af;
6c46: 23af;
6c47: 23af;
6c48: 23af;
6c49: 23af;
6c4a: 23af;
6c4b: 23af;
6c4c: 23af;
6c4d: 23af;
6c4e: 23af;
6c4f: 23af;
6c50: 23af;
6c51: 23af;
6c52: 23af;
6c53: 23af;
6c54: 23af;
6c55: 23af;
6c56: 23af;
6c57: 23af;
6c58: 23af;
6c59: 23af;
6c5a: 23af;
6c5b: 23af;
6c5c: 23af;
6c5d: 23af;
6c5e: 23af;
6c5f: 23af;
6c60: 23af;
6c61: 23af;
6c62: 23af;
6c63: 23af;
6c64: 23af;
6c65: 23af;
6c66: 23af;
6c67: 23af;
6c68: 23af;
6c69: 23af;
6c6a: 23af;
6c6b: 23af;
6c6c: 23af;
6c6d: 23af;
6c6e: 23af;
6c6f: 23af;
6c70: 23af;
6c71: 23af;
6c72: 23af;
6c73: 23af;
6c74: 23af;
6c75: 23af;
6c76: 23af;
6c77: 23af;
6c78: 23af;
6c79: 23af;
6c7a: 23af;
6c7b: 23af;
6c7c: 23af;
6c7d: 23af;
6c7e: 23af;
6c7f: 23af;
6c80: 23af;
6c81: 23af;
6c82: 23af;
6c83: 23af;
6c84: 23af;
6c85: 23af;
6c86: 23af;
6c87: 23af;
6c88: 23af;
6c89: 23af;
6c8a: 23af;
6c8b: 23af;
6c8c: 23af;
6c8d: 23af;
6c8e: 23af;
6c8f: 23af;
6c90: 23af;
6c91: 23af;
6c92: 23af;
6c93: 23af;
6c94: 23af;
6c95: 23af;
6c96: 23af;
6c97: 23af;
6c98: 23af;
6c99: 23af;
6c9a: 23af;
6c9b: 23af;
6c9c: 23af;
6c9d: 23af;
6c9e: 23af;
6c9f: 23af;
6ca0: 23af;
6ca1: 23af;
6ca2: 23af;
6ca3: 23af;
6ca4: 23af;
6ca5: 23af;
6ca6: 23af;
6ca7: 23af;
6ca8: 23af;
6ca9: 23af;
6caa: 23af;
6cab: 23af;
6cac: 23af;
6cad: 23af;
6cae: 23af;
6caf: 23af;
6cb0: 23af;
6cb1: 23af;
6cb2: 23af;
6cb3: 23af;
6cb4: 23bf;
6cb5: 23bf;
6cb6: 23af;
6cb7: 23af;
6cb8: 23bf;
6cb9: 24bf;
6cba: 23bf;
6cbb: 24bf;
6cbc: 24bf;
6cbd: 24bf;
6cbe: 24bf;
6cbf: 24bf;
6cc0: 24bf;
6cc1: 24bf;
6cc2: 24bf;
6cc3: 23ae;
6cc4: 23ad;
6cc5: 23ac;
6cc6: 23ab;
6cc7: 23aa;
6cc8: 23a8;
6cc9: 23a7;
6cca: 24a5;
6ccb: 23a3;
6ccc: 23b2;
6ccd: 23a1;
6cce: 0000;
6ccf: 0000;
6cd0: 0000;
6cd1: 0000;
6cd2: 0000;
6cd3: 0000;
6cd4: 0000;
6cd5: 0000;
6cd6: 0000;
6cd7: 0000;
6cd8: 0000;
6cd9: 0000;
6cda: 0000;
6cdb: 0000;
6cdc: 0000;
6cdd: 0000;
6cde: 0000;
6cdf: 0000;
6ce0: 0000;
6ce1: 0000;
6ce2: 0000;
6ce3: 0000;
6ce4: 0000;
6ce5: 0000;
6ce6: 0000;
6ce7: 0000;
6ce8: 0000;
6ce9: 0000;
6cea: 0000;
6ceb: 0000;
6cec: 0000;
6ced: 0000;
6cee: 0000;
6cef: 0000;
6cf0: 0000;
6cf1: 0000;
6cf2: 0000;
6cf3: 0000;
6cf4: 0000;
6cf5: 0000;
6cf6: 0000;
6cf7: 0000;
6cf8: 0000;
6cf9: 0000;
6cfa: 0000;
6cfb: 0000;
6cfc: 0000;
6cfd: 0000;
6cfe: 0000;
6cff: 0000;
6d00: 0000;
6d01: 0000;
6d02: 0000;
6d03: 0000;
6d04: 0000;
6d05: 0000;
6d06: 0000;
6d07: 0000;
6d08: 0000;
6d09: 0000;
6d0a: 0000;
6d0b: 0000;
6d0c: 0000;
6d0d: 0000;
6d0e: 0000;
6d0f: 0000;
6d10: 0000;
6d11: 0000;
6d12: 0000;
6d13: 0000;
6d14: 0000;
6d15: 0000;
6d16: 0000;
6d17: 0000;
6d18: 0000;
6d19: 0000;
6d1a: 0000;
6d1b: 0000;
6d1c: 0000;
6d1d: 0000;
6d1e: 0000;
6d1f: 0000;
6d20: 0000;
6d21: 0000;
6d22: 0000;
6d23: 0000;
6d24: 0000;
6d25: 0000;
6d26: 0000;
6d27: 0000;
6d28: 0000;
6d29: 0000;
6d2a: 0000;
6d2b: 0000;
6d2c: 23a1;
6d2d: 23b2;
6d2e: 23a4;
6d2f: 23b5;
6d30: 23a6;
6d31: 23a7;
6d32: 23a8;
6d33: 23a9;
6d34: 23ab;
6d35: 23ac;
6d36: 23ad;
6d37: 23ae;
6d38: 23af;
6d39: 23af;
6d3a: 24bf;
6d3b: 24bf;
6d3c: 24bf;
6d3d: 24bf;
6d3e: 24bf;
6d3f: 24bf;
6d40: 24bf;
6d41: 24bf;
6d42: 24bf;
6d43: 24bf;
6d44: 24bf;
6d45: 23bf;
6d46: 23bf;
6d47: 23bf;
6d48: 24bf;
6d49: 23af;
6d4a: 23bf;
6d4b: 23af;
6d4c: 23af;
6d4d: 23af;
6d4e: 23af;
6d4f: 23af;
6d50: 23af;
6d51: 23af;
6d52: 23af;
6d53: 23af;
6d54: 23af;
6d55: 23af;
6d56: 23af;
6d57: 23af;
6d58: 23af;
6d59: 23af;
6d5a: 23af;
6d5b: 23af;
6d5c: 23af;
6d5d: 23af;
6d5e: 23af;
6d5f: 23af;
6d60: 23af;
6d61: 23af;
6d62: 23af;
6d63: 23af;
6d64: 23af;
6d65: 23af;
6d66: 23af;
6d67: 23af;
6d68: 23af;
6d69: 23af;
6d6a: 23af;
6d6b: 23af;
6d6c: 23af;
6d6d: 23af;
6d6e: 23af;
6d6f: 23af;
6d70: 23af;
6d71: 23af;
6d72: 23af;
6d73: 23af;
6d74: 23af;
6d75: 23af;
6d76: 23af;
6d77: 23af;
6d78: 23af;
6d79: 23af;
6d7a: 23af;
6d7b: 23af;
6d7c: 23af;
6d7d: 23af;
6d7e: 23af;
6d7f: 23af;
6d80: 23af;
6d81: 23af;
6d82: 23af;
6d83: 23af;
6d84: 23af;
6d85: 23af;
6d86: 23af;
6d87: 23af;
6d88: 23af;
6d89: 23af;
6d8a: 23af;
6d8b: 23af;
6d8c: 23af;
6d8d: 23af;
6d8e: 23af;
6d8f: 23af;
6d90: 23af;
6d91: 23af;
6d92: 23af;
6d93: 23af;
6d94: 23af;
6d95: 23af;
6d96: 23af;
6d97: 23af;
6d98: 23af;
6d99: 23af;
6d9a: 23af;
6d9b: 23af;
6d9c: 23af;
6d9d: 23af;
6d9e: 23af;
6d9f: 23af;
6da0: 23af;
6da1: 23af;
6da2: 23af;
6da3: 23af;
6da4: 23af;
6da5: 23af;
6da6: 23af;
6da7: 23af;
6da8: 23bf;
6da9: 23bf;
6daa: 23bf;
6dab: 23bf;
6dac: 24bf;
6dad: 23bf;
6dae: 24bf;
6daf: 24bf;
6db0: 24bf;
6db1: 24bf;
6db2: 24bf;
6db3: 24bf;
6db4: 24bf;
6db5: 24bf;
6db6: 24bf;
6db7: 24bf;
6db8: 23bf;
6db9: 23af;
6dba: 23ae;
6dbb: 23ae;
6dbc: 23ac;
6dbd: 23ab;
6dbe: 23aa;
6dbf: 24a9;
6dc0: 23a7;
6dc1: 23a6;
6dc2: 23a5;
6dc3: 23a4;
6dc4: 23a3;
6dc5: 23a2;
6dc6: 23a1;
6dc7: 0000;
6dc8: 0000;
6dc9: 0000;
6dca: 0000;
6dcb: 0000;
6dcc: 0000;
6dcd: 0000;
6dce: 0000;
6dcf: 0000;
6dd0: 0000;
6dd1: 0000;
6dd2: 0000;
6dd3: 0000;
6dd4: 0000;
6dd5: 0000;
6dd6: 0000;
6dd7: 0000;
6dd8: 0000;
6dd9: 0000;
6dda: 0000;
6ddb: 0000;
6ddc: 0000;
6ddd: 0000;
6dde: 0000;
6ddf: 0000;
6de0: 0000;
6de1: 0000;
6de2: 0000;
6de3: 0000;
6de4: 0000;
6de5: 0000;
6de6: 0000;
6de7: 0000;
6de8: 0000;
6de9: 0000;
6dea: 0000;
6deb: 0000;
6dec: 0000;
6ded: 0000;
6dee: 0000;
6def: 0000;
6df0: 0000;
6df1: 0000;
6df2: 0000;
6df3: 0000;
6df4: 0000;
6df5: 0000;
6df6: 0000;
6df7: 0000;
6df8: 0000;
6df9: 0000;
6dfa: 0000;
6dfb: 0000;
6dfc: 0000;
6dfd: 0000;
6dfe: 0000;
6dff: 0000;
6e00: 0000;
6e01: 0000;
6e02: 0000;
6e03: 0000;
6e04: 0000;
6e05: 0000;
6e06: 0000;
6e07: 0000;
6e08: 0000;
6e09: 0000;
6e0a: 0000;
6e0b: 0000;
6e0c: 0000;
6e0d: 0000;
6e0e: 0000;
6e0f: 0000;
6e10: 0000;
6e11: 0000;
6e12: 0000;
6e13: 0000;
6e14: 0000;
6e15: 0000;
6e16: 0000;
6e17: 0000;
6e18: 0000;
6e19: 0000;
6e1a: 0000;
6e1b: 0000;
6e1c: 0000;
6e1d: 0000;
6e1e: 0000;
6e1f: 0000;
6e20: 0000;
6e21: 0000;
6e22: 0000;
6e23: 0000;
6e24: 0000;
6e25: 0000;
6e26: 0000;
6e27: 0000;
6e28: 0000;
6e29: 0000;
6e2a: 0000;
6e2b: 0000;
6e2c: 0000;
6e2d: 0000;
6e2e: 0000;
6e2f: 0000;
6e30: 0000;
6e31: 0000;
6e32: 0000;
6e33: 25a0;
6e34: 24a1;
6e35: 23b2;
6e36: 24b2;
6e37: 23a3;
6e38: 23a4;
6e39: 24b5;
6e3a: 23a6;
6e3b: 23a7;
6e3c: 23a8;
6e3d: 23a9;
6e3e: 23aa;
6e3f: 23ab;
6e40: 23ac;
6e41: 23ad;
6e42: 23ae;
6e43: 23ae;
6e44: 23af;
6e45: 23af;
6e46: 23af;
6e47: 23af;
6e48: 23af;
6e49: 24bf;
6e4a: 24bf;
6e4b: 24bf;
6e4c: 24bf;
6e4d: 24bf;
6e4e: 24bf;
6e4f: 24bf;
6e50: 24bf;
6e51: 24bf;
6e52: 24bf;
6e53: 24bf;
6e54: 24bf;
6e55: 24bf;
6e56: 23bf;
6e57: 24bf;
6e58: 24bf;
6e59: 23bf;
6e5a: 24bf;
6e5b: 23bf;
6e5c: 24bf;
6e5d: 23af;
6e5e: 23af;
6e5f: 23af;
6e60: 23af;
6e61: 23af;
6e62: 23af;
6e63: 23af;
6e64: 23af;
6e65: 23af;
6e66: 23af;
6e67: 23af;
6e68: 23af;
6e69: 23af;
6e6a: 23af;
6e6b: 23af;
6e6c: 23af;
6e6d: 23af;
6e6e: 23af;
6e6f: 23af;
6e70: 23af;
6e71: 23af;
6e72: 23af;
6e73: 23af;
6e74: 23af;
6e75: 23af;
6e76: 23af;
6e77: 23af;
6e78: 23af;
6e79: 23af;
6e7a: 23af;
6e7b: 23af;
6e7c: 23af;
6e7d: 23af;
6e7e: 23af;
6e7f: 23af;
6e80: 23af;
6e81: 23af;
6e82: 23af;
6e83: 23af;
6e84: 23af;
6e85: 23af;
6e86: 23af;
6e87: 23af;
6e88: 23af;
6e89: 23af;
6e8a: 23af;
6e8b: 23af;
6e8c: 23af;
6e8d: 23af;
6e8e: 23af;
6e8f: 23af;
6e90: 23af;
6e91: 23af;
6e92: 23bf;
6e93: 23af;
6e94: 23bf;
6e95: 23af;
6e96: 23bf;
6e97: 24bf;
6e98: 24bf;
6e99: 23bf;
6e9a: 24bf;
6e9b: 24bf;
6e9c: 24bf;
6e9d: 24bf;
6e9e: 24bf;
6e9f: 24bf;
6ea0: 24bf;
6ea1: 24bf;
6ea2: 24bf;
6ea3: 24bf;
6ea4: 24bf;
6ea5: 24bf;
6ea6: 24bf;
6ea7: 24bf;
6ea8: 24bf;
6ea9: 23bf;
6eaa: 23af;
6eab: 23af;
6eac: 23af;
6ead: 23af;
6eae: 23ae;
6eaf: 23ae;
6eb0: 23bd;
6eb1: 23ad;
6eb2: 23ac;
6eb3: 23ab;
6eb4: 23aa;
6eb5: 23a9;
6eb6: 23a7;
6eb7: 23a6;
6eb8: 23b5;
6eb9: 23a4;
6eba: 24b3;
6ebb: 24a2;
6ebc: 23a2;
6ebd: 23a1;
6ebe: 13b1;
6ebf: 00f0;
6ec0: 0000;
6ec1: 0000;
6ec2: 0000;
6ec3: 0000;
6ec4: 0000;
6ec5: 0000;
6ec6: 0000;
6ec7: 0000;
6ec8: 0000;
6ec9: 0000;
6eca: 0000;
6ecb: 0000;
6ecc: 0000;
6ecd: 0000;
6ece: 0000;
6ecf: 0000;
6ed0: 0000;
6ed1: 0000;
6ed2: 0000;
6ed3: 0000;
6ed4: 0000;
6ed5: 0000;
6ed6: 0000;
6ed7: 0000;
6ed8: 0000;
6ed9: 0000;
6eda: 0000;
6edb: 0000;
6edc: 0000;
6edd: 0000;
6ede: 0000;
6edf: 0000;
6ee0: 0000;
6ee1: 0000;
6ee2: 0000;
6ee3: 0000;
6ee4: 0000;
6ee5: 0000;
6ee6: 0000;
6ee7: 0000;
6ee8: 0000;
6ee9: 0000;
6eea: 0000;
6eeb: 0000;
6eec: 0000;
6eed: 0000;
6eee: 0000;
6eef: 0000;
6ef0: 0000;
6ef1: 0000;
6ef2: 0000;
6ef3: 0000;
6ef4: 0000;
6ef5: 0000;
6ef6: 0000;
6ef7: 0000;
6ef8: 0000;
6ef9: 0000;
6efa: 0000;
6efb: 0000;
6efc: 0000;
6efd: 0000;
6efe: 0000;
6eff: 0000;
6f00: 0000;
6f01: 0000;
6f02: 0000;
6f03: 0000;
6f04: 0000;
6f05: 0000;
6f06: 0000;
6f07: 0000;
6f08: 0000;
6f09: 0000;
6f0a: 0000;
6f0b: 0000;
6f0c: 0000;
6f0d: 0000;
6f0e: 0000;
6f0f: 0000;
6f10: 0000;
6f11: 0000;
6f12: 0000;
6f13: 0000;
6f14: 0000;
6f15: 0000;
6f16: 0000;
6f17: 0000;
6f18: 0000;
6f19: 0000;
6f1a: 0000;
6f1b: 0000;
6f1c: 0000;
6f1d: 0000;
6f1e: 0000;
6f1f: 0000;
6f20: 0000;
6f21: 0000;
6f22: 0000;
6f23: 0000;
6f24: 0000;
6f25: 0000;
6f26: 0000;
6f27: 0000;
6f28: 0000;
6f29: 0000;
6f2a: 0000;
6f2b: 0000;
6f2c: 0000;
6f2d: 0000;
6f2e: 0000;
6f2f: 0000;
6f30: 0000;
6f31: 0000;
6f32: 0000;
6f33: 0000;
6f34: 0000;
6f35: 0000;
6f36: 0000;
6f37: 0000;
6f38: 0000;
6f39: 0000;
6f3a: 0000;
6f3b: 0000;
6f3c: 0000;
6f3d: 44b0;
6f3e: 24b0;
6f3f: 23a1;
6f40: 23a1;
6f41: 13b2;
6f42: 23b2;
6f43: 24a3;
6f44: 23a4;
6f45: 23a5;
6f46: 23b6;
6f47: 23a7;
6f48: 23a7;
6f49: 23a8;
6f4a: 24a9;
6f4b: 23aa;
6f4c: 23ab;
6f4d: 23bc;
6f4e: 23ac;
6f4f: 23ac;
6f50: 23ad;
6f51: 23ad;
6f52: 23ad;
6f53: 23ae;
6f54: 23ae;
6f55: 23ae;
6f56: 23ae;
6f57: 23af;
6f58: 23af;
6f59: 23af;
6f5a: 24bf;
6f5b: 24bf;
6f5c: 24bf;
6f5d: 24bf;
6f5e: 24bf;
6f5f: 24bf;
6f60: 24bf;
6f61: 24bf;
6f62: 24bf;
6f63: 24bf;
6f64: 24bf;
6f65: 24bf;
6f66: 24bf;
6f67: 24bf;
6f68: 24bf;
6f69: 24bf;
6f6a: 24bf;
6f6b: 24bf;
6f6c: 24bf;
6f6d: 24bf;
6f6e: 24bf;
6f6f: 24bf;
6f70: 24bf;
6f71: 24bf;
6f72: 24bf;
6f73: 24bf;
6f74: 24bf;
6f75: 24bf;
6f76: 24bf;
6f77: 24bf;
6f78: 24bf;
6f79: 24bf;
6f7a: 24bf;
6f7b: 24bf;
6f7c: 24bf;
6f7d: 24bf;
6f7e: 24bf;
6f7f: 24bf;
6f80: 24bf;
6f81: 24bf;
6f82: 24bf;
6f83: 24bf;
6f84: 24bf;
6f85: 24bf;
6f86: 24bf;
6f87: 24bf;
6f88: 24bf;
6f89: 24bf;
6f8a: 24bf;
6f8b: 24bf;
6f8c: 24bf;
6f8d: 24bf;
6f8e: 24bf;
6f8f: 24bf;
6f90: 24bf;
6f91: 24bf;
6f92: 24bf;
6f93: 24bf;
6f94: 24bf;
6f95: 24bf;
6f96: 24bf;
6f97: 23bf;
6f98: 23bf;
6f99: 23af;
6f9a: 23af;
6f9b: 23ae;
6f9c: 23ae;
6f9d: 23ae;
6f9e: 23ae;
6f9f: 23ad;
6fa0: 23ad;
6fa1: 23ad;
6fa2: 23ac;
6fa3: 23ac;
6fa4: 23ac;
6fa5: 23ab;
6fa6: 23ab;
6fa7: 24aa;
6fa8: 23a9;
6fa9: 23a8;
6faa: 23a7;
6fab: 24b6;
6fac: 23b5;
6fad: 23b4;
6fae: 23a3;
6faf: 23b2;
6fb0: 24a2;
6fb1: 23a2;
6fb2: 24b1;
6fb3: 13a1;
6fb4: 22a0;
6fb5: 0070;
6fb6: 0000;
6fb7: 0000;
6fb8: 0000;
6fb9: 0000;
6fba: 0000;
6fbb: 0000;
6fbc: 0000;
6fbd: 0000;
6fbe: 0000;
6fbf: 0000;
6fc0: 0000;
6fc1: 0000;
6fc2: 0000;
6fc3: 0000;
6fc4: 0000;
6fc5: 0000;
6fc6: 0000;
6fc7: 0000;
6fc8: 0000;
6fc9: 0000;
6fca: 0000;
6fcb: 0000;
6fcc: 0000;
6fcd: 0000;
6fce: 0000;
6fcf: 0000;
6fd0: 0000;
6fd1: 0000;
6fd2: 0000;
6fd3: 0000;
6fd4: 0000;
6fd5: 0000;
6fd6: 0000;
6fd7: 0000;
6fd8: 0000;
6fd9: 0000;
6fda: 0000;
6fdb: 0000;
6fdc: 0000;
6fdd: 0000;
6fde: 0000;
6fdf: 0000;
6fe0: 0000;
6fe1: 0000;
6fe2: 0000;
6fe3: 0000;
6fe4: 0000;
6fe5: 0000;
6fe6: 0000;
6fe7: 0000;
6fe8: 0000;
6fe9: 0000;
6fea: 0000;
6feb: 0000;
6fec: 0000;
6fed: 0000;
6fee: 0000;
6fef: 0000;
6ff0: 0000;
6ff1: 0000;
6ff2: 0000;
6ff3: 0000;
6ff4: 0000;
6ff5: 0000;
6ff6: 0000;
6ff7: 0000;
6ff8: 0000;
6ff9: 0000;
6ffa: 0000;
6ffb: 0000;
6ffc: 0000;
6ffd: 0000;
6ffe: 0000;
6fff: 0000;
7000: 0000;
7001: 0000;
7002: 0000;
7003: 0000;
7004: 0000;
7005: 0000;
7006: 0000;
7007: 0000;
7008: 0000;
7009: 0000;
700a: 0000;
700b: 0000;
700c: 0000;
700d: 0000;
700e: 0000;
700f: 0000;
7010: 0000;
7011: 0000;
7012: 0000;
7013: 0000;
7014: 0000;
7015: 0000;
7016: 0000;
7017: 0000;
7018: 0000;
7019: 0000;
701a: 0000;
701b: 0000;
701c: 0000;
701d: 0000;
701e: 0000;
701f: 0000;
7020: 0000;
7021: 0000;
7022: 0000;
7023: 0000;
7024: 0000;
7025: 0000;
7026: 0000;
7027: 0000;
7028: 0000;
7029: 0000;
702a: 0000;
702b: 0000;
702c: 0000;
702d: 0000;
702e: 0000;
702f: 0000;
7030: 0000;
7031: 0000;
7032: 0000;
7033: 0000;
7034: 0000;
7035: 0000;
7036: 0000;
7037: 0000;
7038: 0000;
7039: 0000;
703a: 0000;
703b: 0000;
703c: 0000;
703d: 0000;
703e: 0000;
703f: 0000;
7040: 0000;
7041: 0000;
7042: 0000;
7043: 0000;
7044: 0000;
7045: 0000;
7046: 0000;
7047: 0000;
7048: 0000;
7049: 0000;
704a: 0000;
704b: 0000;
704c: 0000;
704d: 0000;
704e: 04b0;
704f: 23b1;
7050: 23b1;
7051: 24b2;
7052: 23a3;
7053: 23a3;
7054: 23a4;
7055: 24a4;
7056: 23a5;
7057: 23a6;
7058: 23a6;
7059: 23a7;
705a: 23a7;
705b: 23a7;
705c: 23a8;
705d: 23a8;
705e: 23a9;
705f: 23a9;
7060: 23a9;
7061: 23aa;
7062: 23aa;
7063: 23aa;
7064: 23aa;
7065: 23aa;
7066: 23ab;
7067: 23ab;
7068: 23ab;
7069: 23ab;
706a: 23ac;
706b: 23ac;
706c: 23ac;
706d: 23ac;
706e: 23ac;
706f: 23ac;
7070: 23ac;
7071: 23ac;
7072: 23ac;
7073: 23ac;
7074: 23ac;
7075: 23ad;
7076: 23ad;
7077: 23ad;
7078: 23ad;
7079: 23ad;
707a: 23ad;
707b: 23ad;
707c: 23ad;
707d: 23ad;
707e: 23ac;
707f: 23ac;
7080: 23ac;
7081: 23ac;
7082: 23ac;
7083: 23ac;
7084: 23ac;
7085: 23ac;
7086: 23ac;
7087: 23ac;
7088: 23ab;
7089: 23ab;
708a: 23ab;
708b: 23ab;
708c: 23ab;
708d: 23aa;
708e: 23aa;
708f: 23aa;
7090: 23aa;
7091: 23a9;
7092: 23a9;
7093: 24a9;
7094: 23b8;
7095: 23a8;
7096: 23a8;
7097: 23a7;
7098: 23a7;
7099: 23a6;
709a: 23a6;
709b: 23a5;
709c: 23a5;
709d: 23b4;
709e: 23a4;
709f: 23a3;
70a0: 23a2;
70a1: 23a2;
70a2: 23b1;
70a3: 23c1;
70a4: 0000;
70a5: 0000;
70a6: 0000;
70a7: 0000;
70a8: 0000;
70a9: 0000;
70aa: 0000;
70ab: 0000;
70ac: 0000;
70ad: 0000;
70ae: 0000;
70af: 0000;
70b0: 0000;
70b1: 0000;
70b2: 0000;
70b3: 0000;
70b4: 0000;
70b5: 0000;
70b6: 0000;
70b7: 0000;
70b8: 0000;
70b9: 0000;
70ba: 0000;
70bb: 0000;
70bc: 0000;
70bd: 0000;
70be: 0000;
70bf: 0000;
70c0: 0000;
70c1: 0000;
70c2: 0000;
70c3: 0000;
70c4: 0000;
70c5: 0000;
70c6: 0000;
70c7: 0000;
70c8: 0000;
70c9: 0000;
70ca: 0000;
70cb: 0000;
70cc: 0000;
70cd: 0000;
70ce: 0000;
70cf: 0000;
70d0: 0000;
70d1: 0000;
70d2: 0000;
70d3: 0000;
70d4: 0000;
70d5: 0000;
70d6: 0000;
70d7: 0000;
70d8: 0000;
70d9: 0000;
70da: 0000;
70db: 0000;
70dc: 0000;
70dd: 0000;
70de: 0000;
70df: 0000;
70e0: 0000;
70e1: 0000;
70e2: 0000;
70e3: 0000;
70e4: 0000;
70e5: 0000;
70e6: 0000;
70e7: 0000;
70e8: 0000;
70e9: 0000;
70ea: 0000;
70eb: 0000;
70ec: 0000;
70ed: 0000;
70ee: 0000;
70ef: 0000;
70f0: 0000;
70f1: 0000;
70f2: 0000;
70f3: 0000;
70f4: 0000;
70f5: 0000;
70f6: 0000;
70f7: 0000;
70f8: 0000;
70f9: 0000;
70fa: 0000;
70fb: 0000;
70fc: 0000;
70fd: 0000;
70fe: 0000;
70ff: 0000;
7100: 0000;
7101: 0000;
7102: 0000;
7103: 0000;
7104: 0000;
7105: 0000;
7106: 0000;
7107: 0000;
7108: 0000;
7109: 0000;
710a: 0000;
710b: 0000;
710c: 0000;
710d: 0000;
710e: 0000;
710f: 0000;
7110: 0000;
7111: 0000;
7112: 0000;
7113: 0000;
7114: 0000;
7115: 0000;
7116: 0000;
7117: 0000;
7118: 0000;
7119: 0000;
711a: 0000;
711b: 0000;
711c: 0000;
711d: 0000;
711e: 0000;
711f: 0000;
7120: 0000;
7121: 0000;
7122: 0000;
7123: 0000;
7124: 0000;
7125: 0000;
7126: 0000;
7127: 0000;
7128: 0000;
7129: 0000;
712a: 0000;
712b: 0000;
712c: 0000;
712d: 0000;
712e: 0000;
712f: 0000;
7130: 0000;
7131: 0000;
7132: 0000;
7133: 0000;
7134: 0000;
7135: 0000;
7136: 0000;
7137: 0000;
7138: 0000;
7139: 0000;
713a: 0000;
713b: 0000;
713c: 0000;
713d: 0000;
713e: 0000;
713f: 0000;
7140: 0000;
7141: 0000;
7142: 0000;
7143: 0000;
7144: 0000;
7145: 0000;
7146: 0000;
7147: 0000;
7148: 0000;
7149: 0000;
714a: 0000;
714b: 0000;
714c: 0000;
714d: 0000;
714e: 0000;
714f: 0000;
7150: 0000;
7151: 0000;
7152: 0000;
7153: 0000;
7154: 0000;
7155: 0000;
7156: 0000;
7157: 0000;
7158: 0000;
7159: 0000;
715a: 0000;
715b: 0000;
715c: 0000;
715d: 0000;
715e: 0000;
715f: 0000;
7160: 0000;
7161: 0000;
7162: 55a0;
7163: 22a0;
7164: 24b0;
7165: 23a1;
7166: 14b1;
7167: 23a1;
7168: 23a1;
7169: 23b1;
716a: 23b1;
716b: 24b1;
716c: 24a2;
716d: 23b2;
716e: 24b2;
716f: 23a2;
7170: 23a2;
7171: 23a2;
7172: 24b2;
7173: 23a2;
7174: 23a2;
7175: 23a2;
7176: 23a3;
7177: 23a3;
7178: 23b3;
7179: 24a3;
717a: 23b3;
717b: 23a3;
717c: 23a3;
717d: 23a2;
717e: 23a2;
717f: 23a2;
7180: 24b2;
7181: 23a2;
7182: 23a2;
7183: 24a2;
7184: 23a2;
7185: 23a2;
7186: 23a2;
7187: 23a1;
7188: 14a1;
7189: 24a1;
718a: 23b1;
718b: 14a1;
718c: 33a1;
718d: 24b0;
718e: 02a0;
718f: 44b0;
7190: 0770;
7191: 0000;
7192: 0000;
7193: 0000;
7194: 0000;
7195: 0000;
7196: 0000;
7197: 0000;
7198: 0000;
7199: 0000;
719a: 0000;
719b: 0000;
719c: 0000;
719d: 0000;
719e: 0000;
719f: 0000;
71a0: 0000;
71a1: 0000;
71a2: 0000;
71a3: 0000;
71a4: 0000;
71a5: 0000;
71a6: 0000;
71a7: 0000;
71a8: 0000;
71a9: 0000;
71aa: 0000;
71ab: 0000;
71ac: 0000;
71ad: 0000;
71ae: 0000;
71af: 0000;
71b0: 0000;
71b1: 0000;
71b2: 0000;
71b3: 0000;
71b4: 0000;
71b5: 0000;
71b6: 0000;
71b7: 0000;
71b8: 0000;
71b9: 0000;
71ba: 0000;
71bb: 0000;
71bc: 0000;
71bd: 0000;
71be: 0000;
71bf: 0000;
71c0: 0000;
71c1: 0000;
71c2: 0000;
71c3: 0000;
71c4: 0000;
71c5: 0000;
71c6: 0000;
71c7: 0000;
71c8: 0000;
71c9: 0000;
71ca: 0000;
71cb: 0000;
71cc: 0000;
71cd: 0000;
71ce: 0000;
71cf: 0000;
71d0: 0000;
71d1: 0000;
71d2: 0000;
71d3: 0000;
71d4: 0000;
71d5: 0000;
71d6: 0000;
71d7: 0000;
71d8: 0000;
71d9: 0000;
71da: 0000;
71db: 0000;
71dc: 0000;
71dd: 0000;
71de: 0000;
71df: 0000;
71e0: 0000;
71e1: 0000;
71e2: 0000;
71e3: 0000;
71e4: 0000;
71e5: 0000;
71e6: 0000;
71e7: 0000;
71e8: 0000;
71e9: 0000;
71ea: 0000;
71eb: 0000;
71ec: 0000;
71ed: 0000;
71ee: 0000;
71ef: 0000;
71f0: 0000;
71f1: 0000;
71f2: 0000;
71f3: 0000;
71f4: 0000;
71f5: 0000;
71f6: 0000;
71f7: 0000;
71f8: 0000;
71f9: 0000;
71fa: 0000;
71fb: 0000;
71fc: 0000;
71fd: 0000;
71fe: 0000;
71ff: 0000;
7200: 0000;
7201: 0000;
7202: 0000;
7203: 0000;
7204: 0000;
7205: 0000;
7206: 0000;
7207: 0000;
7208: 0000;
7209: 0000;
720a: 0000;
720b: 0000;
720c: 0000;
720d: 0000;
720e: 0000;
720f: 0000;
7210: 0000;
7211: 0000;
7212: 0000;
7213: 0000;
7214: 0000;
7215: 0000;
7216: 0000;
7217: 0000;
7218: 0000;
7219: 0000;
721a: 0000;
721b: 0000;
721c: 0000;
721d: 0000;
721e: 0000;
721f: 0000;
7220: 0000;
7221: 0000;
7222: 0000;
7223: 0000;
7224: 0000;
7225: 0000;
7226: 0000;
7227: 0000;
7228: 0000;
7229: 0000;
722a: 0000;
722b: 0000;
722c: 0000;
722d: 0000;
722e: 0000;
722f: 0000;
7230: 0000;
7231: 0000;
7232: 0000;
7233: 0000;
7234: 0000;
7235: 0000;
7236: 0000;
7237: 0000;
7238: 0000;
7239: 0000;
723a: 0000;
723b: 0000;
723c: 0000;
723d: 0000;
723e: 0000;
723f: 0000;
7240: 0000;
7241: 0000;
7242: 0000;
7243: 0000;
7244: 0000;
7245: 0000;
7246: 0000;
7247: 0000;
7248: 0000;
7249: 0000;
724a: 0000;
724b: 0000;
724c: 0000;
724d: 0000;
724e: 0000;
724f: 0000;
7250: 0000;
7251: 0000;
7252: 0000;
7253: 0000;
7254: 0000;
7255: 0000;
7256: 0000;
7257: 0000;
7258: 0000;
7259: 0000;
725a: 0000;
725b: 0000;
725c: 0000;
725d: 0000;
725e: 0000;
725f: 0000;
7260: 0000;
7261: 0000;
7262: 0000;
7263: 0000;
7264: 0000;
7265: 0000;
7266: 0000;
7267: 0000;
7268: 0000;
7269: 0000;
726a: 0000;
726b: 0000;
726c: 0000;
726d: 0000;
726e: 0000;
726f: 0000;
7270: 0000;
7271: 0000;
7272: 0000;
7273: 0000;
7274: 0000;
7275: 0000;
7276: 0000;
7277: 0000;
7278: 0000;
7279: 0000;
727a: 0000;
727b: 0000;
727c: 0000;
727d: 0000;
727e: 0000;
727f: 0000;
7280: 0000;
7281: 0000;
7282: 0000;
7283: 0000;
7284: 0000;
7285: 0000;
7286: 0000;
7287: 0000;
7288: 0000;
7289: 0000;
728a: 0000;
728b: 0000;
728c: 0000;
728d: 0000;
728e: 0000;
728f: 0000;
7290: 0000;
7291: 0000;
7292: 0000;
7293: 0000;
7294: 0000;
7295: 0000;
7296: 0000;
7297: 0000;
7298: 0000;
7299: 0000;
729a: 0000;
729b: 0000;
729c: 0000;
729d: 0000;
729e: 0000;
729f: 0000;
72a0: 0000;
72a1: 0000;
72a2: 0000;
72a3: 0000;
72a4: 0000;
72a5: 0000;
72a6: 0000;
72a7: 0000;
72a8: 0000;
72a9: 0000;
72aa: 0000;
72ab: 0000;
72ac: 0000;
72ad: 0000;
72ae: 0000;
72af: 0000;
72b0: 0000;
72b1: 0000;
72b2: 0000;
72b3: 0000;
72b4: 0000;
72b5: 0000;
72b6: 0000;
72b7: 0000;
72b8: 0000;
72b9: 0000;
72ba: 0000;
72bb: 0000;
72bc: 0000;
72bd: 0000;
72be: 0000;
72bf: 0000;
72c0: 0000;
72c1: 0000;
72c2: 0000;
72c3: 0000;
72c4: 0000;
72c5: 0000;
72c6: 0000;
72c7: 0000;
72c8: 0000;
72c9: 0000;
72ca: 0000;
72cb: 0000;
72cc: 0000;
72cd: 0000;
72ce: 0000;
72cf: 0000;
72d0: 0000;
72d1: 0000;
72d2: 0000;
72d3: 0000;
72d4: 0000;
72d5: 0000;
72d6: 0000;
72d7: 0000;
72d8: 0000;
72d9: 0000;
72da: 0000;
72db: 0000;
72dc: 0000;
72dd: 0000;
72de: 0000;
72df: 0000;
72e0: 0000;
72e1: 0000;
72e2: 0000;
72e3: 0000;
72e4: 0000;
72e5: 0000;
72e6: 0000;
72e7: 0000;
72e8: 0000;
72e9: 0000;
72ea: 0000;
72eb: 0000;
72ec: 0000;
72ed: 0000;
72ee: 0000;
72ef: 0000;
72f0: 0000;
72f1: 0000;
72f2: 0000;
72f3: 0000;
72f4: 0000;
72f5: 0000;
72f6: 0000;
72f7: 0000;
72f8: 0000;
72f9: 0000;
72fa: 0000;
72fb: 0000;
72fc: 0000;
72fd: 0000;
72fe: 0000;
72ff: 0000;
7300: 0000;
7301: 0000;
7302: 0000;
7303: 0000;
7304: 0000;
7305: 0000;
7306: 0000;
7307: 0000;
7308: 0000;
7309: 0000;
730a: 0000;
730b: 0000;
730c: 0000;
730d: 0000;
730e: 0000;
730f: 0000;
7310: 0000;
7311: 0000;
7312: 0000;
7313: 0000;
7314: 0000;
7315: 0000;
7316: 0000;
7317: 0000;
7318: 0000;
7319: 0000;
731a: 0000;
731b: 0000;
731c: 0000;
731d: 0000;
731e: 0000;
731f: 0000;
7320: 0000;
7321: 0000;
7322: 0000;
7323: 0000;
7324: 0000;
7325: 0000;
7326: 0000;
7327: 0000;
7328: 0000;
7329: 0000;
732a: 0000;
732b: 0000;
732c: 0000;
732d: 0000;
732e: 0000;
732f: 0000;
7330: 0000;
7331: 0000;
7332: 0000;
7333: 0000;
7334: 0000;
7335: 0000;
7336: 0000;
7337: 0000;
7338: 0000;
7339: 0000;
733a: 0000;
733b: 0000;
733c: 0000;
733d: 0000;
733e: 0000;
733f: 0000;
7340: 0000;
7341: 0000;
7342: 0000;
7343: 0000;
7344: 0000;
7345: 0000;
7346: 0000;
7347: 0000;
7348: 0000;
7349: 0000;
734a: 0000;
734b: 0000;
734c: 0000;
734d: 0000;
734e: 0000;
734f: 0000;
7350: 0000;
7351: 0000;
7352: 0000;
7353: 0000;
7354: 0000;
7355: 0000;
7356: 0000;
7357: 0000;
7358: 0000;
7359: 0000;
735a: 0000;
735b: 0000;
735c: 0000;
735d: 0000;
735e: 0000;
735f: 0000;
7360: 0000;
7361: 0000;
7362: 0000;
7363: 0000;
7364: 0000;
7365: 0000;
7366: 0000;
7367: 0000;
7368: 0000;
7369: 0000;
736a: 0000;
736b: 0000;
736c: 0000;
736d: 0000;
736e: 0000;
736f: 0000;
7370: 0000;
7371: 0000;
7372: 0000;
7373: 0000;
7374: 0000;
7375: 0000;
7376: 0000;
7377: 0000;
7378: 0000;
7379: 0000;
737a: 0000;
737b: 0000;
737c: 0000;
737d: 0000;
737e: 0000;
737f: 0000;
7380: 0000;
7381: 0000;
7382: 0000;
7383: 0000;
7384: 0000;
7385: 0000;
7386: 0000;
7387: 0000;
7388: 0000;
7389: 0000;
738a: 0000;
738b: 0000;
738c: 0000;
738d: 0000;
738e: 0000;
738f: 0000;
7390: 0000;
7391: 0000;
7392: 0000;
7393: 0000;
7394: 0000;
7395: 0000;
7396: 0000;
7397: 0000;
7398: 0000;
7399: 0000;
739a: 0000;
739b: 0000;
739c: 0000;
739d: 0000;
739e: 0000;
739f: 0000;
73a0: 0000;
73a1: 0000;
73a2: 0000;
73a3: 0000;
73a4: 0000;
73a5: 0000;
73a6: 0000;
73a7: 0000;
73a8: 0000;
73a9: 0000;
73aa: 0000;
73ab: 0000;
73ac: 0000;
73ad: 0000;
73ae: 0000;
73af: 0000;
73b0: 0000;
73b1: 0000;
73b2: 0000;
73b3: 0000;
73b4: 0000;
73b5: 0000;
73b6: 0000;
73b7: 0000;
73b8: 0000;
73b9: 0000;
73ba: 0000;
73bb: 0000;
73bc: 0000;
73bd: 0000;
73be: 0000;
73bf: 0000;
73c0: 0000;
73c1: 0000;
73c2: 0000;
73c3: 0000;
73c4: 0000;
73c5: 0000;
73c6: 0000;
73c7: 0000;
73c8: 0000;
73c9: 0000;
73ca: 0000;
73cb: 0000;
73cc: 0000;
73cd: 0000;
73ce: 0000;
73cf: 0000;
73d0: 0000;
73d1: 0000;
73d2: 0000;
73d3: 0000;
73d4: 0000;
73d5: 0000;
73d6: 0000;
73d7: 0000;
73d8: 0000;
73d9: 0000;
73da: 0000;
73db: 0000;
73dc: 0000;
73dd: 0000;
73de: 0000;
73df: 0000;
73e0: 0000;
73e1: 0000;
73e2: 0000;
73e3: 0000;
73e4: 0000;
73e5: 0000;
73e6: 0000;
73e7: 0000;
73e8: 0000;
73e9: 0000;
73ea: 0000;
73eb: 0000;
73ec: 0000;
73ed: 0000;
73ee: 0000;
73ef: 0000;
73f0: 0000;
73f1: 0000;
73f2: 0000;
73f3: 0000;
73f4: 0000;
73f5: 0000;
73f6: 0000;
73f7: 0000;
73f8: 0000;
73f9: 0000;
73fa: 0000;
73fb: 0000;
73fc: 0000;
73fd: 0000;
73fe: 0000;
73ff: 0000;
7400: 0000;
7401: 0000;
7402: 0000;
7403: 0000;
7404: 0000;
7405: 0000;
7406: 0000;
7407: 0000;
7408: 0000;
7409: 0000;
740a: 0000;
740b: 0000;
740c: 0000;
740d: 0000;
740e: 0000;
740f: 0000;
7410: 0000;
7411: 0000;
7412: 0000;
7413: 0000;
7414: 0000;
7415: 0000;
7416: 0000;
7417: 0000;
7418: 0000;
7419: 0000;
741a: 0000;
741b: 0000;
741c: 0000;
741d: 0000;
741e: 0000;
741f: 0000;
7420: 0000;
7421: 0000;
7422: 0000;
7423: 0000;
7424: 0000;
7425: 0000;
7426: 0000;
7427: 0000;
7428: 0000;
7429: 0000;
742a: 0000;
742b: 0000;
742c: 0000;
742d: 0000;
742e: 0000;
742f: 0000;
7430: 0000;
7431: 0000;
7432: 0000;
7433: 0000;
7434: 0000;
7435: 0000;
7436: 0000;
7437: 0000;
7438: 0000;
7439: 0000;
743a: 0000;
743b: 0000;
743c: 0000;
743d: 0000;
743e: 0000;
743f: 0000;
7440: 0000;
7441: 0000;
7442: 0000;
7443: 0000;
7444: 0000;
7445: 0000;
7446: 0000;
7447: 0000;
7448: 0000;
7449: 0000;
744a: 0000;
744b: 0000;
744c: 0000;
744d: 0000;
744e: 0000;
744f: 0000;
7450: 0000;
7451: 0000;
7452: 0000;
7453: 0000;
7454: 0000;
7455: 0000;
7456: 0000;
7457: 0000;
7458: 0000;
7459: 0000;
745a: 0000;
745b: 0000;
745c: 0000;
745d: 0000;
745e: 0000;
745f: 0000;
7460: 0000;
7461: 0000;
7462: 0000;
7463: 0000;
7464: 0000;
7465: 0000;
7466: 0000;
7467: 0000;
7468: 0000;
7469: 0000;
746a: 0000;
746b: 0000;
746c: 0000;
746d: 0000;
746e: 0000;
746f: 0000;
7470: 0000;
7471: 0000;
7472: 0000;
7473: 0000;
7474: 0000;
7475: 0000;
7476: 0000;
7477: 0000;
7478: 0000;
7479: 0000;
747a: 0000;
747b: 0000;
747c: 0000;
747d: 0000;
747e: 0000;
747f: 0000;
7480: 0000;
7481: 0000;
7482: 0000;
7483: 0000;
7484: 0000;
7485: 0000;
7486: 0000;
7487: 0000;
7488: 0000;
7489: 0000;
748a: 0000;
748b: 0000;
748c: 0000;
748d: 0000;
748e: 0000;
748f: 0000;
7490: 0000;
7491: 0000;
7492: 0000;
7493: 0000;
7494: 0000;
7495: 0000;
7496: 0000;
7497: 0000;
7498: 0000;
7499: 0000;
749a: 0000;
749b: 0000;
749c: 0000;
749d: 0000;
749e: 0000;
749f: 0000;
74a0: 0000;
74a1: 0000;
74a2: 0000;
74a3: 0000;
74a4: 0000;
74a5: 0000;
74a6: 0000;
74a7: 0000;
74a8: 0000;
74a9: 0000;
74aa: 0000;
74ab: 0000;
74ac: 0000;
74ad: 0000;
74ae: 0000;
74af: 0000;
74b0: 0000;
74b1: 0000;
74b2: 0000;
74b3: 0000;
74b4: 0000;
74b5: 0000;
74b6: 0000;
74b7: 0000;
74b8: 0000;
74b9: 0000;
74ba: 0000;
74bb: 0000;
74bc: 0000;
74bd: 0000;
74be: 0000;
74bf: 0000;
74c0: 0000;
74c1: 0000;
74c2: 0000;
74c3: 0000;
74c4: 0000;
74c5: 0000;
74c6: 0000;
74c7: 0000;
74c8: 0000;
74c9: 0000;
74ca: 0000;
74cb: 0000;
74cc: 0000;
74cd: 0000;
74ce: 0000;
74cf: 0000;
74d0: 0000;
74d1: 0000;
74d2: 0000;
74d3: 0000;
74d4: 0000;
74d5: 0000;
74d6: 0000;
74d7: 0000;
74d8: 0000;
74d9: 0000;
74da: 0000;
74db: 0000;
74dc: 0000;
74dd: 0000;
74de: 0000;
74df: 0000;
74e0: 0000;
74e1: 0000;
74e2: 0000;
74e3: 0000;
74e4: 0000;
74e5: 0000;
74e6: 0000;
74e7: 0000;
74e8: 0000;
74e9: 0000;
74ea: 0000;
74eb: 0000;
74ec: 0000;
74ed: 0000;
74ee: 0000;
74ef: 0000;
74f0: 0000;
74f1: 0000;
74f2: 0000;
74f3: 0000;
74f4: 0000;
74f5: 0000;
74f6: 0000;
74f7: 0000;
74f8: 0000;
74f9: 0000;
74fa: 0000;
74fb: 0000;
74fc: 0000;
74fd: 0000;
74fe: 0000;
74ff: 0000;
7500: 0000;
7501: 0000;
7502: 0000;
7503: 0000;
7504: 0000;
7505: 0000;
7506: 0000;
7507: 0000;
7508: 0000;
7509: 0000;
750a: 0000;
750b: 0000;
750c: 0000;
750d: 0000;
750e: 0000;
750f: 0000;
7510: 0000;
7511: 0000;
7512: 0000;
7513: 0000;
7514: 0000;
7515: 0000;
7516: 0000;
7517: 0000;
7518: 0000;
7519: 0000;
751a: 0000;
751b: 0000;
751c: 0000;
751d: 0000;
751e: 0000;
751f: 0000;
7520: 0000;
7521: 0000;
7522: 0000;
7523: 0000;
7524: 0000;
7525: 0000;
7526: 0000;
7527: 0000;
7528: 0000;
7529: 0000;
752a: 0000;
752b: 0000;
752c: 0000;
752d: 0000;
752e: 0000;
752f: 0000;
7530: 0000;
7531: 0000;
7532: 0000;
7533: 0000;
7534: 0000;
7535: 0000;
7536: 0000;
7537: 0000;
7538: 0000;
7539: 0000;
753a: 0000;
753b: 0000;
753c: 0000;
753d: 0000;
753e: 0000;
753f: 0000;
7540: 0000;
7541: 0000;
7542: 0000;
7543: 0000;
7544: 0000;
7545: 0000;
7546: 0000;
7547: 0000;
7548: 0000;
7549: 0000;
754a: 0000;
754b: 0000;
754c: 0000;
754d: 0000;
754e: 0000;
754f: 0000;
7550: 0000;
7551: 0000;
7552: 0000;
7553: 0000;
7554: 0000;
7555: 0000;
7556: 0000;
7557: 0000;
7558: 0000;
7559: 0000;
755a: 0000;
755b: 0000;
755c: 0000;
755d: 0000;
755e: 0000;
755f: 0000;
7560: 0000;
7561: 0000;
7562: 0000;
7563: 0000;
7564: 0000;
7565: 0000;
7566: 0000;
7567: 0000;
7568: 0000;
7569: 0000;
756a: 0000;
756b: 0000;
756c: 0000;
756d: 0000;
756e: 0000;
756f: 0000;
7570: 0000;
7571: 0000;
7572: 0000;
7573: 0000;
7574: 0000;
7575: 0000;
7576: 0000;
7577: 0000;
7578: 0000;
7579: 0000;
757a: 0000;
757b: 0000;
757c: 0000;
757d: 0000;
757e: 0000;
757f: 0000;
7580: 0000;
7581: 0000;
7582: 0000;
7583: 0000;
7584: 0000;
7585: 0000;
7586: 0000;
7587: 0000;
7588: 0000;
7589: 0000;
758a: 0000;
758b: 0000;
758c: 0000;
758d: 0000;
758e: 0000;
758f: 0000;
7590: 0000;
7591: 0000;
7592: 0000;
7593: 0000;
7594: 0000;
7595: 0000;
7596: 0000;
7597: 0000;
7598: 0000;
7599: 0000;
759a: 0000;
759b: 0000;
759c: 0000;
759d: 0000;
759e: 0000;
759f: 0000;
75a0: 0000;
75a1: 0000;
75a2: 0000;
75a3: 0000;
75a4: 0000;
75a5: 0000;
75a6: 0000;
75a7: 0000;
75a8: 0000;
75a9: 0000;
75aa: 0000;
75ab: 0000;
75ac: 0000;
75ad: 0000;
75ae: 0000;
75af: 0000;
75b0: 0000;
75b1: 0000;
75b2: 0000;
75b3: 0000;
75b4: 0000;
75b5: 0000;
75b6: 0000;
75b7: 0000;
75b8: 0000;
75b9: 0000;
75ba: 0000;
75bb: 0000;
75bc: 0000;
75bd: 0000;
75be: 0000;
75bf: 0000;
75c0: 0000;
75c1: 0000;
75c2: 0000;
75c3: 0000;
75c4: 0000;
75c5: 0000;
75c6: 0000;
75c7: 0000;
75c8: 0000;
75c9: 0000;
75ca: 0000;
75cb: 0000;
75cc: 0000;
75cd: 0000;
75ce: 0000;
75cf: 0000;
75d0: 0000;
75d1: 0000;
75d2: 0000;
75d3: 0000;
75d4: 0000;
75d5: 0000;
75d6: 0000;
75d7: 0000;
75d8: 0000;
75d9: 0000;
75da: 0000;
75db: 0000;
75dc: 0000;
75dd: 0000;
75de: 0000;
75df: 0000;
75e0: 0000;
75e1: 0000;
75e2: 0000;
75e3: 0000;
75e4: 0000;
75e5: 0000;
75e6: 0000;
75e7: 0000;
75e8: 0000;
75e9: 0000;
75ea: 0000;
75eb: 0000;
75ec: 0000;
75ed: 0000;
75ee: 0000;
75ef: 0000;
75f0: 0000;
75f1: 0000;
75f2: 0000;
75f3: 0000;
75f4: 0000;
75f5: 0000;
75f6: 0000;
75f7: 0000;
75f8: 0000;
75f9: 0000;
75fa: 0000;
75fb: 0000;
75fc: 0000;
75fd: 0000;
75fe: 0000;
75ff: 0000;
7600: 0000;
7601: 0000;
7602: 0000;
7603: 0000;
7604: 0000;
7605: 0000;
7606: 0000;
7607: 0000;
7608: 0000;
7609: 0000;
760a: 0000;
760b: 0000;
760c: 0000;
760d: 0000;
760e: 0000;
760f: 0000;
7610: 0000;
7611: 0000;
7612: 0000;
7613: 0000;
7614: 0000;
7615: 0000;
7616: 0000;
7617: 0000;
7618: 0000;
7619: 0000;
761a: 0000;
761b: 0000;
761c: 0000;
761d: 0000;
761e: 0000;
761f: 0000;
7620: 0000;
7621: 0000;
7622: 0000;
7623: 0000;
7624: 0000;
7625: 0000;
7626: 0000;
7627: 0000;
7628: 0000;
7629: 0000;
762a: 0000;
762b: 0000;
762c: 0000;
762d: 0000;
762e: 0000;
762f: 0000;
7630: 0000;
7631: 0000;
7632: 0000;
7633: 0000;
7634: 0000;
7635: 0000;
7636: 0000;
7637: 0000;
7638: 0000;
7639: 0000;
763a: 0000;
763b: 0000;
763c: 0000;
763d: 0000;
763e: 0000;
763f: 0000;
7640: 0000;
7641: 0000;
7642: 0000;
7643: 0000;
7644: 0000;
7645: 0000;
7646: 0000;
7647: 0000;
7648: 0000;
7649: 0000;
764a: 0000;
764b: 0000;
764c: 0000;
764d: 0000;
764e: 0000;
764f: 0000;
7650: 0000;
7651: 0000;
7652: 0000;
7653: 0000;
7654: 0000;
7655: 0000;
7656: 0000;
7657: 0000;
7658: 0000;
7659: 0000;
765a: 0000;
765b: 0000;
765c: 0000;
765d: 0000;
765e: 0000;
765f: 0000;
7660: 0000;
7661: 0000;
7662: 0000;
7663: 0000;
7664: 0000;
7665: 0000;
7666: 0000;
7667: 0000;
7668: 0000;
7669: 0000;
766a: 0000;
766b: 0000;
766c: 0000;
766d: 0000;
766e: 0000;
766f: 0000;
7670: 0000;
7671: 0000;
7672: 0000;
7673: 0000;
7674: 0000;
7675: 0000;
7676: 0000;
7677: 0000;
7678: 0000;
7679: 0000;
767a: 0000;
767b: 0000;
767c: 0000;
767d: 0000;
767e: 0000;
767f: 0000;
7680: 0000;
7681: 0000;
7682: 0000;
7683: 0000;
7684: 0000;
7685: 0000;
7686: 0000;
7687: 0000;
7688: 0000;
7689: 0000;
768a: 0000;
768b: 0000;
768c: 0000;
768d: 0000;
768e: 0000;
768f: 0000;
7690: 0000;
7691: 0000;
7692: 0000;
7693: 0000;
7694: 0000;
7695: 0000;
7696: 0000;
7697: 0000;
7698: 0000;
7699: 0000;
769a: 0000;
769b: 0000;
769c: 0000;
769d: 0000;
769e: 0000;
769f: 0000;
76a0: 0000;
76a1: 0000;
76a2: 0000;
76a3: 0000;
76a4: 0000;
76a5: 0000;
76a6: 0000;
76a7: 0000;
76a8: 0000;
76a9: 0000;
76aa: 0000;
76ab: 0000;
76ac: 0000;
76ad: 0000;
76ae: 0000;
76af: 0000;
76b0: 0000;
76b1: 0000;
76b2: 0000;
76b3: 0000;
76b4: 0000;
76b5: 0000;
76b6: 0000;
76b7: 0000;
76b8: 0000;
76b9: 0000;
76ba: 0000;
76bb: 0000;
76bc: 0000;
76bd: 0000;
76be: 0000;
76bf: 0000;
76c0: 0000;
76c1: 0000;
76c2: 0000;
76c3: 0000;
76c4: 0000;
76c5: 0000;
76c6: 0000;
76c7: 0000;
76c8: 0000;
76c9: 0000;
76ca: 0000;
76cb: 0000;
76cc: 0000;
76cd: 0000;
76ce: 0000;
76cf: 0000;
76d0: 0000;
76d1: 0000;
76d2: 0000;
76d3: 0000;
76d4: 0000;
76d5: 0000;
76d6: 0000;
76d7: 0000;
76d8: 0000;
76d9: 0000;
76da: 0000;
76db: 0000;
76dc: 0000;
76dd: 0000;
76de: 0000;
76df: 0000;
76e0: 0000;
76e1: 0000;
76e2: 0000;
76e3: 0000;
76e4: 0000;
76e5: 0000;
76e6: 0000;
76e7: 0000;
76e8: 0000;
76e9: 0000;
76ea: 0000;
76eb: 0000;
76ec: 0000;
76ed: 0000;
76ee: 0000;
76ef: 0000;
76f0: 0000;
76f1: 0000;
76f2: 0000;
76f3: 0000;
76f4: 0000;
76f5: 0000;
76f6: 0000;
76f7: 0000;
76f8: 0000;
76f9: 0000;
76fa: 0000;
76fb: 0000;
76fc: 0000;
76fd: 0000;
76fe: 0000;
76ff: 0000;
END;